{"algo":"hccells-v6","fingerprint":"fca39c:rg1.15","cityId":"af-alg-oran","variant":"orig","shapelike":false,"hc":{"cellAfter":[["n3700106058",0,1],["n3884586003",1,5],["n3890757607",2,6],["n3890745439",3,3],["n3890757610",4,7],["n3884848352",5,2],["n1554977522",6,0],["n2273847462",7,4]],"stats":{"verts":8,"segs":7,"hvAfter":0,"ms":0,"base":"grid"}},"posts":{"stroke":{"cellAfter":[["n3890757610",4,7],["n3890757607",3,7],["n3884586003",1,7],["n3700106058",1,3],["n3890745439",3,3],["n3884848352",5,3],["n1554977522",6,3],["n2273847462",7,3]],"stats":{"hvBefore":0,"hvAfter":7,"hvdBefore":7,"hvdAfter":7,"segs":7,"verts":8,"moved":6,"passes":16,"reverted":false,"proposed":8,"revertedN":0,"batches":4,"strokes":1,"substrokes":4,"rounds":0,"clusterMoves":0,"groupsH":0,"groupsV":0,"comps":0,"fallback":0,"iters":4,"iterCap":20,"converged":true}},"rect":{"cellAfter":[["n3890757610",4,6],["n3890757607",4,5],["n3884586003",4,4],["n3700106058",4,3],["n3890745439",4,2],["n3884848352",5,2],["n1554977522",6,2],["n2273847462",7,2]],"stats":{"before":591804.8948742594,"after":94861.688132922,"rounds":3,"moved":7,"clusterMoves":1,"idealHop":1,"verts":8,"segs":7,"hvBefore":0,"hvAfter":7,"groupsH":0,"groupsV":0,"comps":0,"fallback":0,"passes":0,"reverted":false,"iters":2,"iterCap":20,"converged":true}},"milp":{"cellAfter":[["n3890757610",2,7],["n3890757607",0,7],["n3884586003",0,3],["n3700106058",0,0],["n3890745439",3,0],["n3884848352",6,0],["n1554977522",7,0],["n2273847462",7,1]],"stats":{"hvBefore":0,"hvAfter":7,"hvdBefore":7,"hvdAfter":7,"segs":7,"verts":8,"moved":8,"passes":9,"reverted":false,"proposed":0,"comps":5,"fallback":0,"rounds":0,"clusterMoves":0,"groupsH":0,"groupsV":0,"iters":5,"iterCap":20,"converged":true}},"force":{"cellAfter":[["n3890757610",4,7],["n3890757607",2,6],["n3884586003",1,5],["n3700106058",0,0],["n3890745439",5,5],["n3884848352",5,2],["n1554977522",7,0],["n2273847462",7,4]],"stats":{"hvBefore":0,"hvAfter":2,"hvdBefore":5,"hvdAfter":5,"segs":7,"verts":8,"moved":3,"passes":6,"reverted":false,"proposed":8,"revertedN":4,"batches":8,"rounds":120,"clusterMoves":0,"groupsH":0,"groupsV":0,"comps":0,"fallback":0,"iters":3,"iterCap":20,"converged":true}},"lsq":{"cellAfter":[["n3890757610",3,7],["n3890757607",2,6],["n3884586003",1,5],["n3700106058",1,1],["n3890745439",3,3],["n3884848352",5,2],["n1554977522",7,0],["n2273847462",7,4]],"stats":{"hvBefore":0,"hvAfter":2,"hvdBefore":6,"hvdAfter":6,"segs":7,"verts":8,"moved":3,"passes":3,"reverted":false,"proposed":0,"rounds":120,"clusterMoves":0,"groupsH":0,"groupsV":0,"comps":0,"fallback":0,"iters":2,"iterCap":20,"converged":true}},"octi":{"cellAfter":[["n3890757610",4,6],["n3890757607",2,6],["n3884586003",1,5],["n3700106058",0,1],["n3890745439",3,3],["n3884848352",5,1],["n1554977522",6,0],["n2273847462",6,4]],"stats":{"hvBefore":0,"hvAfter":2,"hvdBefore":5,"hvdAfter":5,"segs":7,"verts":8,"moved":3,"passes":6,"reverted":false,"proposed":2,"revertedN":1,"batches":8,"settled":8,"rounds":0,"clusterMoves":0,"groupsH":0,"groupsV":0,"comps":0,"fallback":0,"iters":2,"iterCap":20,"converged":true}},"path":{"cellAfter":[["n3890757610",2,6],["n3890757607",3,6],["n3884586003",3,5],["n3700106058",5,4],["n3890745439",4,4],["n3884848352",5,3],["n1554977522",6,2],["n2273847462",7,2]],"stats":{"hvBefore":0,"hvAfter":4,"hvdBefore":6,"hvdAfter":6,"segs":7,"verts":8,"moved":8,"passes":12,"reverted":false,"proposed":0,"revertedN":0,"batches":1,"chains":1,"links":1,"rounds":0,"clusterMoves":0,"groupsH":0,"groupsV":0,"comps":0,"fallback":0,"iters":6,"iterCap":20,"converged":true}},"sat":{"cellAfter":[["n3890757610",2,7],["n3890757607",0,7],["n3884586003",0,3],["n3700106058",0,0],["n3890745439",3,0],["n3884848352",6,0],["n1554977522",7,0],["n2273847462",7,1]],"stats":{"hvBefore":0,"hvAfter":7,"hvdBefore":7,"hvdAfter":7,"segs":7,"verts":8,"moved":8,"passes":9,"reverted":false,"proposed":0,"comps":5,"fallback":0,"rounds":0,"clusterMoves":0,"groupsH":0,"groupsV":0,"iters":5,"iterCap":20,"converged":true}}},"layouts":{},"loops":{"hc":{"cellAfter":[["n3890757610",2,2],["n3890757607",1,2],["n3884586003",0,2],["n3700106058",0,1],["n3890745439",2,1],["n3884848352",3,1],["n1554977522",3,0],["n2273847462",4,0]],"stats":{"hvBefore":0,"hvAfter":7,"segs":7,"verts":8,"moved":14,"lineMoved":0,"gatherMoved":0,"rounds":2,"roundCap":200,"converged":true,"fromCols":8,"fromRows":8,"cols":5,"rows":3,"emptyCols":[],"emptyRows":[],"dense":true},"cols":5,"rows":3},"stroke":{"cellAfter":[["n3890757610",2,1],["n3890757607",1,1],["n3884586003",0,1],["n3700106058",0,0],["n3890745439",1,0],["n3884848352",2,0],["n1554977522",3,0],["n2273847462",4,0]],"stats":{"hvBefore":7,"hvAfter":7,"segs":7,"verts":8,"moved":0,"lineMoved":0,"gatherMoved":1,"rounds":2,"roundCap":200,"converged":true,"fromCols":8,"fromRows":8,"cols":5,"rows":2,"emptyCols":[],"emptyRows":[],"dense":true},"cols":5,"rows":2},"rect":{"cellAfter":[["n3890757610",0,4],["n3890757607",0,3],["n3884586003",0,2],["n3700106058",0,1],["n3890745439",0,0],["n3884848352",1,0],["n1554977522",2,0],["n2273847462",3,0]],"stats":{"hvBefore":7,"hvAfter":7,"segs":7,"verts":8,"moved":0,"lineMoved":0,"gatherMoved":0,"rounds":1,"roundCap":200,"converged":true,"fromCols":8,"fromRows":8,"cols":4,"rows":5,"emptyCols":[],"emptyRows":[],"dense":true},"cols":4,"rows":5},"milp":{"cellAfter":[["n3890757610",1,2],["n3890757607",0,2],["n3884586003",0,1],["n3700106058",0,0],["n3890745439",1,0],["n3884848352",2,0],["n1554977522",3,0],["n2273847462",3,1]],"stats":{"hvBefore":7,"hvAfter":7,"segs":7,"verts":8,"moved":0,"lineMoved":0,"gatherMoved":2,"rounds":2,"roundCap":200,"converged":true,"fromCols":8,"fromRows":8,"cols":4,"rows":3,"emptyCols":[],"emptyRows":[],"dense":true},"cols":4,"rows":3},"force":{"cellAfter":[["n3890757610",1,2],["n3890757607",0,2],["n3884586003",0,1],["n3700106058",0,0],["n3890745439",1,1],["n3884848352",1,0],["n1554977522",2,0],["n2273847462",2,1]],"stats":{"hvBefore":2,"hvAfter":6,"segs":7,"verts":8,"moved":4,"lineMoved":2,"gatherMoved":1,"rounds":2,"roundCap":200,"converged":true,"fromCols":8,"fromRows":8,"cols":3,"rows":3,"emptyCols":[],"emptyRows":[],"dense":true},"cols":3,"rows":3},"lsq":{"cellAfter":[["n3890757610",1,3],["n3890757607",1,2],["n3884586003",0,2],["n3700106058",0,1],["n3890745439",1,1],["n3884848352",2,1],["n1554977522",2,0],["n2273847462",3,0]],"stats":{"hvBefore":2,"hvAfter":7,"segs":7,"verts":8,"moved":9,"lineMoved":0,"gatherMoved":0,"rounds":2,"roundCap":200,"converged":true,"fromCols":8,"fromRows":8,"cols":4,"rows":4,"emptyCols":[],"emptyRows":[],"dense":true},"cols":4,"rows":4},"octi":{"cellAfter":[["n3890757610",2,1],["n3890757607",1,1],["n3884586003",0,1],["n3700106058",0,0],["n3890745439",2,0],["n3884848352",3,0],["n1554977522",4,0],["n2273847462",4,1]],"stats":{"hvBefore":2,"hvAfter":7,"segs":7,"verts":8,"moved":7,"lineMoved":2,"gatherMoved":0,"rounds":2,"roundCap":200,"converged":true,"fromCols":8,"fromRows":8,"cols":5,"rows":2,"emptyCols":[],"emptyRows":[],"dense":true},"cols":5,"rows":2},"path":{"cellAfter":[["n3890757610",0,3],["n3890757607",1,3],["n3884586003",1,2],["n3700106058",2,2],["n3890745439",2,1],["n3884848352",3,1],["n1554977522",3,0],["n2273847462",4,0]],"stats":{"hvBefore":4,"hvAfter":7,"segs":7,"verts":8,"moved":4,"lineMoved":0,"gatherMoved":0,"rounds":2,"roundCap":200,"converged":true,"fromCols":8,"fromRows":8,"cols":5,"rows":4,"emptyCols":[],"emptyRows":[],"dense":true},"cols":5,"rows":4},"sat":{"cellAfter":[["n3890757610",1,2],["n3890757607",0,2],["n3884586003",0,1],["n3700106058",0,0],["n3890745439",1,0],["n3884848352",2,0],["n1554977522",3,0],["n2273847462",3,1]],"stats":{"hvBefore":7,"hvAfter":7,"segs":7,"verts":8,"moved":0,"lineMoved":0,"gatherMoved":2,"rounds":2,"roundCap":200,"converged":true,"fromCols":8,"fromRows":8,"cols":4,"rows":3,"emptyCols":[],"emptyRows":[],"dense":true},"cols":4,"rows":3}},