{"algo":"hccells-v8","fingerprint":"fca39c:rg1.15","cityId":"af-alg-oran","variant":"rot","shapelike":false,"hc":{"cellAfter":[["n3884586003",0,1],["n3890757607",1,5],["n3890757610",2,7],["n3700106058",3,0],["n3890745439",4,2],["n3884848352",5,3],["n2273847462",6,6],["n1554977522",7,4]],"stats":{"verts":8,"segs":7,"hvAfter":0,"ms":0,"base":"grid"}},"posts":{"stroke":{"cellAfter":[["n3890757610",2,7],["n3890757607",2,5],["n3884586003",2,1],["n3700106058",5,1],["n3890745439",5,2],["n3884848352",5,3],["n1554977522",5,4],["n2273847462",5,6]],"stats":{"hvBefore":0,"hvAfter":7,"hvdBefore":7,"hvdAfter":7,"segs":7,"verts":8,"moved":6,"passes":13,"reverted":false,"proposed":9,"revertedN":0,"batches":4,"strokes":1,"substrokes":4,"rounds":0,"clusterMoves":0,"groupsH":0,"groupsV":0,"comps":0,"fallback":0,"iters":3,"iterCap":20,"converged":true}},"rect":{"cellAfter":[["n3890757610",1,7],["n3890757607",1,6],["n3884586003",1,5],["n3700106058",1,3],["n3890745439",3,3],["n3884848352",5,3],["n1554977522",6,3],["n2273847462",7,3]],"stats":{"before":469187.2778675164,"after":94915.02146625535,"rounds":5,"moved":7,"clusterMoves":2,"idealHop":1,"verts":8,"segs":7,"hvBefore":0,"hvAfter":7,"groupsH":0,"groupsV":0,"comps":0,"fallback":0,"passes":0,"reverted":false,"iters":2,"iterCap":20,"converged":true}},"milp":{"cellAfter":[["n3890757610",0,7],["n3890757607",0,4],["n3884586003",0,0],["n3700106058",3,0],["n3890745439",7,0],["n3884848352",7,1],["n1554977522",7,5],["n2273847462",7,7]],"stats":{"hvBefore":0,"hvAfter":7,"hvdBefore":7,"hvdAfter":7,"segs":7,"verts":8,"moved":7,"passes":7,"reverted":false,"proposed":0,"comps":4,"fallback":0,"rounds":0,"clusterMoves":0,"groupsH":0,"groupsV":0,"iters":4,"iterCap":20,"converged":true}},"force":{"cellAfter":[["n3890757610",0,5],["n3890757607",0,3],["n3884586003",0,0],["n3700106058",1,0],["n3890745439",2,0],["n3884848352",5,3],["n1554977522",5,4],["n2273847462",4,4]],"stats":{"hvBefore":0,"hvAfter":6,"hvdBefore":7,"hvdAfter":7,"segs":7,"verts":8,"moved":7,"passes":14,"reverted":false,"proposed":7,"revertedN":2,"batches":8,"rounds":120,"clusterMoves":0,"groupsH":0,"groupsV":0,"comps":0,"fallback":0,"iters":3,"iterCap":20,"converged":true}},"lsq":{"cellAfter":[["n3890757610",2,6],["n3890757607",0,4],["n3884586003",0,1],["n3700106058",4,1],["n3890745439",4,3],["n3884848352",5,3],["n1554977522",7,5],["n2273847462",6,5]],"stats":{"hvBefore":0,"hvAfter":5,"hvdBefore":7,"hvdAfter":7,"segs":7,"verts":8,"moved":6,"passes":5,"reverted":false,"proposed":0,"rounds":180,"clusterMoves":0,"groupsH":0,"groupsV":0,"comps":0,"fallback":0,"iters":3,"iterCap":20,"converged":true}},"octi":{"cellAfter":[["n3890757610",2,7],["n3890757607",0,5],["n3884586003",0,0],["n3700106058",3,0],["n3890745439",4,2],["n3884848352",5,3],["n1554977522",6,4],["n2273847462",6,6]],"stats":{"hvBefore":0,"hvAfter":3,"hvdBefore":6,"hvdAfter":6,"segs":7,"verts":8,"moved":3,"passes":6,"reverted":false,"proposed":0,"revertedN":0,"batches":8,"settled":8,"rounds":0,"clusterMoves":0,"groupsH":0,"groupsV":0,"comps":0,"fallback":0,"iters":2,"iterCap":20,"converged":true}},"path":{"cellAfter":[["n3890757610",4,7],["n3890757607",4,5],["n3884586003",2,1],["n3700106058",4,0],["n3890745439",4,2],["n3884848352",4,3],["n1554977522",7,3],["n2273847462",6,4]],"stats":{"hvBefore":0,"hvAfter":4,"hvdBefore":5,"hvdAfter":5,"segs":7,"verts":8,"moved":7,"passes":8,"reverted":false,"proposed":2,"revertedN":0,"batches":1,"chains":1,"links":2,"rounds":0,"clusterMoves":0,"groupsH":0,"groupsV":0,"comps":0,"fallback":0,"iters":4,"iterCap":20,"converged":true}},"sat":{"cellAfter":[["n3890757610",0,7],["n3890757607",0,4],["n3884586003",0,0],["n3700106058",3,0],["n3890745439",7,0],["n3884848352",7,1],["n1554977522",7,5],["n2273847462",7,7]],"stats":{"hvBefore":0,"hvAfter":7,"hvdBefore":7,"hvdAfter":7,"segs":7,"verts":8,"moved":7,"passes":7,"reverted":false,"proposed":0,"comps":4,"fallback":0,"rounds":0,"clusterMoves":0,"groupsH":0,"groupsV":0,"iters":4,"iterCap":20,"converged":true}}},"layouts":{},"loops":{"hc":{"cellAfter":[["n3890757610",0,4],["n3890757607",0,3],["n3884586003",0,0],["n3700106058",1,0],["n3890745439",1,1],["n3884848352",1,2],["n1554977522",2,2],["n2273847462",2,3]],"stats":{"hvBefore":0,"hvAfter":7,"segs":7,"verts":8,"moved":8,"lineMoved":0,"gatherMoved":0,"rounds":2,"roundCap":200,"converged":true,"fromCols":8,"fromRows":8,"cols":3,"rows":5,"emptyCols":[],"emptyRows":[],"dense":true},"cols":3,"rows":5},"stroke":{"cellAfter":[["n3890757610",0,5],["n3890757607",0,4],["n3884586003",0,0],["n3700106058",1,0],["n3890745439",1,1],["n3884848352",1,2],["n1554977522",1,3],["n2273847462",1,4]],"stats":{"hvBefore":7,"hvAfter":7,"segs":7,"verts":8,"moved":1,"lineMoved":0,"gatherMoved":0,"rounds":2,"roundCap":200,"converged":true,"fromCols":8,"fromRows":8,"cols":2,"rows":6,"emptyCols":[],"emptyRows":[],"dense":true},"cols":2,"rows":6},"rect":{"cellAfter":[["n3890757610",0,3],["n3890757607",0,2],["n3884586003",0,1],["n3700106058",0,0],["n3890745439",1,0],["n3884848352",2,0],["n1554977522",3,0],["n2273847462",4,0]],"stats":{"hvBefore":7,"hvAfter":7,"segs":7,"verts":8,"moved":0,"lineMoved":0,"gatherMoved":0,"rounds":1,"roundCap":200,"converged":true,"fromCols":8,"fromRows":8,"cols":5,"rows":4,"emptyCols":[],"emptyRows":[],"dense":true},"cols":5,"rows":4},"milp":{"cellAfter":[["n3890757610",0,2],["n3890757607",0,1],["n3884586003",0,0],["n3700106058",1,0],["n3890745439",2,0],["n3884848352",2,1],["n1554977522",2,2],["n2273847462",2,3]],"stats":{"hvBefore":7,"hvAfter":7,"segs":7,"verts":8,"moved":1,"lineMoved":0,"gatherMoved":1,"rounds":2,"roundCap":200,"converged":true,"fromCols":8,"fromRows":8,"cols":3,"rows":4,"emptyCols":[],"emptyRows":[],"dense":true},"cols":3,"rows":4},"force":{"cellAfter":[["n3890757610",0,2],["n3890757607",0,1],["n3884586003",0,0],["n3700106058",1,0],["n3890745439",2,0],["n3884848352",3,0],["n1554977522",3,1],["n2273847462",2,1]],"stats":{"hvBefore":6,"hvAfter":7,"segs":7,"verts":8,"moved":2,"lineMoved":1,"gatherMoved":1,"rounds":2,"roundCap":200,"converged":true,"fromCols":8,"fromRows":8,"cols":4,"rows":3,"emptyCols":[],"emptyRows":[],"dense":true},"cols":4,"rows":3},"lsq":{"cellAfter":[["n3890757610",1,1],["n3890757607",0,1],["n3884586003",0,0],["n3700106058",2,0],["n3890745439",2,1],["n3884848352",3,1],["n1554977522",4,1],["n2273847462",4,2]],"stats":{"hvBefore":5,"hvAfter":7,"segs":7,"verts":8,"moved":4,"lineMoved":2,"gatherMoved":0,"rounds":2,"roundCap":200,"converged":true,"fromCols":8,"fromRows":8,"cols":5,"rows":3,"emptyCols":[],"emptyRows":[],"dense":true},"cols":5,"rows":3},"octi":{"cellAfter":[["n3890757610",0,4],["n3890757607",0,3],["n3884586003",0,0],["n3700106058",1,0],["n3890745439",1,1],["n3884848352",1,2],["n1554977522",2,2],["n2273847462",2,3]],"stats":{"hvBefore":3,"hvAfter":7,"segs":7,"verts":8,"moved":6,"lineMoved":0,"gatherMoved":0,"rounds":2,"roundCap":200,"converged":true,"fromCols":8,"fromRows":8,"cols":3,"rows":5,"emptyCols":[],"emptyRows":[],"dense":true},"cols":3,"rows":5},"path":{"cellAfter":[["n3890757610",0,4],["n3890757607",0,3],["n3884586003",0,0],["n3700106058",1,0],["n3890745439",1,1],["n3884848352",1,2],["n1554977522",2,2],["n2273847462",2,3]],"stats":{"hvBefore":4,"hvAfter":7,"segs":7,"verts":8,"moved":2,"lineMoved":1,"gatherMoved":0,"rounds":2,"roundCap":200,"converged":true,"fromCols":8,"fromRows":8,"cols":3,"rows":5,"emptyCols":[],"emptyRows":[],"dense":true},"cols":3,"rows":5},"sat":{"cellAfter":[["n3890757610",0,2],["n3890757607",0,1],["n3884586003",0,0],["n3700106058",1,0],["n3890745439",2,0],["n3884848352",2,1],["n1554977522",2,2],["n2273847462",2,3]],"stats":{"hvBefore":7,"hvAfter":7,"segs":7,"verts":8,"moved":1,"lineMoved":0,"gatherMoved":1,"rounds":2,"roundCap":200,"converged":true,"fromCols":8,"fromRows":8,"cols":3,"rows":4,"emptyCols":[],"emptyRows":[],"dense":true},"cols":3,"rows":4}},