{"algo":"hccells-v6","fingerprint":"fca39c:rg1.15","cityId":"af-alg-oran","variant":"rot","shapelike":false,"hc":{"cellAfter":[["n3884586003",0,1],["n3890757607",1,5],["n3890757610",2,7],["n3700106058",3,0],["n3890745439",4,2],["n3884848352",5,3],["n2273847462",6,6],["n1554977522",7,4]],"stats":{"verts":8,"segs":7,"hvAfter":0,"ms":0,"base":"grid"}},"posts":{"stroke":{"cellAfter":[["n3890757610",3,7],["n3890757607",2,7],["n3884586003",2,1],["n3700106058",5,1],["n3890745439",5,2],["n3884848352",5,3],["n1554977522",5,4],["n2273847462",5,6]],"stats":{"hvBefore":0,"hvAfter":7,"hvdBefore":7,"hvdAfter":7,"segs":7,"verts":8,"moved":7,"passes":17,"reverted":false,"proposed":7,"revertedN":0,"batches":4,"strokes":1,"substrokes":4,"rounds":0,"clusterMoves":0,"groupsH":0,"groupsV":0,"comps":0,"fallback":0,"iters":5,"iterCap":20,"converged":true}},"rect":{"cellAfter":[["n3890757610",1,7],["n3890757607",1,6],["n3884586003",1,5],["n3700106058",1,3],["n3890745439",3,3],["n3884848352",5,3],["n1554977522",6,3],["n2273847462",7,3]],"stats":{"before":469187.2778675164,"after":94915.02146625535,"rounds":5,"moved":7,"clusterMoves":2,"idealHop":1,"verts":8,"segs":7,"hvBefore":0,"hvAfter":7,"groupsH":0,"groupsV":0,"comps":0,"fallback":0,"passes":0,"reverted":false,"iters":2,"iterCap":20,"converged":true}},"milp":{"cellAfter":[["n3890757610",0,7],["n3890757607",0,4],["n3884586003",0,0],["n3700106058",3,0],["n3890745439",7,0],["n3884848352",7,1],["n1554977522",7,5],["n2273847462",7,7]],"stats":{"hvBefore":0,"hvAfter":7,"hvdBefore":7,"hvdAfter":7,"segs":7,"verts":8,"moved":7,"passes":7,"reverted":false,"proposed":0,"comps":4,"fallback":0,"rounds":0,"clusterMoves":0,"groupsH":0,"groupsV":0,"iters":4,"iterCap":20,"converged":true}},"force":{"cellAfter":[["n3890757610",0,5],["n3890757607",0,3],["n3884586003",0,1],["n3700106058",1,0],["n3890745439",2,0],["n3884848352",5,3],["n1554977522",7,4],["n2273847462",4,4]],"stats":{"hvBefore":0,"hvAfter":4,"hvdBefore":6,"hvdAfter":6,"segs":7,"verts":8,"moved":5,"passes":10,"reverted":false,"proposed":8,"revertedN":3,"batches":8,"rounds":80,"clusterMoves":0,"groupsH":0,"groupsV":0,"comps":0,"fallback":0,"iters":2,"iterCap":20,"converged":true}},"lsq":{"cellAfter":[["n3890757610",2,6],["n3890757607",0,4],["n3884586003",0,1],["n3700106058",4,1],["n3890745439",5,2],["n3884848352",5,3],["n1554977522",7,5],["n2273847462",6,6]],"stats":{"hvBefore":0,"hvAfter":3,"hvdBefore":7,"hvdAfter":7,"segs":7,"verts":8,"moved":5,"passes":3,"reverted":false,"proposed":0,"rounds":120,"clusterMoves":0,"groupsH":0,"groupsV":0,"comps":0,"fallback":0,"iters":2,"iterCap":20,"converged":true}},"octi":{"cellAfter":[["n3890757610",2,7],["n3890757607",0,5],["n3884586003",0,0],["n3700106058",3,0],["n3890745439",4,2],["n3884848352",5,3],["n1554977522",6,4],["n2273847462",6,6]],"stats":{"hvBefore":0,"hvAfter":3,"hvdBefore":6,"hvdAfter":6,"segs":7,"verts":8,"moved":3,"passes":6,"reverted":false,"proposed":0,"revertedN":0,"batches":8,"settled":8,"rounds":0,"clusterMoves":0,"groupsH":0,"groupsV":0,"comps":0,"fallback":0,"iters":2,"iterCap":20,"converged":true}},"path":{"cellAfter":[["n3890757610",3,7],["n3890757607",3,5],["n3884586003",2,1],["n3700106058",3,0],["n3890745439",4,2],["n3884848352",5,3],["n1554977522",7,5],["n2273847462",6,5]],"stats":{"hvBefore":0,"hvAfter":2,"hvdBefore":5,"hvdAfter":5,"segs":7,"verts":8,"moved":5,"passes":4,"reverted":false,"proposed":7,"revertedN":0,"batches":1,"chains":1,"links":2,"rounds":0,"clusterMoves":0,"groupsH":0,"groupsV":0,"comps":0,"fallback":0,"iters":2,"iterCap":20,"converged":true}},"sat":{"cellAfter":[["n3890757610",0,7],["n3890757607",0,4],["n3884586003",0,0],["n3700106058",3,0],["n3890745439",7,0],["n3884848352",7,1],["n1554977522",7,5],["n2273847462",7,7]],"stats":{"hvBefore":0,"hvAfter":7,"hvdBefore":7,"hvdAfter":7,"segs":7,"verts":8,"moved":7,"passes":7,"reverted":false,"proposed":0,"comps":4,"fallback":0,"rounds":0,"clusterMoves":0,"groupsH":0,"groupsV":0,"iters":4,"iterCap":20,"converged":true}}},"layouts":{},"loops":{"hc":{"cellAfter":[["n3890757610",0,4],["n3890757607",0,3],["n3884586003",0,0],["n3700106058",1,0],["n3890745439",1,1],["n3884848352",1,2],["n1554977522",2,2],["n2273847462",2,3]],"stats":{"hvBefore":0,"hvAfter":7,"segs":7,"verts":8,"moved":8,"lineMoved":0,"gatherMoved":0,"rounds":2,"roundCap":200,"converged":true,"fromCols":8,"fromRows":8,"cols":3,"rows":5,"emptyCols":[],"emptyRows":[],"dense":true},"cols":3,"rows":5},"stroke":{"cellAfter":[["n3890757610",1,4],["n3890757607",0,4],["n3884586003",0,0],["n3700106058",2,0],["n3890745439",2,1],["n3884848352",2,2],["n1554977522",2,3],["n2273847462",2,4]],"stats":{"hvBefore":7,"hvAfter":7,"segs":7,"verts":8,"moved":0,"lineMoved":1,"gatherMoved":0,"rounds":2,"roundCap":200,"converged":true,"fromCols":8,"fromRows":8,"cols":3,"rows":5,"emptyCols":[],"emptyRows":[],"dense":true},"cols":3,"rows":5},"rect":{"cellAfter":[["n3890757610",0,3],["n3890757607",0,2],["n3884586003",0,1],["n3700106058",0,0],["n3890745439",1,0],["n3884848352",2,0],["n1554977522",3,0],["n2273847462",4,0]],"stats":{"hvBefore":7,"hvAfter":7,"segs":7,"verts":8,"moved":0,"lineMoved":0,"gatherMoved":0,"rounds":1,"roundCap":200,"converged":true,"fromCols":8,"fromRows":8,"cols":5,"rows":4,"emptyCols":[],"emptyRows":[],"dense":true},"cols":5,"rows":4},"milp":{"cellAfter":[["n3890757610",0,2],["n3890757607",0,1],["n3884586003",0,0],["n3700106058",1,0],["n3890745439",2,0],["n3884848352",2,1],["n1554977522",2,2],["n2273847462",2,3]],"stats":{"hvBefore":7,"hvAfter":7,"segs":7,"verts":8,"moved":1,"lineMoved":0,"gatherMoved":1,"rounds":2,"roundCap":200,"converged":true,"fromCols":8,"fromRows":8,"cols":3,"rows":4,"emptyCols":[],"emptyRows":[],"dense":true},"cols":3,"rows":4},"force":{"cellAfter":[["n3890757610",0,3],["n3890757607",0,2],["n3884586003",0,1],["n3700106058",0,0],["n3890745439",1,0],["n3884848352",2,0],["n1554977522",2,3],["n2273847462",1,3]],"stats":{"hvBefore":4,"hvAfter":7,"segs":7,"verts":8,"moved":5,"lineMoved":0,"gatherMoved":1,"rounds":2,"roundCap":200,"converged":true,"fromCols":8,"fromRows":8,"cols":3,"rows":4,"emptyCols":[],"emptyRows":[],"dense":true},"cols":3,"rows":4},"lsq":{"cellAfter":[["n3890757610",0,3],["n3890757607",0,2],["n3884586003",0,0],["n3700106058",1,0],["n3890745439",1,1],["n3884848352",1,2],["n1554977522",1,3],["n2273847462",2,3]],"stats":{"hvBefore":3,"hvAfter":7,"segs":7,"verts":8,"moved":5,"lineMoved":0,"gatherMoved":1,"rounds":2,"roundCap":200,"converged":true,"fromCols":8,"fromRows":8,"cols":3,"rows":4,"emptyCols":[],"emptyRows":[],"dense":true},"cols":3,"rows":4},"octi":{"cellAfter":[["n3890757610",0,4],["n3890757607",0,3],["n3884586003",0,0],["n3700106058",1,0],["n3890745439",1,1],["n3884848352",1,2],["n1554977522",2,2],["n2273847462",2,3]],"stats":{"hvBefore":3,"hvAfter":7,"segs":7,"verts":8,"moved":5,"lineMoved":0,"gatherMoved":0,"rounds":2,"roundCap":200,"converged":true,"fromCols":8,"fromRows":8,"cols":3,"rows":5,"emptyCols":[],"emptyRows":[],"dense":true},"cols":3,"rows":5},"path":{"cellAfter":[["n3890757610",0,3],["n3890757607",0,2],["n3884586003",0,1],["n3700106058",0,0],["n3890745439",1,0],["n3884848352",1,1],["n1554977522",2,1],["n2273847462",2,2]],"stats":{"hvBefore":2,"hvAfter":7,"segs":7,"verts":8,"moved":8,"lineMoved":1,"gatherMoved":0,"rounds":2,"roundCap":200,"converged":true,"fromCols":8,"fromRows":8,"cols":3,"rows":4,"emptyCols":[],"emptyRows":[],"dense":true},"cols":3,"rows":4},"sat":{"cellAfter":[["n3890757610",0,2],["n3890757607",0,1],["n3884586003",0,0],["n3700106058",1,0],["n3890745439",2,0],["n3884848352",2,1],["n1554977522",2,2],["n2273847462",2,3]],"stats":{"hvBefore":7,"hvAfter":7,"segs":7,"verts":8,"moved":1,"lineMoved":0,"gatherMoved":1,"rounds":2,"roundCap":200,"converged":true,"fromCols":8,"fromRows":8,"cols":3,"rows":4,"emptyCols":[],"emptyRows":[],"dense":true},"cols":3,"rows":4}},