{"algo":"hccells-v8","fingerprint":"qjysu8:rg1.15","cityId":"af-alg-ouargla","variant":"orig","shapelike":false,"hc":{"cellAfter":[["n5201114708",0,2],["n5501907013",1,0],["n5501907127",2,5],["n5501907131",3,4],["n5189495446",4,3],["n5190429100",5,1]],"stats":{"verts":6,"segs":5,"hvAfter":0,"ms":0,"base":"grid"}},"posts":{"stroke":{"cellAfter":[["n5190429100",5,1],["n5189495446",5,4],["n5501907131",3,4],["n5501907127",2,4],["n5201114708",2,2],["n5501907013",2,0]],"stats":{"hvBefore":0,"hvAfter":5,"hvdBefore":5,"hvdAfter":5,"segs":5,"verts":6,"moved":4,"passes":7,"reverted":false,"proposed":6,"revertedN":0,"batches":4,"strokes":1,"substrokes":4,"rounds":0,"clusterMoves":0,"groupsH":0,"groupsV":0,"comps":0,"fallback":0,"iters":2,"iterCap":20,"converged":true}},"rect":{"cellAfter":[["n5190429100",5,2],["n5189495446",4,3],["n5501907131",3,4],["n5501907127",2,5],["n5201114708",1,5],["n5501907013",0,5]],"stats":{"before":315026.1563447763,"after":130706.39144500226,"rounds":3,"moved":3,"clusterMoves":0,"idealHop":1,"verts":6,"segs":5,"hvBefore":0,"hvAfter":2,"groupsH":0,"groupsV":0,"comps":0,"fallback":0,"passes":0,"reverted":false,"iters":2,"iterCap":20,"converged":true}},"milp":{"cellAfter":[["n5190429100",5,0],["n5189495446",5,3],["n5501907131",3,5],["n5501907127",0,5],["n5201114708",0,3],["n5501907013",0,0]],"stats":{"hvBefore":0,"hvAfter":4,"hvdBefore":5,"hvdAfter":5,"segs":5,"verts":6,"moved":6,"passes":5,"reverted":false,"proposed":0,"comps":3,"fallback":0,"rounds":0,"clusterMoves":0,"groupsH":0,"groupsV":0,"iters":3,"iterCap":20,"converged":true}},"force":{"cellAfter":[["n5190429100",5,1],["n5189495446",4,1],["n5501907131",1,5],["n5501907127",0,5],["n5201114708",0,0],["n5501907013",1,0]],"stats":{"hvBefore":0,"hvAfter":4,"hvdBefore":4,"hvdAfter":4,"segs":5,"verts":6,"moved":4,"passes":8,"reverted":false,"proposed":5,"revertedN":0,"batches":6,"rounds":120,"clusterMoves":0,"groupsH":0,"groupsV":0,"comps":0,"fallback":0,"iters":3,"iterCap":20,"converged":true}},"lsq":{"cellAfter":[["n5190429100",5,1],["n5189495446",3,3],["n5501907131",3,4],["n5501907127",1,4],["n5201114708",0,2],["n5501907013",1,0]],"stats":{"hvBefore":0,"hvAfter":2,"hvdBefore":3,"hvdAfter":3,"segs":5,"verts":6,"moved":2,"passes":3,"reverted":false,"proposed":0,"rounds":120,"clusterMoves":0,"groupsH":0,"groupsV":0,"comps":0,"fallback":0,"iters":2,"iterCap":20,"converged":true}},"octi":{"cellAfter":[["n5190429100",4,1],["n5189495446",4,3],["n5501907131",3,4],["n5501907127",2,5],["n5201114708",0,2],["n5501907013",0,0]],"stats":{"hvBefore":0,"hvAfter":2,"hvdBefore":4,"hvdAfter":4,"segs":5,"verts":6,"moved":2,"passes":4,"reverted":false,"proposed":0,"revertedN":0,"batches":6,"settled":6,"rounds":0,"clusterMoves":0,"groupsH":0,"groupsV":0,"comps":0,"fallback":0,"iters":2,"iterCap":20,"converged":true}},"path":{"cellAfter":[["n5190429100",5,3],["n5189495446",4,3],["n5501907131",4,4],["n5501907127",4,5],["n5201114708",0,0],["n5501907013",2,0]],"stats":{"hvBefore":0,"hvAfter":4,"hvdBefore":4,"hvdAfter":4,"segs":5,"verts":6,"moved":5,"passes":5,"reverted":false,"proposed":2,"revertedN":0,"batches":1,"chains":1,"links":3,"rounds":0,"clusterMoves":0,"groupsH":0,"groupsV":0,"comps":0,"fallback":0,"iters":3,"iterCap":20,"converged":true}},"sat":{"cellAfter":[["n5190429100",5,0],["n5189495446",5,3],["n5501907131",3,5],["n5501907127",0,5],["n5201114708",0,3],["n5501907013",0,0]],"stats":{"hvBefore":0,"hvAfter":4,"hvdBefore":5,"hvdAfter":5,"segs":5,"verts":6,"moved":6,"passes":5,"reverted":false,"proposed":0,"comps":3,"fallback":0,"rounds":0,"clusterMoves":0,"groupsH":0,"groupsV":0,"iters":3,"iterCap":20,"converged":true}}},"layouts":{},"loops":{"hc":{"cellAfter":[["n5190429100",3,0],["n5189495446",3,1],["n5501907131",2,1],["n5501907127",1,1],["n5201114708",1,0],["n5501907013",0,0]],"stats":{"hvBefore":0,"hvAfter":5,"segs":5,"verts":6,"moved":5,"lineMoved":1,"gatherMoved":0,"rounds":2,"roundCap":200,"converged":true,"fromCols":6,"fromRows":6,"cols":4,"rows":2,"emptyCols":[],"emptyRows":[],"dense":true},"cols":4,"rows":2},"stroke":{"cellAfter":[["n5190429100",2,1],["n5189495446",2,2],["n5501907131",1,2],["n5501907127",0,2],["n5201114708",0,1],["n5501907013",0,0]],"stats":{"hvBefore":5,"hvAfter":5,"segs":5,"verts":6,"moved":1,"lineMoved":0,"gatherMoved":0,"rounds":2,"roundCap":200,"converged":true,"fromCols":6,"fromRows":6,"cols":3,"rows":3,"emptyCols":[],"emptyRows":[],"dense":true},"cols":3,"rows":3},"rect":{"cellAfter":[["n5190429100",3,0],["n5189495446",2,0],["n5501907131",2,1],["n5501907127",2,2],["n5201114708",1,2],["n5501907013",0,2]],"stats":{"hvBefore":2,"hvAfter":5,"segs":5,"verts":6,"moved":2,"lineMoved":0,"gatherMoved":0,"rounds":2,"roundCap":200,"converged":true,"fromCols":6,"fromRows":6,"cols":4,"rows":3,"emptyCols":[],"emptyRows":[],"dense":true},"cols":4,"rows":3},"milp":{"cellAfter":[["n5190429100",2,1],["n5189495446",2,2],["n5501907131",1,2],["n5501907127",0,2],["n5201114708",0,1],["n5501907013",0,0]],"stats":{"hvBefore":4,"hvAfter":5,"segs":5,"verts":6,"moved":2,"lineMoved":0,"gatherMoved":0,"rounds":2,"roundCap":200,"converged":true,"fromCols":6,"fromRows":6,"cols":3,"rows":3,"emptyCols":[],"emptyRows":[],"dense":true},"cols":3,"rows":3},"force":{"cellAfter":[["n5190429100",2,0],["n5189495446",2,1],["n5501907131",1,1],["n5501907127",0,1],["n5201114708",0,0],["n5501907013",1,0]],"stats":{"hvBefore":4,"hvAfter":5,"segs":5,"verts":6,"moved":1,"lineMoved":1,"gatherMoved":0,"rounds":2,"roundCap":200,"converged":true,"fromCols":6,"fromRows":6,"cols":3,"rows":2,"emptyCols":[],"emptyRows":[],"dense":true},"cols":3,"rows":2},"lsq":{"cellAfter":[["n5190429100",2,1],["n5189495446",2,2],["n5501907131",1,2],["n5501907127",0,2],["n5201114708",0,1],["n5501907013",0,0]],"stats":{"hvBefore":2,"hvAfter":5,"segs":5,"verts":6,"moved":3,"lineMoved":0,"gatherMoved":0,"rounds":2,"roundCap":200,"converged":true,"fromCols":6,"fromRows":6,"cols":3,"rows":3,"emptyCols":[],"emptyRows":[],"dense":true},"cols":3,"rows":3},"octi":{"cellAfter":[["n5190429100",3,0],["n5189495446",3,1],["n5501907131",2,1],["n5501907127",1,1],["n5201114708",1,0],["n5501907013",0,0]],"stats":{"hvBefore":2,"hvAfter":5,"segs":5,"verts":6,"moved":4,"lineMoved":1,"gatherMoved":0,"rounds":2,"roundCap":200,"converged":true,"fromCols":6,"fromRows":6,"cols":4,"rows":2,"emptyCols":[],"emptyRows":[],"dense":true},"cols":4,"rows":2},"path":{"cellAfter":[["n5190429100",2,1],["n5189495446",1,1],["n5501907131",1,2],["n5501907127",0,2],["n5201114708",0,1],["n5501907013",0,0]],"stats":{"hvBefore":4,"hvAfter":5,"segs":5,"verts":6,"moved":2,"lineMoved":0,"gatherMoved":0,"rounds":2,"roundCap":200,"converged":true,"fromCols":6,"fromRows":6,"cols":3,"rows":3,"emptyCols":[],"emptyRows":[],"dense":true},"cols":3,"rows":3},"sat":{"cellAfter":[["n5190429100",2,1],["n5189495446",2,2],["n5501907131",1,2],["n5501907127",0,2],["n5201114708",0,1],["n5501907013",0,0]],"stats":{"hvBefore":4,"hvAfter":5,"segs":5,"verts":6,"moved":2,"lineMoved":0,"gatherMoved":0,"rounds":2,"roundCap":200,"converged":true,"fromCols":6,"fromRows":6,"cols":3,"rows":3,"emptyCols":[],"emptyRows":[],"dense":true},"cols":3,"rows":3}},"endp":{"hc":{"cellAfter":[["n5190429100",3,1],["n5189495446",3,2],["n5501907131",2,2],["n5501907127",1,2],["n5201114708",1,0],["n5501907013",0,0]],"stats":{"hvBefore":0,"hvAfter":5,"segs":5,"verts":6,"moved":5,"movedPts":5,"movedLines":0,"converged":true,"fromCols":6,"fromRows":6,"cols":4,"rows":3},"cols":4,"rows":3},"stroke":{"cellAfter":[["n5190429100",2,1],["n5189495446",2,2],["n5501907131",1,2],["n5501907127",0,2],["n5201114708",0,1],["n5501907013",0,0]],"stats":{"hvBefore":5,"hvAfter":5,"segs":5,"verts":6,"moved":1,"movedPts":1,"movedLines":0,"converged":true,"fromCols":3,"fromRows":4,"cols":3,"rows":3},"cols":3,"rows":3},"rect":{"cellAfter":[["n5190429100",3,0],["n5189495446",2,0],["n5501907131",2,1],["n5501907127",2,2],["n5201114708",1,2],["n5501907013",0,2]],"stats":{"hvBefore":2,"hvAfter":5,"segs":5,"verts":6,"moved":2,"movedPts":2,"movedLines":0,