{"algo":"hccells-v8","fingerprint":"1jlnt11:rg1.15","cityId":"af-alg-setif","variant":"rot","shapelike":false,"hc":{"cellAfter":[["n9068700749",0,0],["n5607506112",1,5],["n4361676502",2,1],["n4361695172",3,3],["n4361625016",4,2],["n4284051076",5,4]],"stats":{"verts":6,"segs":5,"hvAfter":0,"ms":0,"base":"grid"}},"posts":{"stroke":{"cellAfter":[["n4284051076",5,4],["n4361625016",5,2],["n4361695172",3,2],["n4361676502",2,2],["n5607506112",1,2],["n9068700749",1,0]],"stats":{"hvBefore":0,"hvAfter":5,"hvdBefore":5,"hvdAfter":5,"segs":5,"verts":6,"moved":5,"passes":12,"reverted":false,"proposed":5,"revertedN":0,"batches":1,"strokes":1,"substrokes":1,"rounds":0,"clusterMoves":0,"groupsH":0,"groupsV":0,"comps":0,"fallback":0,"iters":4,"iterCap":20,"converged":true}},"rect":{"cellAfter":[["n4284051076",5,3],["n4361625016",4,3],["n4361695172",3,3],["n4361676502",2,3],["n5607506112",1,3],["n9068700749",0,3]],"stats":{"before":633158.4387893764,"after":188.33333333336734,"rounds":4,"moved":5,"clusterMoves":0,"idealHop":1,"verts":6,"segs":5,"hvBefore":0,"hvAfter":5,"groupsH":0,"groupsV":0,"comps":0,"fallback":0,"passes":0,"reverted":false,"iters":2,"iterCap":20,"converged":true}},"milp":{"cellAfter":[["n4284051076",5,2],["n4361625016",4,2],["n4361695172",3,2],["n4361676502",1,2],["n5607506112",0,5],["n9068700749",0,1]],"stats":{"hvBefore":0,"hvAfter":4,"hvdBefore":4,"hvdAfter":4,"segs":5,"verts":6,"moved":5,"passes":3,"reverted":false,"proposed":2,"comps":2,"fallback":0,"rounds":0,"clusterMoves":0,"groupsH":0,"groupsV":0,"iters":2,"iterCap":20,"converged":true}},"force":{"cellAfter":[["n4284051076",5,2],["n4361625016",4,2],["n4361695172",3,3],["n4361676502",2,3],["n5607506112",0,5],["n9068700749",0,0]],"stats":{"hvBefore":0,"hvAfter":3,"hvdBefore":5,"hvdAfter":5,"segs":5,"verts":6,"moved":3,"passes":6,"reverted":false,"proposed":6,"revertedN":0,"batches":6,"rounds":120,"clusterMoves":0,"groupsH":0,"groupsV":0,"comps":0,"fallback":0,"iters":3,"iterCap":20,"converged":true}},"lsq":{"cellAfter":[["n4284051076",5,3],["n4361625016",3,1],["n4361695172",3,3],["n4361676502",1,1],["n5607506112",1,5],["n9068700749",0,0]],"stats":{"hvBefore":0,"hvAfter":2,"hvdBefore":4,"hvdAfter":4,"segs":5,"verts":6,"moved":3,"passes":3,"reverted":false,"proposed":1,"rounds":120,"clusterMoves":0,"groupsH":0,"groupsV":0,"comps":0,"fallback":0,"iters":2,"iterCap":20,"converged":true}},"octi":{"cellAfter":[["n4284051076",4,4],["n4361625016",4,2],["n4361695172",3,3],["n4361676502",2,1],["n5607506112",2,5],["n9068700749",0,0]],"stats":{"hvBefore":0,"hvAfter":2,"hvdBefore":3,"hvdAfter":3,"segs":5,"verts":6,"moved":2,"passes":4,"reverted":false,"proposed":1,"revertedN":1,"batches":6,"settled":6,"rounds":0,"clusterMoves":0,"groupsH":0,"groupsV":0,"comps":0,"fallback":0,"iters":2,"iterCap":20,"converged":true}},"path":{"cellAfter":[["n4284051076",5,5],["n4361625016",4,4],["n4361695172",4,5],["n4361676502",3,3],["n5607506112",3,4],["n9068700749",0,1]],"stats":{"hvBefore":0,"hvAfter":2,"hvdBefore":4,"hvdAfter":4,"segs":5,"verts":6,"moved":6,"passes":5,"reverted":false,"proposed":0,"revertedN":0,"batches":1,"chains":1,"links":1,"rounds":0,"clusterMoves":0,"groupsH":0,"groupsV":0,"comps":0,"fallback":0,"iters":3,"iterCap":20,"converged":true}},"sat":{"cellAfter":[["n4284051076",5,2],["n4361625016",4,2],["n4361695172",3,2],["n4361676502",1,2],["n5607506112",0,5],["n9068700749",0,1]],"stats":{"hvBefore":0,"hvAfter":4,"hvdBefore":4,"hvdAfter":4,"segs":5,"verts":6,"moved":5,"passes":3,"reverted":false,"proposed":2,"comps":2,"fallback":0,"rounds":0,"clusterMoves":0,"groupsH":0,"groupsV":0,"iters":2,"iterCap":20,"converged":true}}},"layouts":{},"loops":{"hc":{"cellAfter":[["n4284051076",2,1],["n4361625016",2,0],["n4361695172",1,0],["n4361676502",1,1],["n5607506112",0,1],["n9068700749",0,0]],"stats":{"hvBefore":0,"hvAfter":5,"segs":5,"verts":6,"moved":6,"lineMoved":0,"gatherMoved":0,"rounds":2,"roundCap":200,"converged":true,"fromCols":6,"fromRows":6,"cols":3,"rows":2,"emptyCols":[],"emptyRows":[],"dense":true},"cols":3,"rows":2},"stroke":{"cellAfter":[["n4284051076",3,2],["n4361625016",3,1],["n4361695172",2,1],["n4361676502",1,1],["n5607506112",0,1],["n9068700749",0,0]],"stats":{"hvBefore":5,"hvAfter":5,"segs":5,"verts":6,"moved":0,"lineMoved":0,"gatherMoved":0,"rounds":1,"roundCap":200,"converged":true,"fromCols":6,"fromRows":6,"cols":4,"rows":3,"emptyCols":[],"emptyRows":[],"dense":true},"cols":4,"rows":3},"rect":{"cellAfter":[["n4284051076",5,0],["n4361625016",4,0],["n4361695172",3,0],["n4361676502",2,0],["n5607506112",1,0],["n9068700749",0,0]],"stats":{"hvBefore":5,"hvAfter":5,"segs":5,"verts":6,"moved":0,"lineMoved":0,"gatherMoved":0,"rounds":1,"roundCap":200,"converged":true,"fromCols":6,"fromRows":6,"cols":6,"rows":1,"emptyCols":[],"emptyRows":[],"dense":true},"cols":6,"rows":1},"milp":{"cellAfter":[["n4284051076",3,0],["n4361625016",2,0],["n4361695172",1,0],["n4361676502",1,1],["n5607506112",0,1],["n9068700749",0,0]],"stats":{"hvBefore":4,"hvAfter":5,"segs":5,"verts":6,"moved":2,"lineMoved":0,"gatherMoved":0,"rounds":2,"roundCap":200,"converged":true,"fromCols":6,"fromRows":6,"cols":4,"rows":2,"emptyCols":[],"emptyRows":[],"dense":true},"cols":4,"rows":2},"force":{"cellAfter":[["n4284051076",2,0],["n4361625016",2,1],["n4361695172",1,1],["n4361676502",1,2],["n5607506112",0,2],["n9068700749",0,1]],"stats":{"hvBefore":3,"hvAfter":5,"segs":5,"verts":6,"moved":4,"lineMoved":0,"gatherMoved":0,"rounds":2,"roundCap":200,"converged":true,"fromCols":6,"fromRows":6,"cols":3,"rows":3,"emptyCols":[],"emptyRows":[],"dense":true},"cols":3,"rows":3},"lsq":{"cellAfter":[["n4284051076",3,0],["n4361625016",2,0],["n4361695172",2,1],["n4361676502",1,1],["n5607506112",0,1],["n9068700749",0,0]],"stats":{"hvBefore":2,"hvAfter":5,"segs":5,"verts":6,"moved":4,"lineMoved":0,"gatherMoved":0,"rounds":2,"roundCap":200,"converged":true,"fromCols":6,"fromRows":6,"cols":4,"rows":2,"emptyCols":[],"emptyRows":[],"dense":true},"cols":4,"rows":2},"octi":{"cellAfter":[["n4284051076",2,1],["n4361625016",2,0],["n4361695172",1,0],["n4361676502",1,1],["n5607506112",0,1],["n9068700749",0,0]],"stats":{"hvBefore":2,"hvAfter":5,"segs":5,"verts":6,"moved":6,"lineMoved":0,"gatherMoved":0,"rounds":2,"roundCap":200,"converged":true,"fromCols":6,"fromRows":6,"cols":3,"rows":2,"emptyCols":[],"emptyRows":[],"dense":true},"cols":3,"rows":2},"path":{"cellAfter":[["n4284051076",3,2],["n4361625016",2,2],["n4361695172",1,2],["n4361676502",1,1],["n5607506112",0,1],["n9068700749",0,0]],"stats":{"hvBefore":2,"hvAfter":5,"segs":5,"verts":6,"moved":3,"lineMoved":0,"gatherMoved":0,"rounds":2,"roundCap":200,"converged":true,"fromCols":6,"fromRows":6,"cols":4,"rows":3,"emptyCols":[],"emptyRows":[],"dense":true},"cols":4,"rows":3},"sat":{"cellAfter":[["n4284051076",3,0],["n4361625016",2,0],["n4361695172",1,0],["n4361676502",1,1],["n5607506112",0,1],["n9068700749",0,0]],"stats":{"hvBefore":4,"hvAfter":5,"segs":5,"verts":6,"moved":2,"lineMoved":0,"gatherMoved":0,"rounds":2,"roundCap":200,"converged":true,"fromCols":6,"fromRows":6,"cols":4,"rows":2,"emptyCols":[],"emptyRows":[],"dense":true},"cols":4,"rows":2}},"endp":{"hc":{"cellAfter":[["n4284051076",2,1],["n4361625016",2,0],["n4361695172",1,0],["n4361676502",1,1],["n5607506112",0,1],["n9068700749",0,0]],"stats":{"hvBefore":0,"hvAfter":5,"segs":5,"verts":6,"moved":6,"movedPts":6,"movedLines":0,"converged":true,"fromCols":6,"fromRows":6,"cols":3,"rows":2},"cols":3,"rows":2},"stroke":{"cellAfter":[["n4284051076",3,2],["n4361625016",3,1],["n4361695172",2,1],["n4361676502",1,1],["n5607506112",0,1],["n9068700749",0,0]],"stats":{"hvBefore":5,"hvAfter":5,"segs":5,"verts":6,"moved":0,"movedPts":0,"movedLines":0,"converged":true,"fromCols":4,"fromRows":3,"cols":4,"rows":3},"cols":4,"rows":3},"rect":{"cellAfter":[["n4284051076",5,0],["n4361625016",4,0],["n4361695172",3,0],["n4361676502",2,0],["n5607506112",1,0],["n9068700749",0,0]],"stats":{"hvBefore":5,"hvAfter":5,"segs":5,"verts":6,"moved":0,"movedPts":0,"movedLines":0,