{"algo":"hccells-v8","fingerprint":"jdebgh:rg1.15","cityId":"af-alg-mostaganem","variant":"orig","shapelike":false,"hc":{"cellAfter":[["n10685201984",0,5],["n10004681639",1,6],["n5621744521",2,3],["n10004681649",3,2],["n10003989288",4,1],["n4912435327",5,4],["n10003989294",6,0]],"stats":{"verts":7,"segs":6,"hvAfter":0,"ms":0,"base":"grid"}},"posts":{"stroke":{"cellAfter":[["n10003989294",6,3],["n10003989288",4,3],["n10004681649",3,3],["n5621744521",2,3],["n10004681639",1,3],["n10685201984",0,3],["n4912435327",4,5]],"stats":{"hvBefore":0,"hvAfter":5,"hvdBefore":6,"hvdAfter":6,"segs":6,"verts":7,"moved":6,"passes":7,"reverted":false,"proposed":6,"revertedN":0,"batches":2,"strokes":2,"substrokes":2,"rounds":0,"clusterMoves":0,"groupsH":0,"groupsV":0,"comps":0,"fallback":0,"iters":3,"iterCap":20,"converged":true}},"rect":{"cellAfter":[["n10003989294",0,1],["n10003989288",0,2],["n10004681649",0,3],["n5621744521",0,4],["n10004681639",0,5],["n10685201984",0,6],["n4912435327",3,4]],"stats":{"before":371634.6903603886,"after":63015.18640512919,"rounds":5,"moved":7,"clusterMoves":2,"idealHop":1,"verts":7,"segs":6,"hvBefore":0,"hvAfter":6,"groupsH":0,"groupsV":0,"comps":0,"fallback":0,"passes":0,"reverted":false,"iters":2,"iterCap":20,"converged":true}},"milp":{"cellAfter":[["n10003989294",6,0],["n10003989288",6,1],["n10004681649",4,3],["n5621744521",1,5],["n10004681639",0,6],["n10685201984",0,5],["n4912435327",5,5]],"stats":{"hvBefore":0,"hvAfter":3,"hvdBefore":5,"hvdAfter":5,"segs":6,"verts":7,"moved":5,"passes":5,"reverted":false,"proposed":2,"comps":3,"fallback":0,"rounds":0,"clusterMoves":0,"groupsH":0,"groupsV":0,"iters":3,"iterCap":20,"converged":true}},"force":{"cellAfter":[["n10003989294",6,0],["n10003989288",6,1],["n10004681649",3,2],["n5621744521",2,3],["n10004681639",1,6],["n10685201984",0,5],["n4912435327",5,4]],"stats":{"hvBefore":0,"hvAfter":1,"hvdBefore":3,"hvdAfter":3,"segs":6,"verts":7,"moved":1,"passes":2,"reverted":false,"proposed":6,"revertedN":2,"batches":7,"rounds":80,"clusterMoves":0,"groupsH":0,"groupsV":0,"comps":0,"fallback":0,"iters":2,"iterCap":20,"converged":true}},"lsq":{"cellAfter":[["n10003989294",5,0],["n10003989288",4,1],["n10004681649",3,2],["n5621744521",2,3],["n10004681639",2,6],["n10685201984",1,6],["n4912435327",5,3]],"stats":{"hvBefore":0,"hvAfter":3,"hvdBefore":6,"hvdAfter":6,"segs":6,"verts":7,"moved":4,"passes":3,"reverted":false,"proposed":0,"rounds":120,"clusterMoves":0,"groupsH":0,"groupsV":0,"comps":0,"fallback":0,"iters":2,"iterCap":20,"converged":true}},"octi":{"cellAfter":[["n10003989294",6,0],["n10003989288",4,2],["n10004681649",1,2],["n5621744521",1,3],["n10004681639",1,6],["n10685201984",0,5],["n4912435327",5,3]],"stats":{"hvBefore":0,"hvAfter":4,"hvdBefore":6,"hvdAfter":6,"segs":6,"verts":7,"moved":4,"passes":8,"reverted":false,"proposed":0,"revertedN":0,"batches":7,"settled":7,"rounds":0,"clusterMoves":0,"groupsH":0,"groupsV":0,"comps":0,"fallback":0,"iters":2,"iterCap":20,"converged":true}},"path":{"cellAfter":[["n10003989294",6,0],["n10003989288",4,1],["n10004681649",3,2],["n5621744521",2,3],["n10004681639",0,6],["n10685201984",0,5],["n4912435327",5,4]],"stats":{"hvBefore":0,"hvAfter":1,"hvdBefore":3,"hvdAfter":3,"segs":6,"verts":7,"moved":1,"passes":2,"reverted":false,"proposed":0,"revertedN":0,"batches":1,"chains":1,"links":1,"rounds":0,"clusterMoves":0,"groupsH":0,"groupsV":0,"comps":0,"fallback":0,"iters":2,"iterCap":20,"converged":true}},"sat":{"cellAfter":[["n10003989294",6,0],["n10003989288",6,1],["n10004681649",4,3],["n5621744521",1,5],["n10004681639",0,6],["n10685201984",0,5],["n4912435327",5,5]],"stats":{"hvBefore":0,"hvAfter":3,"hvdBefore":5,"hvdAfter":5,"segs":6,"verts":7,"moved":5,"passes":5,"reverted":false,"proposed":2,"comps":3,"fallback":0,"rounds":0,"clusterMoves":0,"groupsH":0,"groupsV":0,"iters":3,"iterCap":20,"converged":true}}},"layouts":{},"loops":{"hc":{"cellAfter":[["n10003989294",3,0],["n10003989288",2,0],["n10004681649",1,0],["n5621744521",1,1],["n10004681639",1,2],["n10685201984",0,2],["n4912435327",2,1]],"stats":{"hvBefore":0,"hvAfter":6,"segs":6,"verts":7,"moved":5,"lineMoved":0,"gatherMoved":0,"rounds":2,"roundCap":200,"converged":true,"fromCols":7,"fromRows":7,"cols":4,"rows":3,"emptyCols":[],"emptyRows":[],"dense":true},"cols":4,"rows":3},"stroke":{"cellAfter":[["n10003989294",5,0],["n10003989288",4,0],["n10004681649",3,0],["n5621744521",2,0],["n10004681639",1,0],["n10685201984",0,0],["n4912435327",2,1]],"stats":{"hvBefore":5,"hvAfter":6,"segs":6,"verts":7,"moved":2,"lineMoved":0,"gatherMoved":0,"rounds":2,"roundCap":200,"converged":true,"fromCols":7,"fromRows":7,"cols":6,"rows":2,"emptyCols":[],"emptyRows":[],"dense":true},"cols":6,"rows":2},"rect":{"cellAfter":[["n10003989294",0,0],["n10003989288",0,1],["n10004681649",0,2],["n5621744521",0,3],["n10004681639",0,4],["n10685201984",0,5],["n4912435327",1,3]],"stats":{"hvBefore":6,"hvAfter":6,"segs":6,"verts":7,"moved":0,"lineMoved":0,"gatherMoved":0,"rounds":1,"roundCap":200,"converged":true,"fromCols":7,"fromRows":7,"cols":2,"rows":6,"emptyCols":[],"emptyRows":[],"dense":true},"cols":2,"rows":6},"milp":{"cellAfter":[["n10003989294",2,0],["n10003989288",2,1],["n10004681649",1,1],["n5621744521",1,2],["n10004681639",0,2],["n10685201984",0,1],["n4912435327",2,2]],"stats":{"hvBefore":3,"hvAfter":6,"segs":6,"verts":7,"moved":2,"lineMoved":2,"gatherMoved":1,"rounds":2,"roundCap":200,"converged":true,"fromCols":7,"fromRows":7,"cols":3,"rows":3,"emptyCols":[],"emptyRows":[],"dense":true},"cols":3,"rows":3},"force":{"cellAfter":[["n10003989294",2,0],["n10003989288",2,1],["n10004681649",1,1],["n5621744521",1,2],["n10004681639",1,3],["n10685201984",0,3],["n4912435327",2,2]],"stats":{"hvBefore":1,"hvAfter":6,"segs":6,"verts":7,"moved":4,"lineMoved":1,"gatherMoved":0,"rounds":2,"roundCap":200,"converged":true,"fromCols":7,"fromRows":7,"cols":3,"rows":4,"emptyCols":[],"emptyRows":[],"dense":true},"cols":3,"rows":4},"lsq":{"cellAfter":[["n10003989294",3,0],["n10003989288",2,0],["n10004681649",1,0],["n5621744521",1,1],["n10004681639",1,2],["n10685201984",0,2],["n4912435327",2,1]],"stats":{"hvBefore":3,"hvAfter":6,"segs":6,"verts":7,"moved":3,"lineMoved":0,"gatherMoved":0,"rounds":2,"roundCap":200,"converged":true,"fromCols":7,"fromRows":7,"cols":4,"rows":3,"emptyCols":[],"emptyRows":[],"dense":true},"cols":4,"rows":3},"octi":{"cellAfter":[["n10003989294",2,0],["n10003989288",1,0],["n10004681649",1,1],["n5621744521",1,2],["n10004681639",1,3],["n10685201984",0,3],["n4912435327",2,2]],"stats":{"hvBefore":4,"hvAfter":6,"segs":6,"verts":7,"moved":3,"lineMoved":0,"gatherMoved":0,"rounds":2,"roundCap":200,"converged":true,"fromCols":7,"fromRows":7,"cols":3,"rows":4,"emptyCols":[],"emptyRows":[],"dense":true},"cols":3,"rows":4},"path":{"cellAfter":[["n10003989294",3,0],["n10003989288",2,0],["n10004681649",1,0],["n5621744521",1,1],["n10004681639",1,2],["n10685201984",0,2],["n4912435327",2,1]],"stats":{"hvBefore":1,"hvAfter":6,"segs":6,"verts":7,"moved":5,"lineMoved":0,"gatherMoved":0,"rounds":2,"roundCap":200,"converged":true,"fromCols":7,"fromRows":7,"cols":4,"rows":3,"emptyCols":[],"emptyRows":[],"dense":true},"cols":4,"rows":3},"sat":{"cellAfter":[["n10003989294",2,0],["n10003989288",2,1],["n10004681649",1,1],["n5621744521",1,2],["n10004681639",0,2],["n10685201984",0,1],["n4912435327",2,2]],"stats":{"hvBefore":3,"hvAfter":6,"segs":6,"verts":7,"moved":2,"lineMoved":2,"gatherMoved":1,"rounds":2,"roundCap":200,"converged":true,"fromCols":7,"fromRows":7,"cols":3,"rows":3,"emptyCols":[],"emptyRows":[],"dense":true},"cols":3,"rows":3}},"endp":{"hc":{"cellAfter":[["n10003989294",3,0],["n10003989288",2,0],["n10004681649",1,0],["n5621744521",1,1],["n10004681639",1,2],["n10685201984",0,2],["n4912435327",2,1]],"stats":{"hvBefore":0,"hvAfter":6,"segs":6,"verts":7,"moved":5,"movedPts":5,"movedLines":0,"converged":true,"fromCols":7,"fromRows":7,"cols":4,"rows":3},"cols":4,"rows":3},