{"algo":"hccells-v6","fingerprint":"vb6msw:rg1.15","cityId":"af-mri-port-louis","variant":"rot","shapelike":false,"hc":{"cellAfter":[["n6905653026",0,1],["n6905653014",1,0],["n6948311345",2,3],["n10575911182",3,2],["n9725612753",4,4],["n6948328324",5,5],["n10558100341",6,6]],"stats":{"verts":7,"segs":6,"hvAfter":0,"ms":0,"base":"grid"}},"posts":{"stroke":{"cellAfter":[["n10558100341",4,5],["n6948328324",3,5],["n9725612753",3,4],["n6948311345",2,3],["n6905653026",2,2],["n6905653014",1,2],["n10575911182",3,3]],"stats":{"hvBefore":0,"hvAfter":5,"hvdBefore":6,"hvdAfter":6,"segs":6,"verts":7,"moved":6,"passes":34,"reverted":false,"proposed":8,"revertedN":0,"batches":2,"strokes":2,"substrokes":2,"rounds":0,"clusterMoves":0,"groupsH":0,"groupsV":0,"comps":0,"fallback":0,"iters":9,"iterCap":20,"converged":true}},"rect":{"cellAfter":[["n10558100341",6,5],["n6948328324",5,4],["n9725612753",4,3],["n6948311345",2,2],["n6905653026",1,2],["n6905653014",0,2],["n10575911182",2,0]],"stats":{"before":357358.0954959475,"after":132381.16131806278,"rounds":3,"moved":7,"clusterMoves":2,"idealHop":1,"verts":7,"segs":6,"hvBefore":0,"hvAfter":3,"groupsH":0,"groupsV":0,"comps":0,"fallback":0,"passes":0,"reverted":false,"iters":2,"iterCap":20,"converged":true}},"milp":{"cellAfter":[["n10558100341",6,6],["n6948328324",6,5],["n9725612753",4,5],["n6948311345",1,2],["n6905653026",0,1],["n6905653014",0,0],["n10575911182",2,1]],"stats":{"hvBefore":0,"hvAfter":3,"hvdBefore":6,"hvdAfter":6,"segs":6,"verts":7,"moved":5,"passes":4,"reverted":true,"proposed":5,"comps":2,"fallback":0,"rounds":0,"clusterMoves":0,"groupsH":0,"groupsV":0,"iters":2,"iterCap":20,"converged":true}},"force":{"cellAfter":[["n10558100341",6,6],["n6948328324",5,5],["n9725612753",4,4],["n6948311345",2,3],["n6905653026",0,1],["n6905653014",1,0],["n10575911182",3,2]],"stats":{"hvBefore":0,"hvAfter":0,"hvdBefore":5,"hvdAfter":5,"segs":6,"verts":7,"moved":0,"passes":0,"reverted":false,"proposed":7,"revertedN":1,"batches":7,"rounds":40,"clusterMoves":0,"groupsH":0,"groupsV":0,"comps":0,"fallback":0,"iters":1,"iterCap":20,"converged":true}},"lsq":{"cellAfter":[["n10558100341",6,6],["n6948328324",5,5],["n9725612753",4,5],["n6948311345",2,3],["n6905653026",0,1],["n6905653014",1,0],["n10575911182",3,2]],"stats":{"hvBefore":0,"hvAfter":1,"hvdBefore":6,"hvdAfter":6,"segs":6,"verts":7,"moved":1,"passes":3,"reverted":false,"proposed":0,"rounds":120,"clusterMoves":0,"groupsH":0,"groupsV":0,"comps":0,"fallback":0,"iters":2,"iterCap":20,"converged":true}},"octi":{"cellAfter":[["n10558100341",6,6],["n6948328324",5,5],["n9725612753",4,4],["n6948311345",2,3],["n6905653026",0,1],["n6905653014",1,0],["n10575911182",3,2]],"stats":{"hvBefore":0,"hvAfter":0,"hvdBefore":5,"hvdAfter":5,"segs":6,"verts":7,"moved":0,"passes":0,"reverted":false,"proposed":3,"revertedN":2,"batches":7,"settled":7,"rounds":0,"clusterMoves":0,"groupsH":0,"groupsV":0,"comps":0,"fallback":0,"iters":1,"iterCap":20,"converged":true}},"path":{"cellAfter":[["n10558100341",6,6],["n6948328324",5,5],["n9725612753",4,4],["n6948311345",3,3],["n6905653026",1,1],["n6905653014",1,0],["n10575911182",3,2]],"stats":{"hvBefore":0,"hvAfter":2,"hvdBefore":6,"hvdAfter":6,"segs":6,"verts":7,"moved":2,"passes":2,"reverted":false,"proposed":0,"revertedN":0,"batches":1,"chains":1,"links":1,"rounds":0,"clusterMoves":0,"groupsH":0,"groupsV":0,"comps":0,"fallback":0,"iters":2,"iterCap":20,"converged":true}},"sat":{"cellAfter":[["n10558100341",6,6],["n6948328324",6,5],["n9725612753",4,5],["n6948311345",1,2],["n6905653026",0,1],["n6905653014",0,0],["n10575911182",2,1]],"stats":{"hvBefore":0,"hvAfter":3,"hvdBefore":6,"hvdAfter":6,"segs":6,"verts":7,"moved":5,"passes":4,"reverted":true,"proposed":5,"comps":2,"fallback":0,"rounds":0,"clusterMoves":0,"groupsH":0,"groupsV":0,"iters":2,"iterCap":20,"converged":true}}},"layouts":{},"loops":{"hc":{"cellAfter":[["n10558100341",2,3],["n6948328324",2,2],["n9725612753",1,2],["n6948311345",1,1],["n6905653026",0,1],["n6905653014",0,0],["n10575911182",1,0]],"stats":{"hvBefore":0,"hvAfter":6,"segs":6,"verts":7,"moved":8,"lineMoved":0,"gatherMoved":0,"rounds":2,"roundCap":200,"converged":true,"fromCols":7,"fromRows":7,"cols":3,"rows":4,"emptyCols":[],"emptyRows":[],"dense":true},"cols":3,"rows":4},"stroke":{"cellAfter":[["n10558100341",2,3],["n6948328324",1,3],["n9725612753",1,2],["n6948311345",1,1],["n6905653026",1,0],["n6905653014",0,0],["n10575911182",2,1]],"stats":{"hvBefore":5,"hvAfter":6,"segs":6,"verts":7,"moved":0,"lineMoved":1,"gatherMoved":1,"rounds":2,"roundCap":200,"converged":true,"fromCols":7,"fromRows":7,"cols":3,"rows":4,"emptyCols":[],"emptyRows":[],"dense":true},"cols":3,"rows":4},"rect":{"cellAfter":[["n10558100341",3,3],["n6948328324",3,2],["n9725612753",2,2],["n6948311345",2,1],["n6905653026",1,1],["n6905653014",0,1],["n10575911182",2,0]],"stats":{"hvBefore":3,"hvAfter":6,"segs":6,"verts":7,"moved":3,"lineMoved":0,"gatherMoved":0,"rounds":2,"roundCap":200,"converged":true,"fromCols":7,"fromRows":7,"cols":4,"rows":4,"emptyCols":[],"emptyRows":[],"dense":true},"cols":4,"rows":4},"milp":{"cellAfter":[["n10558100341",2,3],["n6948328324",2,2],["n9725612753",1,2],["n6948311345",1,1],["n6905653026",0,1],["n6905653014",0,0],["n10575911182",1,0]],"stats":{"hvBefore":3,"hvAfter":6,"segs":6,"verts":7,"moved":4,"lineMoved":0,"gatherMoved":0,"rounds":2,"roundCap":200,"converged":true,"fromCols":7,"fromRows":7,"cols":3,"rows":4,"emptyCols":[],"emptyRows":[],"dense":true},"cols":3,"rows":4},"force":{"cellAfter":[["n10558100341",2,3],["n6948328324",2,2],["n9725612753",1,2],["n6948311345",1,1],["n6905653026",0,1],["n6905653014",0,0],["n10575911182",1,0]],"stats":{"hvBefore":0,"hvAfter":6,"segs":6,"verts":7,"moved":8,"lineMoved":0,"gatherMoved":0,"rounds":2,"roundCap":200,"converged":true,"fromCols":7,"fromRows":7,"cols":3,"rows":4,"emptyCols":[],"emptyRows":[],"dense":true},"cols":3,"rows":4},"lsq":{"cellAfter":[["n10558100341",3,2],["n6948328324",2,2],["n9725612753",1,2],["n6948311345",1,1],["n6905653026",0,1],["n6905653014",0,0],["n10575911182",1,0]],"stats":{"hvBefore":1,"hvAfter":6,"segs":6,"verts":7,"moved":7,"lineMoved":0,"gatherMoved":0,"rounds":2,"roundCap":200,"converged":true,"fromCols":7,"fromRows":7,"cols":4,"rows":3,"emptyCols":[],"emptyRows":[],"dense":true},"cols":4,"rows":3},"octi":{"cellAfter":[["n10558100341",2,3],["n6948328324",2,2],["n9725612753",1,2],["n6948311345",1,1],["n6905653026",0,1],["n6905653014",0,0],["n10575911182",1,0]],"stats":{"hvBefore":0,"hvAfter":6,"segs":6,"verts":7,"moved":8,"lineMoved":0,"gatherMoved":0,"rounds":2,"roundCap":200,"converged":true,"fromCols":7,"fromRows":7,"cols":3,"rows":4,"emptyCols":[],"emptyRows":[],"dense":true},"cols":3,"rows":4},"path":{"cellAfter":[["n10558100341",2,3],["n6948328324",2,2],["n9725612753",1,2],["n6948311345",1,1],["n6905653026",0,1],["n6905653014",0,0],["n10575911182",1,0]],"stats":{"hvBefore":2,"hvAfter":6,"segs":6,"verts":7,"moved":6,"lineMoved":0,"gatherMoved":0,"rounds":2,"roundCap":200,"converged":true,"fromCols":7,"fromRows":7,"cols":3,"rows":4,"emptyCols":[],"emptyRows":[],"dense":true},"cols":3,"rows":4},"sat":{"cellAfter":[["n10558100341",2,3],["n6948328324",2,2],["n9725612753",1,2],["n6948311345",1,1],["n6905653026",0,1],["n6905653014",0,0],["n10575911182",1,0]],"stats":{"hvBefore":3,"hvAfter":6,"segs":6,"verts":7,"moved":4,"lineMoved":0,"gatherMoved":0,"rounds":2,"roundCap":200,"converged":true,"fromCols":7,"fromRows":7,"cols":3,"rows":4,"emptyCols":[],"emptyRows":[],"dense":true},"cols":3,"rows":4}},"endp":{"hc":{"cellAfter":[["n10558100341",2,3],["n6948328324",2,2],["n9725612753",1,2],["n6948311345",1,1],["n6905653026",0,1],["n6905653014",0,0],["n10575911182",1,0]],"stats":{"hvBefore":0,"hvAfter":6,"segs":6,"verts":7,"moved":8,"movedPts":8,"movedLines":0,"converged":true,"fromCols":7,"fromRows":7,"cols":3,"rows":4},"cols":3,"rows":4},