{"algo":"hccells-v8","fingerprint":"vb6msw:rg1.15","cityId":"af-mri-port-louis","variant":"orig","shapelike":false,"hc":{"cellAfter":[["n6905653026",0,1],["n6948311345",1,3],["n9725612753",2,4],["n6948328324",3,5],["n6905653014",4,0],["n10575911182",5,2],["n10558100341",6,6]],"stats":{"verts":7,"segs":6,"hvAfter":0,"ms":0,"base":"grid"}},"posts":{"stroke":{"cellAfter":[["n10558100341",6,6],["n6948328324",1,6],["n9725612753",1,4],["n6948311345",1,3],["n6905653026",1,1],["n6905653014",1,0],["n10575911182",2,3]],"stats":{"hvBefore":0,"hvAfter":6,"hvdBefore":6,"hvdAfter":6,"segs":6,"verts":7,"moved":5,"passes":13,"reverted":false,"proposed":7,"revertedN":0,"batches":3,"strokes":2,"substrokes":3,"rounds":0,"clusterMoves":0,"groupsH":0,"groupsV":0,"comps":0,"fallback":0,"iters":5,"iterCap":20,"converged":true}},"rect":{"cellAfter":[["n10558100341",2,6],["n6948328324",2,5],["n9725612753",2,4],["n6948311345",2,3],["n6905653026",1,2],["n6905653014",0,1],["n10575911182",6,2]],"stats":{"before":338681.00028739485,"after":85667.25506220663,"rounds":5,"moved":6,"clusterMoves":0,"idealHop":1,"verts":7,"segs":6,"hvBefore":0,"hvAfter":3,"groupsH":0,"groupsV":0,"comps":0,"fallback":0,"passes":0,"reverted":false,"iters":2,"iterCap":20,"converged":true}},"milp":{"cellAfter":[["n10558100341",6,6],["n6948328324",5,6],["n9725612753",3,4],["n6948311345",0,1],["n6905653026",0,0],["n6905653014",2,0],["n10575911182",5,1]],"stats":{"hvBefore":0,"hvAfter":4,"hvdBefore":6,"hvdAfter":6,"segs":6,"verts":7,"moved":6,"passes":6,"reverted":true,"proposed":2,"comps":3,"fallback":0,"rounds":0,"clusterMoves":0,"groupsH":0,"groupsV":0,"iters":3,"iterCap":20,"converged":true}},"force":{"cellAfter":[["n10558100341",6,6],["n6948328324",5,6],["n9725612753",2,4],["n6948311345",1,3],["n6905653026",0,0],["n6905653014",4,0],["n10575911182",5,2]],"stats":{"hvBefore":0,"hvAfter":2,"hvdBefore":3,"hvdAfter":3,"segs":6,"verts":7,"moved":2,"passes":4,"reverted":false,"proposed":7,"revertedN":3,"batches":7,"rounds":120,"clusterMoves":0,"groupsH":0,"groupsV":0,"comps":0,"fallback":0,"iters":3,"iterCap":20,"converged":true}},"lsq":{"cellAfter":[["n10558100341",6,5],["n6948328324",3,5],["n9725612753",3,4],["n6948311345",1,3],["n6905653026",0,1],["n6905653014",4,1],["n10575911182",5,3]],"stats":{"hvBefore":0,"hvAfter":4,"hvdBefore":4,"hvdAfter":4,"segs":6,"verts":7,"moved":4,"passes":3,"reverted":false,"proposed":0,"rounds":120,"clusterMoves":0,"groupsH":0,"groupsV":0,"comps":0,"fallback":0,"iters":2,"iterCap":20,"converged":true}},"octi":{"cellAfter":[["n10558100341",6,6],["n6948328324",3,4],["n9725612753",2,4],["n6948311345",1,2],["n6905653026",0,1],["n6905653014",4,1],["n10575911182",5,2]],"stats":{"hvBefore":0,"hvAfter":3,"hvdBefore":4,"hvdAfter":4,"segs":6,"verts":7,"moved":3,"passes":6,"reverted":false,"proposed":1,"revertedN":0,"batches":7,"settled":7,"rounds":0,"clusterMoves":0,"groupsH":0,"groupsV":0,"comps":0,"fallback":0,"iters":2,"iterCap":20,"converged":true}},"path":{"cellAfter":[["n10558100341",6,5],["n6948328324",5,3],["n9725612753",4,3],["n6948311345",3,2],["n6905653026",1,1],["n6905653014",2,1],["n10575911182",5,2]],"stats":{"hvBefore":0,"hvAfter":3,"hvdBefore":4,"hvdAfter":4,"segs":6,"verts":7,"moved":6,"passes":4,"reverted":false,"proposed":1,"revertedN":0,"batches":1,"chains":1,"links":1,"rounds":0,"clusterMoves":0,"groupsH":0,"groupsV":0,"comps":0,"fallback":0,"iters":3,"iterCap":20,"converged":true}},"sat":{"cellAfter":[["n10558100341",6,6],["n6948328324",5,6],["n9725612753",3,4],["n6948311345",0,1],["n6905653026",0,0],["n6905653014",2,0],["n10575911182",5,1]],"stats":{"hvBefore":0,"hvAfter":4,"hvdBefore":6,"hvdAfter":6,"segs":6,"verts":7,"moved":6,"passes":6,"reverted":true,"proposed":2,"comps":3,"fallback":0,"rounds":0,"clusterMoves":0,"groupsH":0,"groupsV":0,"iters":3,"iterCap":20,"converged":true}}},"layouts":{},"loops":{"hc":{"cellAfter":[["n10558100341",2,2],["n6948328324",1,2],["n9725612753",0,2],["n6948311345",0,1],["n6905653026",0,0],["n6905653014",1,0],["n10575911182",1,1]],"stats":{"hvBefore":0,"hvAfter":6,"segs":6,"verts":7,"moved":12,"lineMoved":0,"gatherMoved":1,"rounds":3,"roundCap":200,"converged":true,"fromCols":7,"fromRows":7,"cols":3,"rows":3,"emptyCols":[],"emptyRows":[],"dense":true},"cols":3,"rows":3},"stroke":{"cellAfter":[["n10558100341",1,4],["n6948328324",0,4],["n9725612753",0,3],["n6948311345",0,2],["n6905653026",0,1],["n6905653014",0,0],["n10575911182",1,2]],"stats":{"hvBefore":6,"hvAfter":6,"segs":6,"verts":7,"moved":1,"lineMoved":0,"gatherMoved":0,"rounds":2,"roundCap":200,"converged":true,"fromCols":7,"fromRows":7,"cols":2,"rows":5,"emptyCols":[],"emptyRows":[],"dense":true},"cols":2,"rows":5},"rect":{"cellAfter":[["n10558100341",1,4],["n6948328324",1,3],["n9725612753",1,2],["n6948311345",1,1],["n6905653026",0,1],["n6905653014",0,0],["n10575911182",1,0]],"stats":{"hvBefore":3,"hvAfter":6,"segs":6,"verts":7,"moved":3,"lineMoved":0,"gatherMoved":0,"rounds":2,"roundCap":200,"converged":true,"fromCols":7,"fromRows":7,"cols":2,"rows":5,"emptyCols":[],"emptyRows":[],"dense":true},"cols":2,"rows":5},"milp":{"cellAfter":[["n10558100341",2,2],["n6948328324",1,2],["n9725612753",0,2],["n6948311345",0,1],["n6905653026",0,0],["n6905653014",1,0],["n10575911182",1,1]],"stats":{"hvBefore":4,"hvAfter":6,"segs":6,"verts":7,"moved":4,"lineMoved":0,"gatherMoved":1,"rounds":3,"roundCap":200,"converged":true,"fromCols":7,"fromRows":7,"cols":3,"rows":3,"emptyCols":[],"emptyRows":[],"dense":true},"cols":3,"rows":3},"force":{"cellAfter":[["n10558100341",2,2],["n6948328324",1,2],["n9725612753",0,2],["n6948311345",0,1],["n6905653026",0,0],["n6905653014",1,0],["n10575911182",1,1]],"stats":{"hvBefore":2,"hvAfter":6,"segs":6,"verts":7,"moved":8,"lineMoved":0,"gatherMoved":1,"rounds":3,"roundCap":200,"converged":true,"fromCols":7,"fromRows":7,"cols":3,"rows":3,"emptyCols":[],"emptyRows":[],"dense":true},"cols":3,"rows":3},"lsq":{"cellAfter":[["n10558100341",2,2],["n6948328324",1,2],["n9725612753",0,2],["n6948311345",0,1],["n6905653026",0,0],["n6905653014",1,0],["n10575911182",1,1]],"stats":{"hvBefore":4,"hvAfter":6,"segs":6,"verts":7,"moved":9,"lineMoved":0,"gatherMoved":1,"rounds":3,"roundCap":200,"converged":true,"fromCols":7,"fromRows":7,"cols":3,"rows":3,"emptyCols":[],"emptyRows":[],"dense":true},"cols":3,"rows":3},"octi":{"cellAfter":[["n10558100341",2,2],["n6948328324",1,2],["n9725612753",0,2],["n6948311345",0,1],["n6905653026",0,0],["n6905653014",1,0],["n10575911182",1,1]],"stats":{"hvBefore":3,"hvAfter":6,"segs":6,"verts":7,"moved":10,"lineMoved":2,"gatherMoved":0,"rounds":2,"roundCap":200,"converged":true,"fromCols":7,"fromRows":7,"cols":3,"rows":3,"emptyCols":[],"emptyRows":[],"dense":true},"cols":3,"rows":3},"path":{"cellAfter":[["n10558100341",3,2],["n6948328324",2,2],["n9725612753",1,2],["n6948311345",1,1],["n6905653026",0,1],["n6905653014",0,0],["n10575911182",2,1]],"stats":{"hvBefore":3,"hvAfter":6,"segs":6,"verts":7,"moved":4,"lineMoved":0,"gatherMoved":1,"rounds":2,"roundCap":200,"converged":true,"fromCols":7,"fromRows":7,"cols":4,"rows":3,"emptyCols":[],"emptyRows":[],"dense":true},"cols":4,"rows":3},"sat":{"cellAfter":[["n10558100341",2,2],["n6948328324",1,2],["n9725612753",0,2],["n6948311345",0,1],["n6905653026",0,0],["n6905653014",1,0],["n10575911182",1,1]],"stats":{"hvBefore":4,"hvAfter":6,"segs":6,"verts":7,"moved":4,"lineMoved":0,"gatherMoved":1,"rounds":3,"roundCap":200,"converged":true,"fromCols":7,"fromRows":7,"cols":3,"rows":3,"emptyCols":[],"emptyRows":[],"dense":true},"cols":3,"rows":3}},"endp":{"hc":{"cellAfter":[["n10558100341",3,3],["n6948328324",2,3],["n9725612753",2,2],["n6948311345",0,1],["n6905653026",0,0],["n6905653014",1,0],["n10575911182",1,1]],"stats":{"hvBefore":0,"hvAfter":5,"segs":6,"verts":7,"moved":11,"movedPts":11,"movedLines":0,"converged":true,"fromCols":7,"fromRows":7,"cols":4,"rows":4},"cols":4,"rows":4},