{"algo":"hccells-v6","fingerprint":"vb6msw:rg1.15","cityId":"af-mri-port-louis","variant":"orig","shapelike":false,"hc":{"cellAfter":[["n6905653026",0,1],["n6948311345",1,3],["n9725612753",2,4],["n6948328324",3,5],["n6905653014",4,0],["n10575911182",5,2],["n10558100341",6,6]],"stats":{"verts":7,"segs":6,"hvAfter":0,"ms":0,"base":"grid"}},"posts":{"stroke":{"cellAfter":[["n10558100341",4,6],["n6948328324",3,5],["n9725612753",2,4],["n6948311345",1,3],["n6905653026",0,3],["n6905653014",0,2],["n10575911182",2,3]],"stats":{"hvBefore":0,"hvAfter":3,"hvdBefore":6,"hvdAfter":6,"segs":6,"verts":7,"moved":4,"passes":22,"reverted":false,"proposed":6,"revertedN":0,"batches":2,"strokes":2,"substrokes":2,"rounds":0,"clusterMoves":0,"groupsH":0,"groupsV":0,"comps":0,"fallback":0,"iters":6,"iterCap":20,"converged":true}},"rect":{"cellAfter":[["n10558100341",2,6],["n6948328324",2,5],["n9725612753",2,4],["n6948311345",2,3],["n6905653026",1,2],["n6905653014",0,1],["n10575911182",6,2]],"stats":{"before":338681.00028739485,"after":85667.25506220663,"rounds":5,"moved":6,"clusterMoves":0,"idealHop":1,"verts":7,"segs":6,"hvBefore":0,"hvAfter":3,"groupsH":0,"groupsV":0,"comps":0,"fallback":0,"passes":0,"reverted":false,"iters":2,"iterCap":20,"converged":true}},"milp":{"cellAfter":[["n10558100341",6,6],["n6948328324",5,6],["n9725612753",3,4],["n6948311345",0,1],["n6905653026",0,0],["n6905653014",2,0],["n10575911182",5,1]],"stats":{"hvBefore":0,"hvAfter":4,"hvdBefore":6,"hvdAfter":6,"segs":6,"verts":7,"moved":6,"passes":6,"reverted":true,"proposed":2,"comps":3,"fallback":0,"rounds":0,"clusterMoves":0,"groupsH":0,"groupsV":0,"iters":3,"iterCap":20,"converged":true}},"force":{"cellAfter":[["n10558100341",6,6],["n6948328324",3,5],["n9725612753",2,4],["n6948311345",1,3],["n6905653026",0,0],["n6905653014",4,0],["n10575911182",5,2]],"stats":{"hvBefore":0,"hvAfter":1,"hvdBefore":3,"hvdAfter":3,"segs":6,"verts":7,"moved":1,"passes":2,"reverted":false,"proposed":6,"revertedN":3,"batches":7,"rounds":80,"clusterMoves":0,"groupsH":0,"groupsV":0,"comps":0,"fallback":0,"iters":2,"iterCap":20,"converged":true}},"lsq":{"cellAfter":[["n10558100341",6,5],["n6948328324",3,5],["n9725612753",2,4],["n6948311345",1,3],["n6905653026",0,1],["n6905653014",4,1],["n10575911182",5,3]],"stats":{"hvBefore":0,"hvAfter":3,"hvdBefore":5,"hvdAfter":5,"segs":6,"verts":7,"moved":3,"passes":3,"reverted":false,"proposed":0,"rounds":120,"clusterMoves":0,"groupsH":0,"groupsV":0,"comps":0,"fallback":0,"iters":2,"iterCap":20,"converged":true}},"octi":{"cellAfter":[["n10558100341",6,6],["n6948328324",3,5],["n9725612753",2,4],["n6948311345",1,2],["n6905653026",0,1],["n6905653014",4,1],["n10575911182",5,2]],"stats":{"hvBefore":0,"hvAfter":2,"hvdBefore":4,"hvdAfter":4,"segs":6,"verts":7,"moved":2,"passes":4,"reverted":false,"proposed":2,"revertedN":2,"batches":7,"settled":7,"rounds":0,"clusterMoves":0,"groupsH":0,"groupsV":0,"comps":0,"fallback":0,"iters":2,"iterCap":20,"converged":true}},"path":{"cellAfter":[["n10558100341",6,6],["n6948328324",4,4],["n9725612753",3,3],["n6948311345",2,2],["n6905653026",1,2],["n6905653014",3,0],["n10575911182",5,2]],"stats":{"hvBefore":0,"hvAfter":2,"hvdBefore":6,"hvdAfter":6,"segs":6,"verts":7,"moved":5,"passes":2,"reverted":false,"proposed":6,"revertedN":0,"batches":1,"chains":1,"links":1,"rounds":0,"clusterMoves":0,"groupsH":0,"groupsV":0,"comps":0,"fallback":0,"iters":2,"iterCap":20,"converged":true}},"sat":{"cellAfter":[["n10558100341",6,6],["n6948328324",5,6],["n9725612753",3,4],["n6948311345",0,1],["n6905653026",0,0],["n6905653014",2,0],["n10575911182",5,1]],"stats":{"hvBefore":0,"hvAfter":4,"hvdBefore":6,"hvdAfter":6,"segs":6,"verts":7,"moved":6,"passes":6,"reverted":true,"proposed":2,"comps":3,"fallback":0,"rounds":0,"clusterMoves":0,"groupsH":0,"groupsV":0,"iters":3,"iterCap":20,"converged":true}}},"layouts":{},"loops":{"hc":{"cellAfter":[["n10558100341",1,3],["n6948328324",0,3],["n9725612753",0,2],["n6948311345",0,1],["n6905653026",0,0],["n6905653014",1,0],["n10575911182",1,1]],"stats":{"hvBefore":0,"hvAfter":6,"segs":6,"verts":7,"moved":14,"lineMoved":2,"gatherMoved":1,"rounds":2,"roundCap":200,"converged":true,"fromCols":7,"fromRows":7,"cols":2,"rows":4,"emptyCols":[],"emptyRows":[],"dense":true},"cols":2,"rows":4},"stroke":{"cellAfter":[["n10558100341",2,3],["n6948328324",2,2],["n9725612753",1,2],["n6948311345",1,1],["n6905653026",0,1],["n6905653014",0,0],["n10575911182",2,1]],"stats":{"hvBefore":3,"hvAfter":6,"segs":6,"verts":7,"moved":3,"lineMoved":1,"gatherMoved":0,"rounds":2,"roundCap":200,"converged":true,"fromCols":7,"fromRows":7,"cols":3,"rows":4,"emptyCols":[],"emptyRows":[],"dense":true},"cols":3,"rows":4},"rect":{"cellAfter":[["n10558100341",2,4],["n6948328324",2,3],["n9725612753",2,2],["n6948311345",2,1],["n6905653026",1,1],["n6905653014",0,1],["n10575911182",2,0]],"stats":{"hvBefore":3,"hvAfter":6,"segs":6,"verts":7,"moved":2,"lineMoved":1,"gatherMoved":0,"rounds":2,"roundCap":200,"converged":true,"fromCols":7,"fromRows":7,"cols":3,"rows":5,"emptyCols":[],"emptyRows":[],"dense":true},"cols":3,"rows":5},"milp":{"cellAfter":[["n10558100341",1,3],["n6948328324",0,3],["n9725612753",0,2],["n6948311345",0,1],["n6905653026",0,0],["n6905653014",1,0],["n10575911182",1,1]],"stats":{"hvBefore":4,"hvAfter":6,"segs":6,"verts":7,"moved":3,"lineMoved":2,"gatherMoved":1,"rounds":2,"roundCap":200,"converged":true,"fromCols":7,"fromRows":7,"cols":2,"rows":4,"emptyCols":[],"emptyRows":[],"dense":true},"cols":2,"rows":4},"force":{"cellAfter":[["n10558100341",1,3],["n6948328324",0,3],["n9725612753",0,2],["n6948311345",0,1],["n6905653026",0,0],["n6905653014",1,0],["n10575911182",1,1]],"stats":{"hvBefore":1,"hvAfter":6,"segs":6,"verts":7,"moved":13,"lineMoved":2,"gatherMoved":1,"rounds":2,"roundCap":200,"converged":true,"fromCols":7,"fromRows":7,"cols":2,"rows":4,"emptyCols":[],"emptyRows":[],"dense":true},"cols":2,"rows":4},"lsq":{"cellAfter":[["n10558100341",1,3],["n6948328324",0,3],["n9725612753",0,2],["n6948311345",0,1],["n6905653026",0,0],["n6905653014",1,0],["n10575911182",1,1]],"stats":{"hvBefore":3,"hvAfter":6,"segs":6,"verts":7,"moved":11,"lineMoved":2,"gatherMoved":1,"rounds":2,"roundCap":200,"converged":true,"fromCols":7,"fromRows":7,"cols":2,"rows":4,"emptyCols":[],"emptyRows":[],"dense":true},"cols":2,"rows":4},"octi":{"cellAfter":[["n10558100341",1,3],["n6948328324",0,3],["n9725612753",0,2],["n6948311345",0,1],["n6905653026",0,0],["n6905653014",1,0],["n10575911182",1,1]],"stats":{"hvBefore":2,"hvAfter":6,"segs":6,"verts":7,"moved":12,"lineMoved":2,"gatherMoved":1,"rounds":2,"roundCap":200,"converged":true,"fromCols":7,"fromRows":7,"cols":2,"rows":4,"emptyCols":[],"emptyRows":[],"dense":true},"cols":2,"rows":4},"path":{"cellAfter":[["n10558100341",2,3],["n6948328324",1,3],["n9725612753",1,2],["n6948311345",1,1],["n6905653026",0,1],["n6905653014",0,0],["n10575911182",2,1]],"stats":{"hvBefore":2,"hvAfter":6,"segs":6,"verts":7,"moved":7,"lineMoved":1,"gatherMoved":1,"rounds":2,"roundCap":200,"converged":true,"fromCols":7,"fromRows":7,"cols":3,"rows":4,"emptyCols":[],"emptyRows":[],"dense":true},"cols":3,"rows":4},"sat":{"cellAfter":[["n10558100341",1,3],["n6948328324",0,3],["n9725612753",0,2],["n6948311345",0,1],["n6905653026",0,0],["n6905653014",1,0],["n10575911182",1,1]],"stats":{"hvBefore":4,"hvAfter":6,"segs":6,"verts":7,"moved":3,"lineMoved":2,"gatherMoved":1,"rounds":2,"roundCap":200,"converged":true,"fromCols":7,"fromRows":7,"cols":2,"rows":4,"emptyCols":[],"emptyRows":[],"dense":true},"cols":2,"rows":4}},"endp":{"hc":{"cellAfter":[["n10558100341",3,3],["n6948328324",2,3],["n9725612753",2,2],["n6948311345",0,1],["n6905653026",0,0],["n6905653014",1,0],["n10575911182",1,1]],"stats":{"hvBefore":0,"hvAfter":5,"segs":6,"verts":7,"moved":14,"movedPts":14,"movedLines":0,"converged":true,"fromCols":7,"fromRows":7,"cols":4,"rows":4},"cols":4,"rows":4},