{"algo":"hccells-v4","fingerprint":"1opuo4q:rg1.15","cityId":"am-bra-salvador","variant":"rot","shapelike":false,"hc":{"cellAfter":[["n5800854929",0,1],["n5330886492",1,2],["n460845823",2,5],["n11462474653",3,0],["n492578622",4,3],["n5455666755",5,4]],"stats":{"verts":6,"segs":5,"hvAfter":0,"ms":0,"base":"grid"}},"posts":{"stroke":{"cellAfter":[["n5800854929",0,2],["n5330886492",1,2],["n11462474653",2,2],["n460845823",2,3],["n492578622",3,3],["n5455666755",3,4]],"stats":{"hvBefore":0,"hvAfter":4,"hvdBefore":5,"hvdAfter":5,"segs":5,"verts":6,"moved":5,"passes":44,"reverted":false,"proposed":5,"revertedN":0,"batches":2,"strokes":2,"substrokes":2,"rounds":0,"clusterMoves":0,"groupsH":0,"groupsV":0,"comps":0,"fallback":0,"iters":20,"iterCap":20,"converged":false}},"rect":{"cellAfter":[["n5800854929",0,1],["n5330886492",1,2],["n11462474653",5,1],["n460845823",1,3],["n492578622",1,4],["n5455666755",1,5]],"stats":{"before":380294.494688111,"after":57902.13778708068,"rounds":3,"moved":4,"clusterMoves":0,"idealHop":1,"verts":6,"segs":5,"hvBefore":0,"hvAfter":3,"groupsH":0,"groupsV":0,"comps":0,"fallback":0,"passes":0,"reverted":false,"iters":2,"iterCap":20,"converged":true}},"milp":{"cellAfter":[["n5800854929",0,1],["n5330886492",1,2],["n11462474653",3,0],["n460845823",2,5],["n492578622",4,3],["n5455666755",5,4]],"stats":{"hvBefore":0,"hvAfter":0,"hvdBefore":4,"hvdAfter":4,"segs":5,"verts":6,"moved":0,"passes":2,"reverted":true,"proposed":4,"comps":1,"fallback":0,"rounds":0,"clusterMoves":0,"groupsH":0,"groupsV":0,"iters":1,"iterCap":20,"converged":true}},"force":{"cellAfter":[["n5800854929",0,1],["n5330886492",1,2],["n11462474653",3,0],["n460845823",4,5],["n492578622",4,3],["n5455666755",5,4]],"stats":{"hvBefore":0,"hvAfter":1,"hvdBefore":5,"hvdAfter":5,"segs":5,"verts":6,"moved":1,"passes":2,"reverted":false,"proposed":6,"revertedN":1,"batches":6,"rounds":80,"clusterMoves":0,"groupsH":0,"groupsV":0,"comps":0,"fallback":0,"iters":2,"iterCap":20,"converged":true}},"lsq":{"cellAfter":[["n5800854929",0,1],["n5330886492",1,2],["n11462474653",3,0],["n460845823",1,5],["n492578622",3,3],["n5455666755",4,4]],"stats":{"hvBefore":0,"hvAfter":1,"hvdBefore":5,"hvdAfter":5,"segs":5,"verts":6,"moved":3,"passes":3,"reverted":false,"proposed":0,"rounds":120,"clusterMoves":0,"groupsH":0,"groupsV":0,"comps":0,"fallback":0,"iters":2,"iterCap":20,"converged":true}},"octi":{"cellAfter":[["n5800854929",0,1],["n5330886492",1,2],["n11462474653",3,0],["n460845823",2,5],["n492578622",4,3],["n5455666755",5,4]],"stats":{"hvBefore":0,"hvAfter":0,"hvdBefore":4,"hvdAfter":4,"segs":5,"verts":6,"moved":0,"passes":0,"reverted":false,"proposed":1,"revertedN":1,"batches":6,"settled":6,"rounds":0,"clusterMoves":0,"groupsH":0,"groupsV":0,"comps":0,"fallback":0,"iters":1,"iterCap":20,"converged":true}},"path":{"cellAfter":[["n5800854929",0,1],["n5330886492",1,1],["n11462474653",3,1],["n460845823",2,5],["n492578622",4,5],["n5455666755",5,5]],"stats":{"hvBefore":0,"hvAfter":4,"hvdBefore":4,"hvdAfter":4,"segs":5,"verts":6,"moved":4,"passes":5,"reverted":false,"proposed":0,"revertedN":0,"batches":2,"chains":2,"links":3,"rounds":0,"clusterMoves":0,"groupsH":0,"groupsV":0,"comps":0,"fallback":0,"iters":2,"iterCap":20,"converged":true}},"sat":{"cellAfter":[["n5800854929",0,1],["n5330886492",1,2],["n11462474653",3,0],["n460845823",2,5],["n492578622",4,3],["n5455666755",5,4]],"stats":{"hvBefore":0,"hvAfter":0,"hvdBefore":4,"hvdAfter":4,"segs":5,"verts":6,"moved":0,"passes":2,"reverted":true,"proposed":4,"comps":1,"fallback":0,"rounds":0,"clusterMoves":0,"groupsH":0,"groupsV":0,"iters":1,"iterCap":20,"converged":true}}},"layouts":{},"loops":{"hc":{"cellAfter":[["n5800854929",0,0],["n5330886492",1,0],["n11462474653",2,0],["n460845823",1,1],["n492578622",2,1],["n5455666755",3,1]],"stats":{"hvBefore":0,"hvAfter":5,"segs":5,"verts":6,"moved":4,"lineMoved":2,"gatherMoved":1,"rounds":2,"roundCap":200,"converged":true,"fromCols":6,"fromRows":6,"cols":4,"rows":2},"cols":4,"rows":2},"stroke":{"cellAfter":[["n5800854929",0,0],["n5330886492",1,0],["n11462474653",2,0],["n460845823",1,1],["n492578622",2,1],["n5455666755",2,2]],"stats":{"hvBefore":4,"hvAfter":5,"segs":5,"verts":6,"moved":1,"lineMoved":1,"gatherMoved":0,"rounds":2,"roundCap":200,"converged":true,"fromCols":6,"fromRows":6,"cols":3,"rows":3},"cols":3,"rows":3},"rect":{"cellAfter":[["n5800854929",0,1],["n5330886492",1,1],["n11462474653",1,0],["n460845823",1,2],["n492578622",1,3],["n5455666755",1,4]],"stats":{"hvBefore":3,"hvAfter":5,"segs":5,"verts":6,"moved":2,"lineMoved":0,"gatherMoved":0,"rounds":2,"roundCap":200,"converged":true,"fromCols":6,"fromRows":6,"cols":2,"rows":5},"cols":2,"rows":5},"milp":{"cellAfter":[["n5800854929",0,0],["n5330886492",1,0],["n11462474653",2,0],["n460845823",1,1],["n492578622",2,1],["n5455666755",3,1]],"stats":{"hvBefore":0,"hvAfter":5,"segs":5,"verts":6,"moved":4,"lineMoved":2,"gatherMoved":1,"rounds":2,"roundCap":200,"converged":true,"fromCols":6,"fromRows":6,"cols":4,"rows":2},"cols":4,"rows":2},"force":{"cellAfter":[["n5800854929",0,1],["n5330886492",1,1],["n11462474653",1,0],["n460845823",1,2],["n492578622",2,2],["n5455666755",3,2]],"stats":{"hvBefore":1,"hvAfter":5,"segs":5,"verts":6,"moved":4,"lineMoved":1,"gatherMoved":0,"rounds":2,"roundCap":200,"converged":true,"fromCols":6,"fromRows":6,"cols":4,"rows":3},"cols":4,"rows":3},"lsq":{"cellAfter":[["n5800854929",0,1],["n5330886492",1,1],["n11462474653",1,0],["n460845823",1,2],["n492578622",2,2],["n5455666755",3,2]],"stats":{"hvBefore":1,"hvAfter":5,"segs":5,"verts":6,"moved":4,"lineMoved":0,"gatherMoved":0,"rounds":2,"roundCap":200,"converged":true,"fromCols":6,"fromRows":6,"cols":4,"rows":3},"cols":4,"rows":3},"octi":{"cellAfter":[["n5800854929",0,0],["n5330886492",1,0],["n11462474653",2,0],["n460845823",1,1],["n492578622",2,1],["n5455666755",3,1]],"stats":{"hvBefore":0,"hvAfter":5,"segs":5,"verts":6,"moved":4,"lineMoved":2,"gatherMoved":1,"rounds":2,"roundCap":200,"converged":true,"fromCols":6,"fromRows":6,"cols":4,"rows":2},"cols":4,"rows":2},"path":{"cellAfter":[["n5800854929",0,0],["n5330886492",1,0],["n11462474653",2,0],["n460845823",1,1],["n492578622",2,1],["n5455666755",3,1]],"stats":{"hvBefore":4,"hvAfter":5,"segs":5,"verts":6,"moved":2,"lineMoved":0,"gatherMoved":1,"rounds":2,"roundCap":200,"converged":true,"fromCols":6,"fromRows":6,"cols":4,"rows":2},"cols":4,"rows":2},"sat":{"cellAfter":[["n5800854929",0,0],["n5330886492",1,0],["n11462474653",2,0],["n460845823",1,1],["n492578622",2,1],["n5455666755",3,1]],"stats":{"hvBefore":0,"hvAfter":5,"segs":5,"verts":6,"moved":4,"lineMoved":2,"gatherMoved":1,"rounds":2,"roundCap":200,"converged":true,"fromCols":6,"fromRows":6,"cols":4,"rows":2},"cols":4,"rows":2}},"endp":{"hc":{"cellAfter":[["n5800854929",0,1],["n5330886492",1,1],["n11462474653",1,0],["n460845823",1,2],["n492578622",2,2],["n5455666755",3,2]],"stats":{"hvBefore":0,"hvAfter":5,"segs":5,"verts":6,"moved":7,"movedPts":7,"movedLines":0,"converged":true,"fromCols":6,"fromRows":6,"cols":4,"rows":3},"cols":4,"rows":3},"stroke":{"cellAfter":[["n5800854929",0,0],["n5330886492",1,0],["n11462474653",2,0],["n460845823",1,1],["n492578622",3,1],["n5455666755",3,2]],"stats":{"hvBefore":4,"hvAfter":5,"segs":5,"verts":6,"moved":1,"movedPts":1,"movedLines":0,"converged":true,"fromCols":4,"fromRows":3,"cols":4,"rows":3},"cols":4,"rows":3},"rect":{"cellAfter":[["n5800854929",0,1],["n5330886492",1,1],["n11462474653",1,0],["n460845823",1,2],["n492578622",1,3],["n5455666755",1,4]],"stats":{"hvBefore":3,"hvAfter":5,"segs":5,"verts":6,"moved":2,"movedPts":2,"movedLines":0,"converged":true,"fromCols":3,"fromRows":5,"cols":2,"rows":5},"cols":2,"rows":5},"milp":{"cellAfter":[["n5800854929",0,1],["n5330886492",1,1],["n11462474653",1,0],["n460845823",1,2],["n492578622",2,2],["n5455666755",3,2]],"stats":{"hvBefore":0,"hvAfter":5,"segs":5,"verts":6,"moved":7,"movedPts":7,"movedLines":0,"converged":true,"fromCols":6,"fromRows":6,"cols":4,"rows":3},"cols":4,"rows":3},