{"algo":"hccells-v8","fingerprint":"1ak6ctx:rg1.15","cityId":"am-bra-belo-horizonte","variant":"rot","shapelike":false,"hc":{"cellAfter":[["n12263024333",0,2],["n5325804812",1,4],["n4063415089",2,3],["n60281813",3,5],["n5310823862",4,0],["n5371461011",5,1]],"stats":{"verts":6,"segs":5,"hvAfter":0,"ms":0,"base":"grid"}},"posts":{"stroke":{"cellAfter":[["n12263024333",2,3],["n5325804812",2,4],["n4063415089",2,5],["n60281813",4,5],["n5371461011",4,1],["n5310823862",4,0]],"stats":{"hvBefore":0,"hvAfter":5,"hvdBefore":5,"hvdAfter":5,"segs":5,"verts":6,"moved":5,"passes":12,"reverted":false,"proposed":4,"revertedN":0,"batches":4,"strokes":1,"substrokes":4,"rounds":0,"clusterMoves":0,"groupsH":0,"groupsV":0,"comps":0,"fallback":0,"iters":4,"iterCap":20,"converged":true}},"rect":{"cellAfter":[["n12263024333",0,1],["n5325804812",1,1],["n4063415089",2,1],["n60281813",3,1],["n5371461011",4,1],["n5310823862",5,1]],"stats":{"before":559021.1998651124,"after":185.83333333333334,"rounds":5,"moved":6,"clusterMoves":3,"idealHop":1,"verts":6,"segs":5,"hvBefore":0,"hvAfter":5,"groupsH":0,"groupsV":0,"comps":0,"fallback":0,"passes":0,"reverted":false,"iters":2,"iterCap":20,"converged":true}},"milp":{"cellAfter":[["n12263024333",0,4],["n5325804812",1,4],["n4063415089",1,3],["n60281813",5,4],["n5371461011",5,1],["n5310823862",5,0]],"stats":{"hvBefore":0,"hvAfter":4,"hvdBefore":4,"hvdAfter":4,"segs":5,"verts":6,"moved":4,"passes":4,"reverted":true,"proposed":5,"comps":2,"fallback":0,"rounds":0,"clusterMoves":0,"groupsH":0,"groupsV":0,"iters":2,"iterCap":20,"converged":true}},"force":{"cellAfter":[["n12263024333",0,2],["n5325804812",0,4],["n4063415089",2,3],["n60281813",3,3],["n5371461011",5,0],["n5310823862",4,0]],"stats":{"hvBefore":0,"hvAfter":3,"hvdBefore":3,"hvdAfter":3,"segs":5,"verts":6,"moved":3,"passes":6,"reverted":false,"proposed":6,"revertedN":2,"batches":6,"rounds":80,"clusterMoves":0,"groupsH":0,"groupsV":0,"comps":0,"fallback":0,"iters":2,"iterCap":20,"converged":true}},"lsq":{"cellAfter":[["n12263024333",0,3],["n5325804812",0,4],["n4063415089",3,4],["n60281813",3,5],["n5371461011",5,3],["n5310823862",5,1]],"stats":{"hvBefore":0,"hvAfter":4,"hvdBefore":5,"hvdAfter":5,"segs":5,"verts":6,"moved":5,"passes":10,"reverted":false,"proposed":0,"rounds":300,"clusterMoves":0,"groupsH":0,"groupsV":0,"comps":0,"fallback":0,"iters":5,"iterCap":20,"converged":true}},"octi":{"cellAfter":[["n12263024333",0,2],["n5325804812",0,4],["n4063415089",2,4],["n60281813",3,4],["n5371461011",5,1],["n5310823862",4,0]],"stats":{"hvBefore":0,"hvAfter":3,"hvdBefore":4,"hvdAfter":4,"segs":5,"verts":6,"moved":3,"passes":6,"reverted":false,"proposed":0,"revertedN":0,"batches":6,"settled":6,"rounds":0,"clusterMoves":0,"groupsH":0,"groupsV":0,"comps":0,"fallback":0,"iters":2,"iterCap":20,"converged":true}},"path":{"cellAfter":[["n12263024333",0,1],["n5325804812",1,1],["n4063415089",2,1],["n60281813",3,2],["n5371461011",5,1],["n5310823862",4,1]],"stats":{"hvBefore":0,"hvAfter":3,"hvdBefore":4,"hvdAfter":4,"segs":5,"verts":6,"moved":5,"passes":6,"reverted":false,"proposed":1,"revertedN":0,"batches":1,"chains":1,"links":1,"rounds":0,"clusterMoves":0,"groupsH":0,"groupsV":0,"comps":0,"fallback":0,"iters":4,"iterCap":20,"converged":true}},"sat":{"cellAfter":[["n12263024333",0,4],["n5325804812",1,4],["n4063415089",1,3],["n60281813",5,4],["n5371461011",5,1],["n5310823862",5,0]],"stats":{"hvBefore":0,"hvAfter":4,"hvdBefore":4,"hvdAfter":4,"segs":5,"verts":6,"moved":4,"passes":4,"reverted":true,"proposed":5,"comps":2,"fallback":0,"rounds":0,"clusterMoves":0,"groupsH":0,"groupsV":0,"iters":2,"iterCap":20,"converged":true}}},"layouts":{},"loops":{"hc":{"cellAfter":[["n12263024333",0,1],["n5325804812",0,2],["n4063415089",1,2],["n60281813",2,2],["n5371461011",2,1],["n5310823862",2,0]],"stats":{"hvBefore":0,"hvAfter":5,"segs":5,"verts":6,"moved":5,"lineMoved":0,"gatherMoved":0,"rounds":2,"roundCap":200,"converged":true,"fromCols":6,"fromRows":6,"cols":3,"rows":3,"emptyCols":[],"emptyRows":[],"dense":true},"cols":3,"rows":3},"stroke":{"cellAfter":[["n12263024333",0,1],["n5325804812",0,2],["n4063415089",0,3],["n60281813",1,3],["n5371461011",1,1],["n5310823862",1,0]],"stats":{"hvBefore":5,"hvAfter":5,"segs":5,"verts":6,"moved":0,"lineMoved":0,"gatherMoved":1,"rounds":2,"roundCap":200,"converged":true,"fromCols":6,"fromRows":6,"cols":2,"rows":4,"emptyCols":[],"emptyRows":[],"dense":true},"cols":2,"rows":4},"rect":{"cellAfter":[["n12263024333",0,0],["n5325804812",1,0],["n4063415089",2,0],["n60281813",3,0],["n5371461011",4,0],["n5310823862",5,0]],"stats":{"hvBefore":5,"hvAfter":5,"segs":5,"verts":6,"moved":0,"lineMoved":0,"gatherMoved":0,"rounds":1,"roundCap":200,"converged":true,"fromCols":6,"fromRows":6,"cols":6,"rows":1,"emptyCols":[],"emptyRows":[],"dense":true},"cols":6,"rows":1},"milp":{"cellAfter":[["n12263024333",0,3],["n5325804812",1,3],["n4063415089",1,2],["n60281813",2,2],["n5371461011",2,1],["n5310823862",2,0]],"stats":{"hvBefore":4,"hvAfter":5,"segs":5,"verts":6,"moved":1,"lineMoved":0,"gatherMoved":0,"rounds":2,"roundCap":200,"converged":true,"fromCols":6,"fromRows":6,"cols":3,"rows":4,"emptyCols":[],"emptyRows":[],"dense":true},"cols":3,"rows":4},"force":{"cellAfter":[["n12263024333",0,1],["n5325804812",0,2],["n4063415089",1,2],["n60281813",1,1],["n5371461011",2,1],["n5310823862",2,0]],"stats":{"hvBefore":3,"hvAfter":5,"segs":5,"verts":6,"moved":3,"lineMoved":0,"gatherMoved":0,"rounds":2,"roundCap":200,"converged":true,"fromCols":6,"fromRows":6,"cols":3,"rows":3,"emptyCols":[],"emptyRows":[],"dense":true},"cols":3,"rows":3},"lsq":{"cellAfter":[["n12263024333",0,1],["n5325804812",0,2],["n4063415089",1,2],["n60281813",2,2],["n5371461011",2,1],["n5310823862",2,0]],"stats":{"hvBefore":4,"hvAfter":5,"segs":5,"verts":6,"moved":1,"lineMoved":0,"gatherMoved":0,"rounds":2,"roundCap":200,"converged":true,"fromCols":6,"fromRows":6,"cols":3,"rows":3,"emptyCols":[],"emptyRows":[],"dense":true},"cols":3,"rows":3},"octi":{"cellAfter":[["n12263024333",0,0],["n5325804812",0,1],["n4063415089",1,1],["n60281813",2,1],["n5371461011",3,1],["n5310823862",3,0]],"stats":{"hvBefore":3,"hvAfter":5,"segs":5,"verts":6,"moved":4,"lineMoved":0,"gatherMoved":0,"rounds":2,"roundCap":200,"converged":true,"fromCols":6,"fromRows":6,"cols":4,"rows":2,"emptyCols":[],"emptyRows":[],"dense":true},"cols":4,"rows":2},"path":{"cellAfter":[["n12263024333",0,0],["n5325804812",1,0],["n4063415089",2,0],["n60281813",2,1],["n5371461011",3,1],["n5310823862",3,0]],"stats":{"hvBefore":3,"hvAfter":5,"segs":5,"verts":6,"moved":2,"lineMoved":0,"gatherMoved":0,"rounds":2,"roundCap":200,"converged":true,"fromCols":6,"fromRows":6,"cols":4,"rows":2,"emptyCols":[],"emptyRows":[],"dense":true},"cols":4,"rows":2},"sat":{"cellAfter":[["n12263024333",0,3],["n5325804812",1,3],["n4063415089",1,2],["n60281813",2,2],["n5371461011",2,1],["n5310823862",2,0]],"stats":{"hvBefore":4,"hvAfter":5,"segs":5,"verts":6,"moved":1,"lineMoved":0,"gatherMoved":0,"rounds":2,"roundCap":200,"converged":true,"fromCols":6,"fromRows":6,"cols":3,"rows":4,"emptyCols":[],"emptyRows":[],"dense":true},"cols":3,"rows":4}},"endp":{"hc":{"cellAfter":[["n12263024333",0,1],["n5325804812",0,2],["n4063415089",1,2],["n60281813",2,2],["n5371461011",2,1],["n5310823862",2,0]],"stats":{"hvBefore":0,"hvAfter":5,"segs":5,"verts":6,"moved":5,"movedPts":5,"movedLines":0,"converged":true,"fromCols":6,"fromRows":6,"cols":3,"rows":3},"cols":3,"rows":3},"stroke":{"cellAfter":[["n12263024333",0,2],["n5325804812",0,3],["n4063415089",0,4],["n60281813",1,4],["n5371461011",1,1],["n5310823862",1,0]],"stats":{"hvBefore":5,"hvAfter":5,"segs":5,"verts":6,"moved":0,"movedPts":0,"movedLines":0,"converged":true,"fromCols":2,"fromRows":5,"cols":2,"rows":5},"cols":2,"rows":5},"rect":{"cellAfter":[["n12263024333",0,0],["n5325804812",1,0],["n4063415089",2,0],["n60281813",3,0],["n5371461011",4,0],["n5310823862",5,0]],"stats":{"hvBefore":5,"hvAfter":5,"segs":5,"verts":6,"moved":0,"movedPts":0,"movedLines":0,"converged":true,