{"algo":"hccells-v8","fingerprint":"lo8gnf:rg1.15","cityId":"am-bra-salvador","variant":"orig","shapelike":false,"hc":{"cellAfter":[["n10750562215",0,5],["n1196075755",1,6],["n5330886492",2,4],["n11462474653",3,0],["n460845823",4,3],["n492578622",5,2],["n5455666755",6,1]],"stats":{"verts":7,"segs":6,"hvAfter":0,"ms":0,"base":"grid"}},"posts":{"stroke":{"cellAfter":[["n10750562215",1,6],["n1196075755",2,6],["n5330886492",2,4],["n11462474653",2,0],["n460845823",4,4],["n492578622",5,4],["n5455666755",6,4]],"stats":{"hvBefore":0,"hvAfter":6,"hvdBefore":6,"hvdAfter":6,"segs":6,"verts":7,"moved":6,"passes":10,"reverted":false,"proposed":5,"revertedN":0,"batches":3,"strokes":2,"substrokes":3,"rounds":0,"clusterMoves":0,"groupsH":0,"groupsV":0,"comps":0,"fallback":0,"iters":3,"iterCap":20,"converged":true}},"rect":{"cellAfter":[["n10750562215",0,6],["n1196075755",1,5],["n5330886492",2,4],["n11462474653",1,0],["n460845823",3,4],["n492578622",4,4],["n5455666755",5,4]],"stats":{"before":348275.4102878153,"after":85655.17079566968,"rounds":4,"moved":6,"clusterMoves":0,"idealHop":1,"verts":7,"segs":6,"hvBefore":0,"hvAfter":3,"groupsH":0,"groupsV":0,"comps":0,"fallback":0,"passes":0,"reverted":false,"iters":2,"iterCap":20,"converged":true}},"milp":{"cellAfter":[["n10750562215",0,6],["n1196075755",1,6],["n5330886492",1,5],["n11462474653",1,0],["n460845823",4,3],["n492578622",6,1],["n5455666755",6,0]],"stats":{"hvBefore":0,"hvAfter":4,"hvdBefore":5,"hvdAfter":5,"segs":6,"verts":7,"moved":5,"passes":8,"reverted":false,"proposed":1,"comps":4,"fallback":0,"rounds":0,"clusterMoves":0,"groupsH":0,"groupsV":0,"iters":4,"iterCap":20,"converged":true}},"force":{"cellAfter":[["n10750562215",0,6],["n1196075755",1,6],["n5330886492",2,6],["n11462474653",3,0],["n460845823",4,3],["n492578622",5,2],["n5455666755",6,1]],"stats":{"hvBefore":0,"hvAfter":2,"hvdBefore":4,"hvdAfter":4,"segs":6,"verts":7,"moved":2,"passes":4,"reverted":false,"proposed":7,"revertedN":0,"batches":7,"rounds":80,"clusterMoves":0,"groupsH":0,"groupsV":0,"comps":0,"fallback":0,"iters":2,"iterCap":20,"converged":true}},"lsq":{"cellAfter":[["n10750562215",0,5],["n1196075755",0,6],["n5330886492",2,4],["n11462474653",2,0],["n460845823",4,2],["n492578622",4,1],["n5455666755",6,1]],"stats":{"hvBefore":0,"hvAfter":4,"hvdBefore":6,"hvdAfter":6,"segs":6,"verts":7,"moved":4,"passes":3,"reverted":false,"proposed":0,"rounds":120,"clusterMoves":0,"groupsH":0,"groupsV":0,"comps":0,"fallback":0,"iters":2,"iterCap":20,"converged":true}},"octi":{"cellAfter":[["n10750562215",0,6],["n1196075755",2,6],["n5330886492",2,4],["n11462474653",2,0],["n460845823",4,4],["n492578622",4,2],["n5455666755",4,1]],"stats":{"hvBefore":0,"hvAfter":6,"hvdBefore":6,"hvdAfter":6,"segs":6,"verts":7,"moved":6,"passes":12,"reverted":false,"proposed":0,"revertedN":0,"batches":7,"settled":7,"rounds":0,"clusterMoves":0,"groupsH":0,"groupsV":0,"comps":0,"fallback":0,"iters":2,"iterCap":20,"converged":true}},"path":{"cellAfter":[["n10750562215",0,5],["n1196075755",2,6],["n5330886492",2,4],["n11462474653",3,0],["n460845823",4,3],["n492578622",5,2],["n5455666755",6,1]],"stats":{"hvBefore":0,"hvAfter":1,"hvdBefore":3,"hvdAfter":3,"segs":6,"verts":7,"moved":1,"passes":2,"reverted":false,"proposed":5,"revertedN":0,"batches":2,"chains":2,"links":2,"rounds":0,"clusterMoves":0,"groupsH":0,"groupsV":0,"comps":0,"fallback":0,"iters":2,"iterCap":20,"converged":true}},"sat":{"cellAfter":[["n10750562215",0,6],["n1196075755",1,6],["n5330886492",1,5],["n11462474653",1,0],["n460845823",4,3],["n492578622",6,1],["n5455666755",6,0]],"stats":{"hvBefore":0,"hvAfter":4,"hvdBefore":5,"hvdAfter":5,"segs":6,"verts":7,"moved":5,"passes":8,"reverted":false,"proposed":1,"comps":4,"fallback":0,"rounds":0,"clusterMoves":0,"groupsH":0,"groupsV":0,"iters":4,"iterCap":20,"converged":true}}},"layouts":{},"loops":{"hc":{"cellAfter":[["n10750562215",0,2],["n1196075755",1,2],["n5330886492",1,1],["n11462474653",1,0],["n460845823",2,1],["n492578622",2,0],["n5455666755",3,0]],"stats":{"hvBefore":0,"hvAfter":6,"segs":6,"verts":7,"moved":7,"lineMoved":1,"gatherMoved":0,"rounds":2,"roundCap":200,"converged":true,"fromCols":7,"fromRows":7,"cols":4,"rows":3,"emptyCols":[],"emptyRows":[],"dense":true},"cols":4,"rows":3},"stroke":{"cellAfter":[["n10750562215",0,2],["n1196075755",1,2],["n5330886492",1,1],["n11462474653",1,0],["n460845823",2,1],["n492578622",3,1],["n5455666755",4,1]],"stats":{"hvBefore":6,"hvAfter":6,"segs":6,"verts":7,"moved":0,"lineMoved":0,"gatherMoved":0,"rounds":1,"roundCap":200,"converged":true,"fromCols":7,"fromRows":7,"cols":5,"rows":3,"emptyCols":[],"emptyRows":[],"dense":true},"cols":5,"rows":3},"rect":{"cellAfter":[["n10750562215",0,1],["n1196075755",1,1],["n5330886492",1,0],["n11462474653",0,0],["n460845823",2,0],["n492578622",3,0],["n5455666755",4,0]],"stats":{"hvBefore":3,"hvAfter":6,"segs":6,"verts":7,"moved":4,"lineMoved":0,"gatherMoved":0,"rounds":2,"roundCap":200,"converged":true,"fromCols":7,"fromRows":7,"cols":5,"rows":2,"emptyCols":[],"emptyRows":[],"dense":true},"cols":5,"rows":2},"milp":{"cellAfter":[["n10750562215",0,3],["n1196075755",1,3],["n5330886492",1,2],["n11462474653",1,1],["n460845823",2,2],["n492578622",2,1],["n5455666755",2,0]],"stats":{"hvBefore":4,"hvAfter":6,"segs":6,"verts":7,"moved":3,"lineMoved":0,"gatherMoved":1,"rounds":2,"roundCap":200,"converged":true,"fromCols":7,"fromRows":7,"cols":3,"rows":4,"emptyCols":[],"emptyRows":[],"dense":true},"cols":3,"rows":4},"force":{"cellAfter":[["n10750562215",0,1],["n1196075755",1,1],["n5330886492",2,1],["n11462474653",2,0],["n460845823",3,1],["n492578622",3,0],["n5455666755",4,0]],"stats":{"hvBefore":2,"hvAfter":6,"segs":6,"verts":7,"moved":5,"lineMoved":1,"gatherMoved":0,"rounds":2,"roundCap":200,"converged":true,"fromCols":7,"fromRows":7,"cols":5,"rows":2,"emptyCols":[],"emptyRows":[],"dense":true},"cols":5,"rows":2},"lsq":{"cellAfter":[["n10750562215",0,2],["n1196075755",1,2],["n5330886492",1,1],["n11462474653",1,0],["n460845823",2,1],["n492578622",2,0],["n5455666755",3,0]],"stats":{"hvBefore":4,"hvAfter":6,"segs":6,"verts":7,"moved":4,"lineMoved":1,"gatherMoved":0,"rounds":2,"roundCap":200,"converged":true,"fromCols":7,"fromRows":7,"cols":4,"rows":3,"emptyCols":[],"emptyRows":[],"dense":true},"cols":4,"rows":3},"octi":{"cellAfter":[["n10750562215",0,3],["n1196075755",1,3],["n5330886492",1,2],["n11462474653",1,1],["n460845823",2,2],["n492578622",2,1],["n5455666755",2,0]],"stats":{"hvBefore":6,"hvAfter":6,"segs":6,"verts":7,"moved":2,"lineMoved":0,"gatherMoved":0,"rounds":2,"roundCap":200,"converged":true,"fromCols":7,"fromRows":7,"cols":3,"rows":4,"emptyCols":[],"emptyRows":[],"dense":true},"cols":3,"rows":4},"path":{"cellAfter":[["n10750562215",0,2],["n1196075755",1,2],["n5330886492",1,1],["n11462474653",1,0],["n460845823",2,1],["n492578622",2,0],["n5455666755",3,0]],"stats":{"hvBefore":1,"hvAfter":6,"segs":6,"verts":7,"moved":6,"lineMoved":1,"gatherMoved":0,"rounds":2,"roundCap":200,"converged":true,"fromCols":7,"fromRows":7,"cols":4,"rows":3,"emptyCols":[],"emptyRows":[],"dense":true},"cols":4,"rows":3},"sat":{"cellAfter":[["n10750562215",0,3],["n1196075755",1,3],["n5330886492",1,2],["n11462474653",1,1],["n460845823",2,2],["n492578622",2,1],["n5455666755",2,0]],"stats":{"hvBefore":4,"hvAfter":6,"segs":6,"verts":7,"moved":3,"lineMoved":0,"gatherMoved":1,"rounds":2,"roundCap":200,"converged":true,"fromCols":7,"fromRows":7,"cols":3,"rows":4,"emptyCols":[],"emptyRows":[],"dense":true},"cols":3,"rows":4}},"endp":{"hc":{"cellAfter":[["n10750562215",0,3],["n1196075755",1,3],["n5330886492",1,2],["n11462474653",1,1],["n460845823",2,2],["n492578622",2,0],["n5455666755",3,0]],"stats":{"hvBefore":0,"hvAfter":6,"segs":6,"verts":7,"moved":7,"movedPts":7,"movedLines":0,"converged":true,"fromCols":7,"fromRows":7,"cols":4,"rows":4},"cols":4,"rows":4},"stroke":{"cellAfter":[["n10750562215",0,2],["n1196075755",1,2],["n5330886492",1,1],["n11462474653",1,0],["n460845823",2,1],["n492578622",3,1],["n5455666755",4,1]],