{"algo":"hccells-v4","fingerprint":"1vmxk59:rg1.15","cityId":"am-bol-cochabamba","variant":"orig","shapelike":false,"hc":{"cellAfter":[["n1229186878",0,9],["n1126404181",1,1],["n9281071586",2,0],["n10067956104",3,2],["n13284534138",4,6],["n9159825919",5,4],["n13919165207",6,5],["n11399410998",7,3],["n8502617125",8,7],["n12623661843",9,8]],"stats":{"verts":10,"segs":9,"hvAfter":0,"ms":0,"base":"grid"}},"posts":{"stroke":{"cellAfter":[["n11399410998",6,3],["n13919165207",6,5],["n9159825919",5,4],["n8502617125",6,6],["n12623661843",6,7],["n10067956104",3,2],["n9281071586",2,2],["n1126404181",0,4],["n1229186878",3,7],["n13284534138",5,6]],"stats":{"hvBefore":0,"hvAfter":5,"hvdBefore":9,"hvdAfter":9,"segs":9,"verts":10,"moved":7,"passes":24,"reverted":false,"proposed":10,"revertedN":0,"batches":7,"strokes":3,"substrokes":7,"rounds":0,"clusterMoves":0,"groupsH":0,"groupsV":0,"comps":0,"fallback":0,"iters":5,"iterCap":20,"converged":true}},"rect":{"cellAfter":[["n11399410998",7,2],["n13919165207",6,4],["n9159825919",5,4],["n8502617125",8,7],["n12623661843",9,9],["n10067956104",3,4],["n9281071586",2,4],["n1126404181",1,4],["n1229186878",0,4],["n13284534138",5,6]],"stats":{"before":512767.46501795284,"after":145390.05987712278,"rounds":4,"moved":8,"clusterMoves":3,"idealHop":1,"verts":10,"segs":9,"hvBefore":0,"hvAfter":6,"groupsH":0,"groupsV":0,"comps":0,"fallback":0,"passes":0,"reverted":false,"iters":2,"iterCap":20,"converged":true}},"milp":{"cellAfter":[["n11399410998",9,0],["n13919165207",9,1],["n9159825919",8,2],["n8502617125",9,6],["n12623661843",9,9],["n10067956104",4,2],["n9281071586",0,2],["n1126404181",0,6],["n1229186878",0,9],["n13284534138",6,4]],"stats":{"hvBefore":0,"hvAfter":7,"hvdBefore":9,"hvdAfter":9,"segs":9,"verts":10,"moved":9,"passes":9,"reverted":false,"proposed":0,"comps":5,"fallback":0,"rounds":0,"clusterMoves":0,"groupsH":0,"groupsV":0,"iters":5,"iterCap":20,"converged":true}},"force":{"cellAfter":[["n11399410998",7,5],["n13919165207",6,5],["n9159825919",5,4],["n8502617125",8,7],["n12623661843",9,8],["n10067956104",3,2],["n9281071586",2,0],["n1126404181",1,1],["n1229186878",0,9],["n13284534138",4,6]],"stats":{"hvBefore":0,"hvAfter":1,"hvdBefore":6,"hvdAfter":6,"segs":9,"verts":10,"moved":1,"passes":2,"reverted":false,"proposed":9,"revertedN":3,"batches":10,"rounds":80,"clusterMoves":0,"groupsH":0,"groupsV":0,"comps":0,"fallback":0,"iters":2,"iterCap":20,"converged":true}},"lsq":{"cellAfter":[["n11399410998",8,3],["n13919165207",6,5],["n9159825919",5,4],["n8502617125",8,7],["n12623661843",9,8],["n10067956104",3,2],["n9281071586",1,0],["n1126404181",1,1],["n1229186878",1,9],["n13284534138",4,5]],"stats":{"hvBefore":0,"hvAfter":2,"hvdBefore":9,"hvdAfter":9,"segs":9,"verts":10,"moved":4,"passes":3,"reverted":false,"proposed":0,"rounds":120,"clusterMoves":0,"groupsH":0,"groupsV":0,"comps":0,"fallback":0,"iters":2,"iterCap":20,"converged":true}},"octi":{"cellAfter":[["n11399410998",6,3],["n13919165207",6,5],["n9159825919",5,4],["n8502617125",8,7],["n12623661843",9,8],["n10067956104",3,2],["n9281071586",2,0],["n1126404181",1,1],["n1229186878",1,9],["n13284534138",4,5]],"stats":{"hvBefore":0,"hvAfter":2,"hvdBefore":8,"hvdAfter":8,"segs":9,"verts":10,"moved":3,"passes":6,"reverted":false,"proposed":0,"revertedN":0,"batches":10,"settled":10,"rounds":0,"clusterMoves":0,"groupsH":0,"groupsV":0,"comps":0,"fallback":0,"iters":2,"iterCap":20,"converged":true}},"path":{"cellAfter":[["n11399410998",6,1],["n13919165207",5,1],["n9159825919",5,3],["n8502617125",8,8],["n12623661843",9,8],["n10067956104",3,1],["n9281071586",3,0],["n1126404181",2,1],["n1229186878",3,9],["n13284534138",5,6]],"stats":{"hvBefore":0,"hvAfter":5,"hvdBefore":7,"hvdAfter":7,"segs":9,"verts":10,"moved":9,"passes":11,"reverted":false,"proposed":2,"revertedN":0,"batches":2,"chains":3,"links":4,"rounds":0,"clusterMoves":0,"groupsH":0,"groupsV":0,"comps":0,"fallback":0,"iters":4,"iterCap":20,"converged":true}},"sat":{"cellAfter":[["n11399410998",9,0],["n13919165207",9,1],["n9159825919",8,1],["n8502617125",9,5],["n12623661843",9,9],["n10067956104",4,1],["n9281071586",0,1],["n1126404181",0,5],["n1229186878",0,9],["n13284534138",5,4]],"stats":{"hvBefore":0,"hvAfter":8,"hvdBefore":9,"hvdAfter":9,"segs":9,"verts":10,"moved":9,"passes":10,"reverted":false,"proposed":1,"comps":5,"fallback":0,"rounds":0,"clusterMoves":0,"groupsH":0,"groupsV":0,"iters":5,"iterCap":20,"converged":true}}},"layouts":{},"loops":{"hc":{"cellAfter":[["n11399410998",2,1],["n13919165207",2,2],["n9159825919",1,2],["n8502617125",2,3],["n12623661843",2,4],["n10067956104",1,1],["n9281071586",1,0],["n1126404181",0,0],["n1229186878",0,2],["n13284534138",1,3]],"stats":{"hvBefore":0,"hvAfter":9,"segs":9,"verts":10,"moved":11,"lineMoved":2,"gatherMoved":2,"rounds":3,"roundCap":200,"converged":false,"fromCols":10,"fromRows":10,"cols":3,"rows":5},"cols":3,"rows":5},"stroke":{"cellAfter":[["n11399410998",2,0],["n13919165207",2,1],["n9159825919",1,1],["n8502617125",2,2],["n12623661843",2,3],["n10067956104",1,0],["n9281071586",0,0],["n1126404181",0,1],["n1229186878",0,2],["n13284534138",1,2]],"stats":{"hvBefore":5,"hvAfter":9,"segs":9,"verts":10,"moved":6,"lineMoved":1,"gatherMoved":1,"rounds":3,"roundCap":200,"converged":true,"fromCols":10,"fromRows":10,"cols":3,"rows":4},"cols":3,"rows":4},"rect":{"cellAfter":[["n11399410998",6,0],["n13919165207",5,0],["n9159825919",4,0],["n8502617125",5,1],["n12623661843",5,2],["n10067956104",3,0],["n9281071586",2,0],["n1126404181",1,0],["n1229186878",0,0],["n13284534138",4,1]],"stats":{"hvBefore":6,"hvAfter":9,"segs":9,"verts":10,"moved":3,"lineMoved":2,"gatherMoved":0,"rounds":3,"roundCap":200,"converged":true,"fromCols":10,"fromRows":10,"cols":7,"rows":3},"cols":7,"rows":3},"milp":{"cellAfter":[["n11399410998",3,0],["n13919165207",3,1],["n9159825919",2,1],["n8502617125",3,2],["n12623661843",3,3],["n10067956104",1,1],["n9281071586",0,1],["n1126404181",0,2],["n1229186878",0,3],["n13284534138",2,2]],"stats":{"hvBefore":7,"hvAfter":9,"segs":9,"verts":10,"moved":2,"lineMoved":0,"gatherMoved":1,"rounds":2,"roundCap":200,"converged":true,"fromCols":10,"fromRows":10,"cols":4,"rows":4},"cols":4,"rows":4},"force":{"cellAfter":[["n11399410998",4,1],["n13919165207",3,1],["n9159825919",2,1],["n8502617125",3,2],["n12623661843",3,3],["n10067956104",1,1],["n9281071586",1,0],["n1126404181",0,0],["n1229186878",0,1],["n13284534138",2,2]],"stats":{"hvBefore":1,"hvAfter":9,"segs":9,"verts":10,"moved":10,"lineMoved":3,"gatherMoved":0,"rounds":4,"roundCap":200,"converged":true,"fromCols":10,"fromRows":10,"cols":5,"rows":4},"cols":5,"rows":4},"lsq":{"cellAfter":[["n11399410998",2,1],["n13919165207",2,2],["n9159825919",1,2],["n8502617125",3,2],["n12623661843",3,3],["n10067956104",1,1],["n9281071586",1,0],["n1126404181",0,0],["n1229186878",0,1],["n13284534138",0,2]],"stats":{"hvBefore":2,"hvAfter":9,"segs":9,"verts":10,"moved":9,"lineMoved":4,"gatherMoved":0,"rounds":3,"roundCap":200,"converged":true,"fromCols":10,"fromRows":10,"cols":4,"rows":4},"cols":4,"rows":4},"octi":{"cellAfter":[["n11399410998",2,1],["n13919165207",2,2],["n9159825919",1,2],["n8502617125",3,2],["n12623661843",3,3],["n10067956104",1,1],["n9281071586",1,0],["n1126404181",0,0],["n1229186878",0,1],["n13284534138",0,2]],"stats":{"hvBefore":2,"hvAfter":9,"segs":9,"verts":10,"moved":9,"lineMoved":4,"gatherMoved":1,"rounds":4,"roundCap":200,"converged":true,"fromCols":10,"fromRows":10,"cols":4,"rows":4},"cols":4,"rows":4},"path":{"cellAfter":[["n11399410998",3,0],["n13919165207",2,0],["n9159825919",2,1],["n8502617125",3,2],["n12623661843",4,2],["n10067956104",1,1],["n9281071586",1,0],["n1126404181",0,0],["n1229186878",0,1],["n13284534138",2,2]],"stats":{"hvBefore":5,"hvAfter":8,"segs":9,"verts":10,"moved":5,"lineMoved":1,"gatherMoved":1,"rounds":3,"roundCap":200,"converged":true,"fromCols":10,"fromRows":10,"cols":5,"rows":3},"cols":5,"rows":3},