{"algo":"hccells-v4","fingerprint":"1bektjj:rg1.15","cityId":"am-bra-recife","variant":"rot","shapelike":false,"hc":{"cellAfter":[["n341684380",0,2],["n341724900",1,0],["n341714873",2,1],["n3746482927",3,7],["n341778825",4,3],["n5280081376",5,6],["n341781757",6,5],["n5279929238",7,4]],"stats":{"verts":8,"segs":7,"hvAfter":0,"ms":0,"base":"grid"}},"posts":{"stroke":{"cellAfter":[["n5279929238",7,5],["n341781757",6,5],["n341778825",4,3],["n341714873",2,1],["n5280081376",5,5],["n3746482927",3,5],["n341724900",1,0],["n341684380",1,1]],"stats":{"hvBefore":0,"hvAfter":4,"hvdBefore":7,"hvdAfter":7,"segs":7,"verts":8,"moved":4,"passes":7,"reverted":false,"proposed":7,"revertedN":0,"batches":3,"strokes":3,"substrokes":3,"rounds":0,"clusterMoves":0,"groupsH":0,"groupsV":0,"comps":0,"fallback":0,"iters":3,"iterCap":20,"converged":true}},"rect":{"cellAfter":[["n5279929238",7,0],["n341781757",6,2],["n341778825",4,2],["n341714873",3,2],["n5280081376",6,4],["n3746482927",6,6],["n341724900",2,0],["n341684380",0,7]],"stats":{"before":329018.2774391195,"after":108591.02107467462,"rounds":5,"moved":8,"clusterMoves":1,"idealHop":1,"verts":8,"segs":7,"hvBefore":0,"hvAfter":4,"groupsH":0,"groupsV":0,"comps":0,"fallback":0,"passes":0,"reverted":false,"iters":2,"iterCap":20,"converged":true}},"milp":{"cellAfter":[["n5279929238",7,4],["n341781757",7,5],["n341778825",5,2],["n341714873",3,0],["n5280081376",5,7],["n3746482927",1,7],["n341724900",0,0],["n341684380",0,2]],"stats":{"hvBefore":0,"hvAfter":3,"hvdBefore":5,"hvdAfter":5,"segs":7,"verts":8,"moved":6,"passes":5,"reverted":true,"proposed":7,"comps":2,"fallback":0,"rounds":0,"clusterMoves":0,"groupsH":0,"groupsV":0,"iters":2,"iterCap":20,"converged":true}},"force":{"cellAfter":[["n5279929238",7,4],["n341781757",6,5],["n341778825",4,3],["n341714873",2,1],["n5280081376",5,6],["n3746482927",3,7],["n341724900",1,0],["n341684380",0,2]],"stats":{"hvBefore":0,"hvAfter":0,"hvdBefore":5,"hvdAfter":5,"segs":7,"verts":8,"moved":0,"passes":0,"reverted":false,"proposed":8,"revertedN":4,"batches":8,"rounds":40,"clusterMoves":0,"groupsH":0,"groupsV":0,"comps":0,"fallback":0,"iters":1,"iterCap":20,"converged":true}},"lsq":{"cellAfter":[["n5279929238",7,4],["n341781757",6,5],["n341778825",4,3],["n341714873",2,1],["n5280081376",5,6],["n3746482927",3,7],["n341724900",1,0],["n341684380",0,3]],"stats":{"hvBefore":0,"hvAfter":0,"hvdBefore":6,"hvdAfter":6,"segs":7,"verts":8,"moved":1,"passes":3,"reverted":false,"proposed":0,"rounds":120,"clusterMoves":0,"groupsH":0,"groupsV":0,"comps":0,"fallback":0,"iters":2,"iterCap":20,"converged":true}},"octi":{"cellAfter":[["n5279929238",7,4],["n341781757",6,5],["n341778825",4,3],["n341714873",2,1],["n5280081376",5,6],["n3746482927",3,7],["n341724900",1,0],["n341684380",0,1]],"stats":{"hvBefore":0,"hvAfter":1,"hvdBefore":6,"hvdAfter":6,"segs":7,"verts":8,"moved":1,"passes":2,"reverted":false,"proposed":0,"revertedN":0,"batches":8,"settled":8,"rounds":0,"clusterMoves":0,"groupsH":0,"groupsV":0,"comps":0,"fallback":0,"iters":2,"iterCap":20,"converged":true}},"path":{"cellAfter":[["n5279929238",7,4],["n341781757",6,5],["n341778825",4,3],["n341714873",2,1],["n5280081376",5,6],["n3746482927",4,7],["n341724900",1,0],["n341684380",0,2]],"stats":{"hvBefore":0,"hvAfter":0,"hvdBefore":6,"hvdAfter":6,"segs":7,"verts":8,"moved":1,"passes":2,"reverted":false,"proposed":5,"revertedN":0,"batches":3,"chains":3,"links":5,"rounds":0,"clusterMoves":0,"groupsH":0,"groupsV":0,"comps":0,"fallback":0,"iters":2,"iterCap":20,"converged":true}},"sat":{"cellAfter":[["n5279929238",7,4],["n341781757",7,5],["n341778825",5,2],["n341714873",3,0],["n5280081376",5,7],["n3746482927",1,7],["n341724900",0,0],["n341684380",0,2]],"stats":{"hvBefore":0,"hvAfter":3,"hvdBefore":5,"hvdAfter":5,"segs":7,"verts":8,"moved":6,"passes":5,"reverted":true,"proposed":7,"comps":2,"fallback":0,"rounds":0,"clusterMoves":0,"groupsH":0,"groupsV":0,"iters":2,"iterCap":20,"converged":true}}},"layouts":{},"loops":{"hc":{"cellAfter":[["n5279929238",3,0],["n341781757",3,1],["n341778825",2,1],["n341714873",1,1],["n5280081376",3,2],["n3746482927",2,2],["n341724900",1,0],["n341684380",0,1]],"stats":{"hvBefore":0,"hvAfter":7,"segs":7,"verts":8,"moved":7,"lineMoved":3,"gatherMoved":1,"rounds":3,"roundCap":200,"converged":true,"fromCols":8,"fromRows":8,"cols":4,"rows":3},"cols":4,"rows":3},"stroke":{"cellAfter":[["n5279929238",4,2],["n341781757",3,2],["n341778825",3,1],["n341714873",1,1],["n5280081376",2,2],["n3746482927",1,2],["n341724900",1,0],["n341684380",0,1]],"stats":{"hvBefore":4,"hvAfter":7,"segs":7,"verts":8,"moved":5,"lineMoved":1,"gatherMoved":0,"rounds":3,"roundCap":200,"converged":true,"fromCols":8,"fromRows":8,"cols":5,"rows":3},"cols":5,"rows":3},"rect":{"cellAfter":[["n5279929238",2,0],["n341781757",2,1],["n341778825",1,1],["n341714873",0,1],["n5280081376",2,2],["n3746482927",2,3],["n341724900",0,0],["n341684380",0,2]],"stats":{"hvBefore":4,"hvAfter":7,"segs":7,"verts":8,"moved":4,"lineMoved":1,"gatherMoved":0,"rounds":3,"roundCap":200,"converged":true,"fromCols":8,"fromRows":8,"cols":3,"rows":4},"cols":3,"rows":4},"milp":{"cellAfter":[["n5279929238",3,1],["n341781757",2,1],["n341778825",2,0],["n341714873",1,0],["n5280081376",2,2],["n3746482927",1,2],["n341724900",0,0],["n341684380",1,1]],"stats":{"hvBefore":3,"hvAfter":7,"segs":7,"verts":8,"moved":5,"lineMoved":1,"gatherMoved":0,"rounds":2,"roundCap":200,"converged":true,"fromCols":8,"fromRows":8,"cols":4,"rows":3},"cols":4,"rows":3},"force":{"cellAfter":[["n5279929238",3,0],["n341781757",3,1],["n341778825",2,1],["n341714873",1,1],["n5280081376",3,2],["n3746482927",2,2],["n341724900",1,0],["n341684380",0,1]],"stats":{"hvBefore":0,"hvAfter":7,"segs":7,"verts":8,"moved":7,"lineMoved":3,"gatherMoved":1,"rounds":3,"roundCap":200,"converged":true,"fromCols":8,"fromRows":8,"cols":4,"rows":3},"cols":4,"rows":3},"lsq":{"cellAfter":[["n5279929238",3,0],["n341781757",3,1],["n341778825",2,1],["n341714873",1,1],["n5280081376",3,2],["n3746482927",2,2],["n341724900",1,0],["n341684380",0,1]],"stats":{"hvBefore":0,"hvAfter":7,"segs":7,"verts":8,"moved":7,"lineMoved":3,"gatherMoved":1,"rounds":3,"roundCap":200,"converged":true,"fromCols":8,"fromRows":8,"cols":4,"rows":3},"cols":4,"rows":3},"octi":{"cellAfter":[["n5279929238",3,2],["n341781757",2,2],["n341778825",2,1],["n341714873",1,1],["n5280081376",2,3],["n3746482927",2,4],["n341724900",1,0],["n341684380",0,1]],"stats":{"hvBefore":1,"hvAfter":7,"segs":7,"verts":8,"moved":7,"lineMoved":1,"gatherMoved":0,"rounds":2,"roundCap":200,"converged":true,"fromCols":8,"fromRows":8,"cols":4,"rows":5},"cols":4,"rows":5},"path":{"cellAfter":[["n5279929238",2,1],["n341781757",2,2],["n341778825",1,2],["n341714873",1,1],["n5280081376",2,3],["n3746482927",2,4],["n341724900",1,0],["n341684380",0,1]],"stats":{"hvBefore":0,"hvAfter":7,"segs":7,"verts":8,"moved":7,"lineMoved":2,"gatherMoved":0,"rounds":3,"roundCap":200,"converged":true,"fromCols":8,"fromRows":8,"cols":3,"rows":5},"cols":3,"rows":5},"sat":{"cellAfter":[["n5279929238",3,1],["n341781757",2,1],["n341778825",2,0],["n341714873",1,0],["n5280081376",2,2],["n3746482927",1,2],["n341724900",0,0],["n341684380",1,1]],"stats":{"hvBefore":3,"hvAfter":7,"segs":7,"verts":8,"moved":5,"lineMoved":1,"gatherMoved":0,"rounds":2,"roundCap":200,"converged":true,"fromCols":8,"fromRows":8,"cols":4,"rows":3},"cols":4,"rows":3}},"endp":{"hc":{"cellAfter":[["n5279929238",4,2],["n341781757",3,2],["n341778825",3,1],["n341714873",1,1],["n5280081376",3,3],["n3746482927",2,3],["n341724900",1,0],["n341684380",0,1]],"stats":{"hvBefore":0,"hvAfter":7,"segs":7,"verts":8,"moved":10,"movedPts":10,"movedLines":0,"converged":true,"fromCols":8,"fromRows":8,"cols":5,"rows":4},"cols":5,"rows":4},"stroke":{"cellAfter":[["n5279929238",5,2],["n341781757",4,2],["n341778825",4,1],["n341714873",1,1],["n5280081376",3,2],["n3746482927",2,2],["n341724900",1,0],["n341684380",0,1]],"stats":{"hvBefore":4,"hvAfter":7,"segs":7,"verts":8,"moved":5,"movedPts":5,"movedLines":0,