{"algo":"hccells-v4","fingerprint":"1bektjj:rg1.15","cityId":"am-bra-recife","variant":"orig","shapelike":false,"hc":{"cellAfter":[["n341684380",0,5],["n341724900",1,0],["n341714873",2,4],["n3746482927",3,7],["n341778825",4,3],["n5280081376",5,6],["n341781757",6,2],["n5279929238",7,1]],"stats":{"verts":8,"segs":7,"hvAfter":0,"ms":0,"base":"grid"}},"posts":{"stroke":{"cellAfter":[["n5279929238",7,4],["n341781757",6,4],["n341778825",4,4],["n341714873",2,4],["n5280081376",5,6],["n3746482927",3,7],["n341724900",0,2],["n341684380",0,4]],"stats":{"hvBefore":0,"hvAfter":4,"hvdBefore":5,"hvdAfter":5,"segs":7,"verts":8,"moved":5,"passes":8,"reverted":false,"proposed":7,"revertedN":0,"batches":3,"strokes":3,"substrokes":3,"rounds":0,"clusterMoves":0,"groupsH":0,"groupsV":0,"comps":0,"fallback":0,"iters":3,"iterCap":20,"converged":true}},"rect":{"cellAfter":[["n5279929238",6,2],["n341781757",5,2],["n341778825",4,2],["n341714873",2,2],["n5280081376",4,6],["n3746482927",4,7],["n341724900",0,1],["n341684380",2,6]],"stats":{"before":332153.1954890922,"after":148919.99379545852,"rounds":4,"moved":8,"clusterMoves":2,"idealHop":1,"verts":8,"segs":7,"hvBefore":0,"hvAfter":5,"groupsH":0,"groupsV":0,"comps":0,"fallback":0,"passes":0,"reverted":false,"iters":2,"iterCap":20,"converged":true}},"milp":{"cellAfter":[["n5279929238",7,0],["n341781757",7,2],["n341778825",5,2],["n341714873",2,5],["n5280081376",7,4],["n3746482927",7,7],["n341724900",0,5],["n341684380",0,7]],"stats":{"hvBefore":0,"hvAfter":5,"hvdBefore":7,"hvdAfter":7,"segs":7,"verts":8,"moved":8,"passes":11,"reverted":false,"proposed":1,"comps":6,"fallback":0,"rounds":0,"clusterMoves":0,"groupsH":0,"groupsV":0,"iters":6,"iterCap":20,"converged":true}},"force":{"cellAfter":[["n5279929238",7,1],["n341781757",7,4],["n341778825",4,4],["n341714873",2,4],["n5280081376",5,6],["n3746482927",5,7],["n341724900",1,0],["n341684380",2,5]],"stats":{"hvBefore":0,"hvAfter":5,"hvdBefore":6,"hvdAfter":6,"segs":7,"verts":8,"moved":4,"passes":8,"reverted":false,"proposed":8,"revertedN":2,"batches":8,"rounds":80,"clusterMoves":0,"groupsH":0,"groupsV":0,"comps":0,"fallback":0,"iters":2,"iterCap":20,"converged":true}},"lsq":{"cellAfter":[["n5279929238",6,1],["n341781757",5,2],["n341778825",4,3],["n341714873",2,5],["n5280081376",5,6],["n3746482927",4,7],["n341724900",2,1],["n341684380",1,6]],"stats":{"hvBefore":0,"hvAfter":2,"hvdBefore":7,"hvdAfter":7,"segs":7,"verts":8,"moved":6,"passes":3,"reverted":false,"proposed":0,"rounds":120,"clusterMoves":0,"groupsH":0,"groupsV":0,"comps":0,"fallback":0,"iters":2,"iterCap":20,"converged":true}},"octi":{"cellAfter":[["n5279929238",7,1],["n341781757",6,2],["n341778825",4,3],["n341714873",2,4],["n5280081376",6,6],["n3746482927",3,6],["n341724900",2,0],["n341684380",0,5]],"stats":{"hvBefore":0,"hvAfter":3,"hvdBefore":4,"hvdAfter":4,"segs":7,"verts":8,"moved":3,"passes":6,"reverted":false,"proposed":0,"revertedN":0,"batches":8,"settled":8,"rounds":0,"clusterMoves":0,"groupsH":0,"groupsV":0,"comps":0,"fallback":0,"iters":2,"iterCap":20,"converged":true}},"path":{"cellAfter":[["n5279929238",7,3],["n341781757",6,3],["n341778825",4,3],["n341714873",2,3],["n5280081376",4,5],["n3746482927",4,6],["n341724900",0,1],["n341684380",0,3]],"stats":{"hvBefore":0,"hvAfter":5,"hvdBefore":7,"hvdAfter":7,"segs":7,"verts":8,"moved":7,"passes":9,"reverted":false,"proposed":2,"revertedN":0,"batches":3,"chains":3,"links":4,"rounds":0,"clusterMoves":0,"groupsH":0,"groupsV":0,"comps":0,"fallback":0,"iters":3,"iterCap":20,"converged":true}},"sat":{"cellAfter":[["n5279929238",7,0],["n341781757",7,2],["n341778825",5,2],["n341714873",2,5],["n5280081376",7,4],["n3746482927",7,7],["n341724900",0,5],["n341684380",0,7]],"stats":{"hvBefore":0,"hvAfter":5,"hvdBefore":7,"hvdAfter":7,"segs":7,"verts":8,"moved":8,"passes":11,"reverted":false,"proposed":1,"comps":6,"fallback":0,"rounds":0,"clusterMoves":0,"groupsH":0,"groupsV":0,"iters":6,"iterCap":20,"converged":true}}},"layouts":{},"loops":{"hc":{"cellAfter":[["n5279929238",4,1],["n341781757",3,1],["n341778825",2,1],["n341714873",1,1],["n5280081376",3,2],["n3746482927",2,2],["n341724900",1,0],["n341684380",0,1]],"stats":{"hvBefore":0,"hvAfter":7,"segs":7,"verts":8,"moved":9,"lineMoved":1,"gatherMoved":0,"rounds":3,"roundCap":200,"converged":true,"fromCols":8,"fromRows":8,"cols":5,"rows":3},"cols":5,"rows":3},"stroke":{"cellAfter":[["n5279929238",4,1],["n341781757",3,1],["n341778825",2,1],["n341714873",1,1],["n5280081376",3,2],["n3746482927",2,2],["n341724900",1,0],["n341684380",0,1]],"stats":{"hvBefore":4,"hvAfter":7,"segs":7,"verts":8,"moved":4,"lineMoved":1,"gatherMoved":0,"rounds":3,"roundCap":200,"converged":true,"fromCols":8,"fromRows":8,"cols":5,"rows":3},"cols":5,"rows":3},"rect":{"cellAfter":[["n5279929238",4,0],["n341781757",3,0],["n341778825",2,0],["n341714873",1,0],["n5280081376",3,1],["n3746482927",3,2],["n341724900",0,0],["n341684380",1,1]],"stats":{"hvBefore":5,"hvAfter":7,"segs":7,"verts":8,"moved":1,"lineMoved":1,"gatherMoved":0,"rounds":2,"roundCap":200,"converged":true,"fromCols":8,"fromRows":8,"cols":5,"rows":3},"cols":5,"rows":3},"milp":{"cellAfter":[["n5279929238",2,0],["n341781757",2,1],["n341778825",1,1],["n341714873",1,3],["n5280081376",2,2],["n3746482927",2,3],["n341724900",0,3],["n341684380",1,4]],"stats":{"hvBefore":5,"hvAfter":7,"segs":7,"verts":8,"moved":5,"lineMoved":0,"gatherMoved":0,"rounds":3,"roundCap":200,"converged":true,"fromCols":8,"fromRows":8,"cols":3,"rows":5},"cols":3,"rows":5},"force":{"cellAfter":[["n5279929238",2,0],["n341781757",2,1],["n341778825",1,1],["n341714873",0,1],["n5280081376",2,2],["n3746482927",2,3],["n341724900",0,0],["n341684380",0,2]],"stats":{"hvBefore":5,"hvAfter":7,"segs":7,"verts":8,"moved":3,"lineMoved":0,"gatherMoved":2,"rounds":2,"roundCap":200,"converged":true,"fromCols":8,"fromRows":8,"cols":3,"rows":4},"cols":3,"rows":4},"lsq":{"cellAfter":[["n5279929238",3,0],["n341781757",3,1],["n341778825",2,1],["n341714873",1,1],["n5280081376",3,2],["n3746482927",3,3],["n341724900",1,0],["n341684380",0,1]],"stats":{"hvBefore":2,"hvAfter":7,"segs":7,"verts":8,"moved":6,"lineMoved":0,"gatherMoved":1,"rounds":2,"roundCap":200,"converged":true,"fromCols":8,"fromRows":8,"cols":4,"rows":4},"cols":4,"rows":4},"octi":{"cellAfter":[["n5279929238",3,0],["n341781757",3,1],["n341778825",2,1],["n341714873",1,1],["n5280081376",3,2],["n3746482927",2,2],["n341724900",1,0],["n341684380",0,1]],"stats":{"hvBefore":3,"hvAfter":7,"segs":7,"verts":8,"moved":6,"lineMoved":0,"gatherMoved":0,"rounds":2,"roundCap":200,"converged":true,"fromCols":8,"fromRows":8,"cols":4,"rows":3},"cols":4,"rows":3},"path":{"cellAfter":[["n5279929238",4,1],["n341781757",3,1],["n341778825",2,1],["n341714873",1,1],["n5280081376",3,2],["n3746482927",3,3],["n341724900",1,0],["n341684380",0,1]],"stats":{"hvBefore":5,"hvAfter":7,"segs":7,"verts":8,"moved":1,"lineMoved":1,"gatherMoved":0,"rounds":2,"roundCap":200,"converged":true,"fromCols":8,"fromRows":8,"cols":5,"rows":4},"cols":5,"rows":4},"sat":{"cellAfter":[["n5279929238",2,0],["n341781757",2,1],["n341778825",1,1],["n341714873",1,3],["n5280081376",2,2],["n3746482927",2,3],["n341724900",0,3],["n341684380",1,4]],"stats":{"hvBefore":5,"hvAfter":7,"segs":7,"verts":8,"moved":5,"lineMoved":0,"gatherMoved":0,"rounds":3,"roundCap":200,"converged":true,"fromCols":8,"fromRows":8,"cols":3,"rows":5},"cols":3,"rows":5}},"endp":{"hc":{"cellAfter":[["n5279929238",3,0],["n341781757",3,1],["n341778825",2,1],["n341714873",1,1],["n5280081376",3,2],["n3746482927",2,2],["n341724900",1,0],["n341684380",0,1]],"stats":{"hvBefore":0,"hvAfter":7,"segs":7,"verts":8,"moved":14,"movedPts":14,"movedLines":0,"converged":true,"fromCols":8,"fromRows":8,"cols":4,"rows":3},"cols":4,"rows":3},"stroke":{"cellAfter":[["n5279929238",4,1],["n341781757",3,1],["n341778825",2,1],["n341714873",1,1],["n5280081376",3,2],["n3746482927",2,2],["n341724900",1,0],["n341684380",0,1]],"stats":{"hvBefore":4,"hvAfter":7,"segs":7,"verts":8,"moved":4,"movedPts":4,"movedLines":0,