{"algo":"hccells-v4","fingerprint":"5mwmra:rg1.15","cityId":"am-dom-santo-domingo","variant":"rot","shapelike":false,"hc":{"cellAfter":[["n12638915293",0,7],["n12638676675",1,9],["n4114501360",2,0],["n4119588420",3,6],["n2104800000",4,3],["n2324959085",5,4],["n2324963155",6,2],["n2382875701",7,8],["n2382356033",8,5],["n3723255425",9,1]],"stats":{"verts":10,"segs":9,"hvAfter":0,"ms":0,"base":"grid"}},"posts":{"stroke":{"cellAfter":[["n4114501360",5,0],["n2104800000",5,3],["n2324959085",5,4],["n2382356033",5,5],["n2382875701",5,8],["n4119588420",3,4],["n12638676675",1,4],["n12638915293",0,4],["n2324963155",6,4],["n3723255425",9,4]],"stats":{"hvBefore":0,"hvAfter":9,"hvdBefore":9,"hvdAfter":9,"segs":9,"verts":10,"moved":9,"passes":15,"reverted":false,"proposed":9,"revertedN":0,"batches":3,"strokes":3,"substrokes":3,"rounds":0,"clusterMoves":0,"groupsH":0,"groupsV":0,"comps":0,"fallback":0,"iters":4,"iterCap":20,"converged":true}},"rect":{"cellAfter":[["n4114501360",4,3],["n2104800000",5,4],["n2324959085",6,5],["n2382356033",7,7],["n2382875701",8,9],["n4119588420",5,5],["n12638676675",4,5],["n12638915293",3,5],["n2324963155",7,4],["n3723255425",8,3]],"stats":{"before":520969.3045989383,"after":203045.32284611076,"rounds":3,"moved":10,"clusterMoves":2,"idealHop":1,"verts":10,"segs":9,"hvBefore":0,"hvAfter":3,"groupsH":0,"groupsV":0,"comps":0,"fallback":0,"passes":0,"reverted":false,"iters":2,"iterCap":20,"converged":true}},"milp":{"cellAfter":[["n4114501360",0,0],["n2104800000",3,3],["n2324959085",6,6],["n2382356033",8,8],["n2382875701",9,9],["n4119588420",3,9],["n12638676675",0,9],["n12638915293",0,6],["n2324963155",9,3],["n3723255425",9,0]],"stats":{"hvBefore":0,"hvAfter":3,"hvdBefore":9,"hvdAfter":9,"segs":9,"verts":10,"moved":10,"passes":9,"reverted":false,"proposed":0,"comps":5,"fallback":0,"rounds":0,"clusterMoves":0,"groupsH":0,"groupsV":0,"iters":5,"iterCap":20,"converged":true}},"force":{"cellAfter":[["n4114501360",4,0],["n2104800000",4,3],["n2324959085",5,4],["n2382356033",8,5],["n2382875701",7,6],["n4119588420",3,6],["n12638676675",3,9],["n12638915293",2,8],["n2324963155",8,4],["n3723255425",9,3]],"stats":{"hvBefore":0,"hvAfter":3,"hvdBefore":8,"hvdAfter":8,"segs":9,"verts":10,"moved":6,"passes":12,"reverted":false,"proposed":10,"revertedN":2,"batches":10,"rounds":120,"clusterMoves":0,"groupsH":0,"groupsV":0,"comps":0,"fallback":0,"iters":3,"iterCap":20,"converged":true}},"lsq":{"cellAfter":[["n4114501360",1,0],["n2104800000",4,3],["n2324959085",5,4],["n2382356033",8,4],["n2382875701",8,7],["n4119588420",3,6],["n12638676675",0,9],["n12638915293",0,7],["n2324963155",7,2],["n3723255425",9,2]],"stats":{"hvBefore":0,"hvAfter":4,"hvdBefore":9,"hvdAfter":9,"segs":9,"verts":10,"moved":6,"passes":3,"reverted":false,"proposed":0,"rounds":120,"clusterMoves":0,"groupsH":0,"groupsV":0,"comps":0,"fallback":0,"iters":2,"iterCap":20,"converged":true}},"octi":{"cellAfter":[["n4114501360",2,0],["n2104800000",4,3],["n2324959085",5,4],["n2382356033",8,4],["n2382875701",8,8],["n4119588420",3,6],["n12638676675",1,9],["n12638915293",0,7],["n2324963155",5,2],["n3723255425",9,2]],"stats":{"hvBefore":0,"hvAfter":4,"hvdBefore":6,"hvdAfter":6,"segs":9,"verts":10,"moved":4,"passes":8,"reverted":false,"proposed":0,"revertedN":0,"batches":10,"settled":10,"rounds":0,"clusterMoves":0,"groupsH":0,"groupsV":0,"comps":0,"fallback":0,"iters":2,"iterCap":20,"converged":true}},"path":{"cellAfter":[["n4114501360",1,1],["n2104800000",4,3],["n2324959085",5,4],["n2382356033",7,6],["n2382875701",8,7],["n4119588420",3,6],["n12638676675",0,8],["n12638915293",1,8],["n2324963155",6,2],["n3723255425",8,0]],"stats":{"hvBefore":0,"hvAfter":1,"hvdBefore":6,"hvdAfter":6,"segs":9,"verts":10,"moved":6,"passes":4,"reverted":false,"proposed":0,"revertedN":0,"batches":2,"chains":2,"links":2,"rounds":0,"clusterMoves":0,"groupsH":0,"groupsV":0,"comps":0,"fallback":0,"iters":2,"iterCap":20,"converged":true}},"sat":{"cellAfter":[["n4114501360",0,0],["n2104800000",3,3],["n2324959085",6,6],["n2382356033",8,8],["n2382875701",9,9],["n4119588420",3,9],["n12638676675",0,9],["n12638915293",0,6],["n2324963155",9,3],["n3723255425",9,0]],"stats":{"hvBefore":0,"hvAfter":3,"hvdBefore":9,"hvdAfter":9,"segs":9,"verts":10,"moved":10,"passes":9,"reverted":false,"proposed":0,"comps":5,"fallback":0,"rounds":0,"clusterMoves":0,"groupsH":0,"groupsV":0,"iters":5,"iterCap":20,"converged":true}}},"layouts":{},"loops":{"hc":{"cellAfter":[["n4114501360",1,0],["n2104800000",2,0],["n2324959085",2,1],["n2382356033",4,1],["n2382875701",4,2],["n4119588420",1,1],["n12638676675",1,2],["n12638915293",0,2],["n2324963155",3,0],["n3723255425",4,0]],"stats":{"hvBefore":0,"hvAfter":8,"segs":9,"verts":10,"moved":13,"lineMoved":2,"gatherMoved":2,"rounds":3,"roundCap":200,"converged":true,"fromCols":10,"fromRows":10,"cols":5,"rows":3},"cols":5,"rows":3},"stroke":{"cellAfter":[["n4114501360",3,0],["n2104800000",3,1],["n2324959085",3,2],["n2382356033",3,3],["n2382875701",3,4],["n4119588420",2,2],["n12638676675",1,2],["n12638915293",0,2],["n2324963155",4,2],["n3723255425",5,2]],"stats":{"hvBefore":9,"hvAfter":9,"segs":9,"verts":10,"moved":0,"lineMoved":0,"gatherMoved":0,"rounds":1,"roundCap":200,"converged":true,"fromCols":10,"fromRows":10,"cols":6,"rows":5},"cols":6,"rows":5},"rect":{"cellAfter":[["n4114501360",1,0],["n2104800000",1,1],["n2324959085",3,2],["n2382356033",3,3],["n2382875701",4,3],["n4119588420",2,2],["n12638676675",1,2],["n12638915293",0,2],["n2324963155",3,0],["n3723255425",4,0]],"stats":{"hvBefore":3,"hvAfter":8,"segs":9,"verts":10,"moved":4,"lineMoved":0,"gatherMoved":0,"rounds":2,"roundCap":200,"converged":true,"fromCols":10,"fromRows":10,"cols":5,"rows":4},"cols":5,"rows":4},"milp":{"cellAfter":[["n4114501360",0,0],["n2104800000",0,1],["n2324959085",2,1],["n2382356033",2,2],["n2382875701",2,3],["n4119588420",1,3],["n12638676675",0,3],["n12638915293",0,2],["n2324963155",3,1],["n3723255425",3,0]],"stats":{"hvBefore":3,"hvAfter":8,"segs":9,"verts":10,"moved":5,"lineMoved":0,"gatherMoved":0,"rounds":2,"roundCap":200,"converged":true,"fromCols":10,"fromRows":10,"cols":4,"rows":4},"cols":4,"rows":4},"force":{"cellAfter":[["n4114501360",1,0],["n2104800000",1,1],["n2324959085",2,1],["n2382356033",2,2],["n2382875701",2,3],["n4119588420",1,2],["n12638676675",1,3],["n12638915293",0,3],["n2324963155",3,1],["n3723255425",3,0]],"stats":{"hvBefore":3,"hvAfter":8,"segs":9,"verts":10,"moved":7,"lineMoved":2,"gatherMoved":0,"rounds":2,"roundCap":200,"converged":true,"fromCols":10,"fromRows":10,"cols":4,"rows":4},"cols":4,"rows":4},"lsq":{"cellAfter":[["n4114501360",0,0],["n2104800000",0,1],["n2324959085",1,1],["n2382356033",2,1],["n2382875701",2,2],["n4119588420",1,3],["n12638676675",0,3],["n12638915293",0,2],["n2324963155",1,0],["n3723255425",2,0]],"stats":{"hvBefore":4,"hvAfter":9,"segs":9,"verts":10,"moved":8,"lineMoved":1,"gatherMoved":2,"rounds":4,"roundCap":200,"converged":true,"fromCols":10,"fromRows":10,"cols":3,"rows":4},"cols":3,"rows":4},"octi":{"cellAfter":[["n4114501360",0,0],["n2104800000",0,1],["n2324959085",1,1],["n2382356033",2,1],["n2382875701",2,2],["n4119588420",1,3],["n12638676675",0,3],["n12638915293",0,2],["n2324963155",1,0],["n3723255425",2,0]],"stats":{"hvBefore":4,"hvAfter":9,"segs":9,"verts":10,"moved":9,"lineMoved":1,"gatherMoved":2,"rounds":4,"roundCap":200,"converged":true,"fromCols":10,"fromRows":10,"cols":3,"rows":4},"cols":3,"rows":4},"path":{"cellAfter":[["n4114501360",0,1],["n2104800000",1,1],["n2324959085",2,2],["n2382356033",3,2],["n2382875701",3,3],["n4119588420",0,2],["n12638676675",0,3],["n12638915293",1,3],["n2324963155",2,1],["n3723255425",2,0]],"stats":{"hvBefore":1,"hvAfter":8,"segs":9,"verts":10,"moved":7,"lineMoved":1,"gatherMoved":2,"rounds":2,"roundCap":200,"converged":true,"fromCols":10,"fromRows":10,"cols":4,"rows":4},"cols":4,"rows":4},