{"algo":"hccells-v4","fingerprint":"5mwmra:rg1.15","cityId":"am-dom-santo-domingo","variant":"orig","shapelike":false,"hc":{"cellAfter":[["n12638915293",0,1],["n12638676675",1,5],["n4119588420",2,6],["n2382875701",3,9],["n2104800000",4,2],["n2324959085",5,7],["n2382356033",6,8],["n4114501360",7,0],["n2324963155",8,4],["n3723255425",9,3]],"stats":{"verts":10,"segs":9,"hvAfter":0,"ms":0,"base":"grid"}},"posts":{"stroke":{"cellAfter":[["n4114501360",5,0],["n2104800000",5,2],["n2324959085",5,7],["n2382356033",5,8],["n2382875701",5,9],["n4119588420",4,7],["n12638676675",4,6],["n12638915293",3,6],["n2324963155",8,4],["n3723255425",9,3]],"stats":{"hvBefore":0,"hvAfter":7,"hvdBefore":9,"hvdAfter":9,"segs":9,"verts":10,"moved":7,"passes":44,"reverted":false,"proposed":9,"revertedN":0,"batches":3,"strokes":3,"substrokes":3,"rounds":0,"clusterMoves":0,"groupsH":0,"groupsV":0,"comps":0,"fallback":0,"iters":20,"iterCap":20,"converged":false}},"rect":{"cellAfter":[["n4114501360",5,5],["n2104800000",5,6],["n2324959085",5,7],["n2382356033",5,8],["n2382875701",5,9],["n4119588420",3,7],["n12638676675",2,7],["n12638915293",1,7],["n2324963155",6,7],["n3723255425",7,7]],"stats":{"before":515117.56716158375,"after":369.1666666667006,"rounds":4,"moved":9,"clusterMoves":0,"idealHop":1,"verts":10,"segs":9,"hvBefore":0,"hvAfter":9,"groupsH":0,"groupsV":0,"comps":0,"fallback":0,"passes":0,"reverted":false,"iters":2,"iterCap":20,"converged":true}},"milp":{"cellAfter":[["n4114501360",6,0],["n2104800000",6,3],["n2324959085",6,7],["n2382356033",6,9],["n2382875701",3,9],["n4119588420",2,7],["n12638676675",0,4],["n12638915293",0,1],["n2324963155",9,4],["n3723255425",9,1]],"stats":{"hvBefore":0,"hvAfter":7,"hvdBefore":8,"hvdAfter":8,"segs":9,"verts":10,"moved":8,"passes":5,"reverted":true,"proposed":3,"comps":2,"fallback":0,"rounds":0,"clusterMoves":0,"groupsH":0,"groupsV":0,"iters":2,"iterCap":20,"converged":true}},"force":{"cellAfter":[["n4114501360",7,0],["n2104800000",2,0],["n2324959085",5,7],["n2382356033",6,8],["n2382875701",5,9],["n4119588420",2,6],["n12638676675",1,5],["n12638915293",0,1],["n2324963155",8,4],["n3723255425",9,3]],"stats":{"hvBefore":0,"hvAfter":1,"hvdBefore":6,"hvdAfter":6,"segs":9,"verts":10,"moved":2,"passes":4,"reverted":false,"proposed":10,"revertedN":4,"batches":10,"rounds":120,"clusterMoves":0,"groupsH":0,"groupsV":0,"comps":0,"fallback":0,"iters":3,"iterCap":20,"converged":true}},"lsq":{"cellAfter":[["n4114501360",7,0],["n2104800000",5,1],["n2324959085",5,7],["n2382356033",6,8],["n2382875701",3,8],["n4119588420",2,7],["n12638676675",1,6],["n12638915293",1,2],["n2324963155",8,4],["n3723255425",9,3]],"stats":{"hvBefore":0,"hvAfter":4,"hvdBefore":8,"hvdAfter":8,"segs":9,"verts":10,"moved":5,"passes":3,"reverted":false,"proposed":0,"rounds":120,"clusterMoves":0,"groupsH":0,"groupsV":0,"comps":0,"fallback":0,"iters":2,"iterCap":20,"converged":true}},"octi":{"cellAfter":[["n4114501360",7,0],["n2104800000",4,2],["n2324959085",5,7],["n2382356033",6,8],["n2382875701",3,9],["n4119588420",2,6],["n12638676675",1,5],["n12638915293",1,1],["n2324963155",8,4],["n3723255425",9,3]],"stats":{"hvBefore":0,"hvAfter":1,"hvdBefore":5,"hvdAfter":5,"segs":9,"verts":10,"moved":1,"passes":2,"reverted":false,"proposed":3,"revertedN":1,"batches":10,"settled":10,"rounds":0,"clusterMoves":0,"groupsH":0,"groupsV":0,"comps":0,"fallback":0,"iters":2,"iterCap":20,"converged":true}},"path":{"cellAfter":[["n4114501360",5,0],["n2104800000",5,2],["n2324959085",5,3],["n2382356033",6,8],["n2382875701",6,9],["n4119588420",3,3],["n12638676675",2,3],["n12638915293",0,3],["n2324963155",8,3],["n3723255425",9,3]],"stats":{"hvBefore":0,"hvAfter":8,"hvdBefore":8,"hvdAfter":8,"segs":9,"verts":10,"moved":8,"passes":11,"reverted":false,"proposed":0,"revertedN":0,"batches":2,"chains":2,"links":2,"rounds":0,"clusterMoves":0,"groupsH":0,"groupsV":0,"comps":0,"fallback":0,"iters":4,"iterCap":20,"converged":true}},"sat":{"cellAfter":[["n4114501360",6,0],["n2104800000",6,3],["n2324959085",6,7],["n2382356033",6,9],["n2382875701",3,9],["n4119588420",2,7],["n12638676675",0,4],["n12638915293",0,1],["n2324963155",9,4],["n3723255425",9,1]],"stats":{"hvBefore":0,"hvAfter":7,"hvdBefore":8,"hvdAfter":8,"segs":9,"verts":10,"moved":8,"passes":5,"reverted":true,"proposed":3,"comps":2,"fallback":0,"rounds":0,"clusterMoves":0,"groupsH":0,"groupsV":0,"iters":2,"iterCap":20,"converged":true}}},"layouts":{},"loops":{"hc":{"cellAfter":[["n4114501360",1,0],["n2104800000",1,1],["n2324959085",1,3],["n2382356033",1,4],["n2382875701",1,5],["n4119588420",0,3],["n12638676675",0,2],["n12638915293",0,1],["n2324963155",2,1],["n3723255425",3,1]],"stats":{"hvBefore":0,"hvAfter":8,"segs":9,"verts":10,"moved":9,"lineMoved":1,"gatherMoved":0,"rounds":2,"roundCap":200,"converged":true,"fromCols":10,"fromRows":10,"cols":4,"rows":6},"cols":4,"rows":6},"stroke":{"cellAfter":[["n4114501360",2,0],["n2104800000",2,1],["n2324959085",2,2],["n2382356033",2,3],["n2382875701",2,4],["n4119588420",1,2],["n12638676675",1,1],["n12638915293",0,1],["n2324963155",3,2],["n3723255425",4,2]],"stats":{"hvBefore":7,"hvAfter":9,"segs":9,"verts":10,"moved":1,"lineMoved":2,"gatherMoved":1,"rounds":2,"roundCap":200,"converged":true,"fromCols":10,"fromRows":10,"cols":5,"rows":5},"cols":5,"rows":5},"rect":{"cellAfter":[["n4114501360",3,0],["n2104800000",3,1],["n2324959085",3,2],["n2382356033",3,3],["n2382875701",3,4],["n4119588420",2,2],["n12638676675",1,2],["n12638915293",0,2],["n2324963155",4,2],["n3723255425",5,2]],"stats":{"hvBefore":9,"hvAfter":9,"segs":9,"verts":10,"moved":0,"lineMoved":0,"gatherMoved":0,"rounds":1,"roundCap":200,"converged":true,"fromCols":10,"fromRows":10,"cols":6,"rows":5},"cols":6,"rows":5},"milp":{"cellAfter":[["n4114501360",2,0],["n2104800000",2,1],["n2324959085",2,2],["n2382356033",2,3],["n2382875701",1,3],["n4119588420",1,2],["n12638676675",0,2],["n12638915293",0,1],["n2324963155",3,2],["n3723255425",3,1]],"stats":{"hvBefore":7,"hvAfter":9,"segs":9,"verts":10,"moved":4,"lineMoved":0,"gatherMoved":1,"rounds":2,"roundCap":200,"converged":true,"fromCols":10,"fromRows":10,"cols":4,"rows":4},"cols":4,"rows":4},"force":{"cellAfter":[["n4114501360",2,0],["n2104800000",1,0],["n2324959085",1,2],["n2382356033",1,3],["n2382875701",1,4],["n4119588420",0,2],["n12638676675",0,1],["n12638915293",0,0],["n2324963155",3,0],["n3723255425",4,0]],"stats":{"hvBefore":1,"hvAfter":8,"segs":9,"verts":10,"moved":7,"lineMoved":1,"gatherMoved":0,"rounds":2,"roundCap":200,"converged":true,"fromCols":10,"fromRows":10,"cols":5,"rows":5},"cols":5,"rows":5},"lsq":{"cellAfter":[["n4114501360",3,0],["n2104800000",2,0],["n2324959085",2,1],["n2382356033",2,2],["n2382875701",1,2],["n4119588420",1,1],["n12638676675",0,1],["n12638915293",0,0],["n2324963155",3,1],["n3723255425",4,1]],"stats":{"hvBefore":4,"hvAfter":9,"segs":9,"verts":10,"moved":6,"lineMoved":1,"gatherMoved":2,"rounds":2,"roundCap":200,"converged":true,"fromCols":10,"fromRows":10,"cols":5,"rows":3},"cols":5,"rows":3},"octi":{"cellAfter":[["n4114501360",2,0],["n2104800000",2,1],["n2324959085",2,2],["n2382356033",2,3],["n2382875701",2,4],["n4119588420",1,2],["n12638676675",0,2],["n12638915293",0,1],["n2324963155",3,2],["n3723255425",4,2]],"stats":{"hvBefore":1,"hvAfter":9,"segs":9,"verts":10,"moved":8,"lineMoved":1,"gatherMoved":0,"rounds":2,"roundCap":200,"converged":true,"fromCols":10,"fromRows":10,"cols":5,"rows":5},"cols":5,"rows":5},"path":{"cellAfter":[["n4114501360",3,0],["n2104800000",3,1],["n2324959085",3,2],["n2382356033",3,3],["n2382875701",3,4],["n4119588420",2,2],["n12638676675",1,2],["n12638915293",0,2],["n2324963155",4,2],["n3723255425",5,2]],"stats":{"hvBefore":8,"hvAfter":9,"segs":9,"verts":10,"moved":0,"lineMoved":1,"gatherMoved":0,"rounds":2,"roundCap":200,"converged":true,"fromCols":10,"fromRows":10,"cols":6,"rows":5},"cols":6,"rows":5},