{"algo":"hccells-v4","fingerprint":"vu1vaq:rg1.15","cityId":"am-mex-monterrey","variant":"rot","shapelike":false,"hc":{"cellAfter":[["n1041993397",0,1],["n308520675",1,4],["n308520671",2,5],["n7265559428",3,8],["n1041637116",4,2],["n1041636979",5,0],["n1041599589",6,9],["n3788005136",7,7],["n3788005141",8,3],["n308521283",9,6]],"stats":{"verts":10,"segs":10,"hvAfter":0,"ms":0,"base":"grid"}},"posts":{"stroke":{"cellAfter":[["n1041636979",3,2],["n1041637116",3,3],["n7265559428",3,8],["n1041599589",3,9],["n3788005136",7,8],["n308520671",1,6],["n308520675",0,5],["n1041993397",2,3],["n308521283",8,8],["n3788005141",7,3]],"stats":{"hvBefore":0,"hvAfter":6,"hvdBefore":9,"hvdAfter":9,"segs":10,"verts":10,"moved":9,"passes":94,"reverted":false,"proposed":9,"revertedN":0,"batches":4,"strokes":4,"substrokes":4,"rounds":0,"clusterMoves":0,"groupsH":0,"groupsV":0,"comps":0,"fallback":0,"iters":20,"iterCap":20,"converged":false}},"rect":{"cellAfter":[["n1041636979",3,5],["n1041637116",3,6],["n7265559428",3,7],["n1041599589",8,8],["n3788005136",8,7],["n308520671",2,7],["n308520675",1,7],["n1041993397",0,7],["n308521283",9,7],["n3788005141",8,2]],"stats":{"before":575205.84752051,"after":200000.64459589066,"rounds":4,"moved":10,"clusterMoves":3,"idealHop":1,"verts":10,"segs":10,"hvBefore":0,"hvAfter":9,"groupsH":0,"groupsV":0,"comps":0,"fallback":0,"passes":0,"reverted":false,"iters":2,"iterCap":20,"converged":true}},"milp":{"cellAfter":[["n1041636979",5,0],["n1041637116",5,3],["n7265559428",5,8],["n1041599589",7,9],["n3788005136",7,8],["n308520671",2,5],["n308520675",0,3],["n1041993397",0,0],["n308521283",9,4],["n3788005141",7,3]],"stats":{"hvBefore":0,"hvAfter":6,"hvdBefore":8,"hvdAfter":8,"segs":10,"verts":10,"moved":8,"passes":4,"reverted":true,"proposed":7,"comps":2,"fallback":0,"rounds":0,"clusterMoves":0,"groupsH":0,"groupsV":0,"iters":2,"iterCap":20,"converged":true}},"force":{"cellAfter":[["n1041636979",5,0],["n1041637116",4,1],["n7265559428",3,8],["n1041599589",6,9],["n3788005136",7,7],["n308520671",2,5],["n308520675",1,4],["n1041993397",0,1],["n308521283",9,5],["n3788005141",8,3]],"stats":{"hvBefore":0,"hvAfter":0,"hvdBefore":3,"hvdAfter":3,"segs":10,"verts":10,"moved":2,"passes":4,"reverted":false,"proposed":10,"revertedN":4,"batches":10,"rounds":80,"clusterMoves":0,"groupsH":0,"groupsV":0,"comps":0,"fallback":0,"iters":2,"iterCap":20,"converged":true}},"lsq":{"cellAfter":[["n1041636979",5,0],["n1041637116",3,2],["n7265559428",3,8],["n1041599589",6,8],["n3788005136",7,7],["n308520671",2,5],["n308520675",2,4],["n1041993397",2,1],["n308521283",8,6],["n3788005141",7,3]],"stats":{"hvBefore":0,"hvAfter":5,"hvdBefore":8,"hvdAfter":8,"segs":10,"verts":10,"moved":6,"passes":5,"reverted":true,"proposed":3,"rounds":120,"clusterMoves":0,"groupsH":0,"groupsV":0,"comps":0,"fallback":0,"iters":2,"iterCap":20,"converged":true}},"octi":{"cellAfter":[["n1041636979",5,0],["n1041637116",3,2],["n7265559428",3,9],["n1041599589",6,9],["n3788005136",6,7],["n308520671",2,5],["n308520675",1,4],["n1041993397",1,1],["n308521283",9,7],["n3788005141",6,3]],"stats":{"hvBefore":0,"hvAfter":6,"hvdBefore":8,"hvdAfter":8,"segs":10,"verts":10,"moved":6,"passes":12,"reverted":false,"proposed":1,"revertedN":0,"batches":10,"settled":10,"rounds":0,"clusterMoves":0,"groupsH":0,"groupsV":0,"comps":0,"fallback":0,"iters":2,"iterCap":20,"converged":true}},"path":{"cellAfter":[["n1041636979",5,0],["n1041637116",4,2],["n7265559428",3,7],["n1041599589",7,9],["n3788005136",7,7],["n308520671",2,5],["n308520675",1,4],["n1041993397",0,3],["n308521283",9,7],["n3788005141",7,3]],"stats":{"hvBefore":0,"hvAfter":4,"hvdBefore":6,"hvdAfter":6,"segs":10,"verts":10,"moved":5,"passes":6,"reverted":false,"proposed":0,"revertedN":0,"batches":2,"chains":3,"links":3,"rounds":0,"clusterMoves":0,"groupsH":0,"groupsV":0,"comps":0,"fallback":0,"iters":3,"iterCap":20,"converged":true}},"sat":{"cellAfter":[["n1041636979",4,0],["n1041637116",4,3],["n7265559428",4,8],["n1041599589",7,9],["n3788005136",7,8],["n308520671",1,5],["n308520675",0,3],["n1041993397",0,0],["n308521283",9,8],["n3788005141",7,2]],"stats":{"hvBefore":0,"hvAfter":7,"hvdBefore":8,"hvdAfter":8,"segs":10,"verts":10,"moved":10,"passes":4,"reverted":false,"proposed":0,"comps":2,"fallback":0,"rounds":0,"clusterMoves":0,"groupsH":0,"groupsV":0,"iters":2,"iterCap":20,"converged":true}}},"layouts":{},"loops":{"hc":{"cellAfter":[["n1041636979",2,0],["n1041637116",1,0],["n7265559428",1,2],["n1041599589",2,3],["n3788005136",2,2],["n308520671",0,2],["n308520675",0,1],["n1041993397",0,0],["n308521283",3,2],["n3788005141",2,1]],"stats":{"hvBefore":0,"hvAfter":9,"segs":10,"verts":10,"moved":8,"lineMoved":3,"gatherMoved":2,"rounds":2,"roundCap":200,"converged":true,"fromCols":10,"fromRows":10,"cols":4,"rows":4},"cols":4,"rows":4},"stroke":{"cellAfter":[["n1041636979",2,0],["n1041637116",2,1],["n7265559428",2,2],["n1041599589",2,3],["n3788005136",3,2],["n308520671",0,2],["n308520675",0,1],["n1041993397",1,1],["n308521283",4,2],["n3788005141",3,1]],"stats":{"hvBefore":6,"hvAfter":9,"segs":10,"verts":10,"moved":4,"lineMoved":0,"gatherMoved":1,"rounds":2,"roundCap":200,"converged":true,"fromCols":10,"fromRows":10,"cols":5,"rows":4},"cols":5,"rows":4},"rect":{"cellAfter":[["n1041636979",3,0],["n1041637116",3,1],["n7265559428",3,2],["n1041599589",4,3],["n3788005136",4,2],["n308520671",2,2],["n308520675",1,2],["n1041993397",0,2],["n308521283",5,2],["n3788005141",4,1]],"stats":{"hvBefore":9,"hvAfter":9,"segs":10,"verts":10,"moved":2,"lineMoved":0,"gatherMoved":0,"rounds":3,"roundCap":200,"converged":true,"fromCols":10,"fromRows":10,"cols":6,"rows":4},"cols":6,"rows":4},"milp":{"cellAfter":[["n1041636979",1,0],["n1041637116",1,1],["n7265559428",1,3],["n1041599589",2,3],["n3788005136",2,2],["n308520671",0,3],["n308520675",0,2],["n1041993397",0,1],["n308521283",3,2],["n3788005141",2,1]],"stats":{"hvBefore":6,"hvAfter":9,"segs":10,"verts":10,"moved":3,"lineMoved":2,"gatherMoved":0,"rounds":2,"roundCap":200,"converged":true,"fromCols":10,"fromRows":10,"cols":4,"rows":4},"cols":4,"rows":4},"force":{"cellAfter":[["n1041636979",2,0],["n1041637116",1,0],["n7265559428",1,2],["n1041599589",2,3],["n3788005136",2,2],["n308520671",0,2],["n308520675",0,1],["n1041993397",0,0],["n308521283",3,2],["n3788005141",2,1]],"stats":{"hvBefore":0,"hvAfter":9,"segs":10,"verts":10,"moved":8,"lineMoved":4,"gatherMoved":1,"rounds":2,"roundCap":200,"converged":true,"fromCols":10,"fromRows":10,"cols":4,"rows":4},"cols":4,"rows":4},"lsq":{"cellAfter":[["n1041636979",1,0],["n1041637116",1,1],["n7265559428",1,3],["n1041599589",2,3],["n3788005136",2,2],["n308520671",0,3],["n308520675",0,2],["n1041993397",0,1],["n308521283",3,2],["n3788005141",2,1]],"stats":{"hvBefore":5,"hvAfter":9,"segs":10,"verts":10,"moved":6,"lineMoved":2,"gatherMoved":1,"rounds":2,"roundCap":200,"converged":true,"fromCols":10,"fromRows":10,"cols":4,"rows":4},"cols":4,"rows":4},"octi":{"cellAfter":[["n1041636979",1,0],["n1041637116",1,1],["n7265559428",1,3],["n1041599589",2,3],["n3788005136",2,2],["n308520671",0,3],["n308520675",0,2],["n1041993397",0,1],["n308521283",3,2],["n3788005141",2,1]],"stats":{"hvBefore":6,"hvAfter":9,"segs":10,"verts":10,"moved":4,"lineMoved":2,"gatherMoved":1,"rounds":2,"roundCap":200,"converged":true,"fromCols":10,"fromRows":10,"cols":4,"rows":4},"cols":4,"rows":4},"path":{"cellAfter":[["n1041636979",4,0],["n1041637116",3,0],["n7265559428",3,2],["n1041599589",4,3],["n3788005136",4,2],["n308520671",2,2],["n308520675",1,2],["n1041993397",0,2],["n308521283",5,2],["n3788005141",4,1]],"stats":{"hvBefore":4,"hvAfter":9,"segs":10,"verts":10,"moved":5,"lineMoved":2,"gatherMoved":1,"rounds":2,"roundCap":200,"converged":true,"fromCols":10,"fromRows":10,"cols":6,"rows":4},"cols":6,"rows":4},"sat":{"cellAfter":[["n1041636979",1,0],["n1041637116",1,1],["n7265559428",1,2],["n1041599589",2,3],["n3788005136",2,2],["n308520671",0,2],["n308520675",0,1],["n1041993397",0,0],["n308521283",3,2],["n3788005141",2,1]],