{"algo":"hccells-v8","fingerprint":"10jd96u:rg1.15","cityId":"am-per-lima","variant":"orig","shapelike":false,"hc":{"cellAfter":[["n5308595101",0,3],["n5302565067",1,1],["n5309007967",2,5],["n5302585870",3,0],["n5309165050",4,6],["n11445066450",5,4],["n10782029606",6,2],["n5309263907",7,7]],"stats":{"verts":8,"segs":6,"hvAfter":0,"ms":0,"base":"grid"}},"posts":{"stroke":{"cellAfter":[["n5309263907",5,7],["n5309165050",5,6],["n5309007967",5,5],["n5308595101",5,3],["n5302565067",5,1],["n5302585870",5,0],["n11445066450",6,4],["n10782029606",6,2]],"stats":{"hvBefore":0,"hvAfter":6,"hvdBefore":6,"hvdAfter":6,"segs":6,"verts":8,"moved":7,"passes":8,"reverted":false,"proposed":7,"revertedN":0,"batches":2,"strokes":2,"substrokes":2,"rounds":0,"clusterMoves":0,"groupsH":0,"groupsV":0,"comps":0,"fallback":0,"iters":4,"iterCap":20,"converged":true}},"rect":{"cellAfter":[["n5309263907",0,7],["n5309165050",0,6],["n5309007967",0,5],["n5308595101",0,4],["n5302565067",0,3],["n5302585870",0,2],["n11445066450",5,4],["n10782029606",5,0]],"stats":{"before":275327.9009243044,"after":198.33333333335375,"rounds":4,"moved":7,"clusterMoves":0,"idealHop":1,"verts":8,"segs":6,"hvBefore":0,"hvAfter":6,"groupsH":0,"groupsV":0,"comps":0,"fallback":0,"passes":0,"reverted":false,"iters":2,"iterCap":20,"converged":true}},"milp":{"cellAfter":[["n5309263907",7,7],["n5309165050",3,7],["n5309007967",0,7],["n5308595101",0,0],["n5302565067",3,0],["n5302585870",7,0],["n11445066450",4,4],["n10782029606",7,1]],"stats":{"hvBefore":0,"hvAfter":5,"hvdBefore":6,"hvdAfter":6,"segs":6,"verts":8,"moved":7,"passes":7,"reverted":false,"proposed":0,"comps":8,"fallback":0,"rounds":0,"clusterMoves":0,"groupsH":0,"groupsV":0,"iters":4,"iterCap":20,"converged":true}},"force":{"cellAfter":[["n5309263907",7,7],["n5309165050",7,5],["n5309007967",2,5],["n5308595101",2,3],["n5302565067",3,3],["n5302585870",3,0],["n11445066450",5,4],["n10782029606",7,4]],"stats":{"hvBefore":0,"hvAfter":6,"hvdBefore":6,"hvdAfter":6,"segs":6,"verts":8,"moved":4,"passes":10,"reverted":false,"proposed":7,"revertedN":0,"batches":8,"rounds":120,"clusterMoves":0,"groupsH":0,"groupsV":0,"comps":0,"fallback":0,"iters":3,"iterCap":20,"converged":true}},"lsq":{"cellAfter":[["n5309263907",7,7],["n5309165050",4,7],["n5309007967",2,5],["n5308595101",0,3],["n5302565067",2,1],["n5302585870",2,0],["n11445066450",5,4],["n10782029606",7,2]],"stats":{"hvBefore":0,"hvAfter":2,"hvdBefore":6,"hvdAfter":6,"segs":6,"verts":8,"moved":4,"passes":5,"reverted":false,"proposed":0,"rounds":180,"clusterMoves":0,"groupsH":0,"groupsV":0,"comps":0,"fallback":0,"iters":3,"iterCap":20,"converged":true}},"octi":{"cellAfter":[["n5309263907",7,5],["n5309165050",4,5],["n5309007967",1,5],["n5308595101",1,3],["n5302565067",1,0],["n5302585870",3,0],["n11445066450",5,4],["n10782029606",5,2]],"stats":{"hvBefore":0,"hvAfter":6,"hvdBefore":6,"hvdAfter":6,"segs":6,"verts":8,"moved":6,"passes":12,"reverted":false,"proposed":0,"revertedN":0,"batches":8,"settled":8,"rounds":0,"clusterMoves":0,"groupsH":0,"groupsV":0,"comps":0,"fallback":0,"iters":2,"iterCap":20,"converged":true}},"path":{"cellAfter":[["n5309263907",7,7],["n5309165050",5,5],["n5309007967",4,4],["n5308595101",1,2],["n5302565067",1,1],["n5302585870",3,1],["n11445066450",5,4],["n10782029606",6,2]],"stats":{"hvBefore":0,"hvAfter":2,"hvdBefore":4,"hvdAfter":4,"segs":6,"verts":8,"moved":4,"passes":2,"reverted":false,"proposed":4,"revertedN":0,"batches":1,"chains":1,"links":1,"rounds":0,"clusterMoves":0,"groupsH":0,"groupsV":0,"comps":0,"fallback":0,"iters":2,"iterCap":20,"converged":true}},"sat":{"cellAfter":[["n5309263907",7,7],["n5309165050",3,7],["n5309007967",0,7],["n5308595101",0,0],["n5302565067",3,0],["n5302585870",7,0],["n11445066450",4,4],["n10782029606",7,1]],"stats":{"hvBefore":0,"hvAfter":5,"hvdBefore":6,"hvdAfter":6,"segs":6,"verts":8,"moved":7,"passes":7,"reverted":false,"proposed":0,"comps":8,"fallback":0,"rounds":0,"clusterMoves":0,"groupsH":0,"groupsV":0,"iters":4,"iterCap":20,"converged":true}}},"layouts":{},"loops":{"hc":{"cellAfter":[["n5309263907",1,3],["n5309165050",0,3],["n5309007967",0,2],["n5308595101",0,1],["n5302565067",0,0],["n5302585870",1,0],["n11445066450",1,2],["n10782029606",1,1]],"stats":{"hvBefore":0,"hvAfter":6,"segs":6,"verts":8,"moved":8,"lineMoved":0,"gatherMoved":2,"rounds":2,"roundCap":200,"converged":true,"fromCols":8,"fromRows":8,"cols":2,"rows":4,"emptyCols":[],"emptyRows":[],"dense":true},"cols":2,"rows":4},"stroke":{"cellAfter":[["n5309263907",0,5],["n5309165050",0,4],["n5309007967",0,3],["n5308595101",0,2],["n5302565067",0,1],["n5302585870",0,0],["n11445066450",1,3],["n10782029606",1,2]],"stats":{"hvBefore":6,"hvAfter":6,"segs":6,"verts":8,"moved":1,"lineMoved":0,"gatherMoved":1,"rounds":2,"roundCap":200,"converged":true,"fromCols":8,"fromRows":8,"cols":2,"rows":6,"emptyCols":[],"emptyRows":[],"dense":true},"cols":2,"rows":6},"rect":{"cellAfter":[["n5309263907",0,5],["n5309165050",0,4],["n5309007967",0,3],["n5308595101",0,2],["n5302565067",0,1],["n5302585870",0,0],["n11445066450",1,2],["n10782029606",1,1]],"stats":{"hvBefore":6,"hvAfter":6,"segs":6,"verts":8,"moved":2,"lineMoved":0,"gatherMoved":0,"rounds":2,"roundCap":200,"converged":true,"fromCols":8,"fromRows":8,"cols":2,"rows":6,"emptyCols":[],"emptyRows":[],"dense":true},"cols":2,"rows":6},"milp":{"cellAfter":[["n5309263907",2,3],["n5309165050",1,3],["n5309007967",0,3],["n5308595101",0,0],["n5302565067",1,0],["n5302585870",2,0],["n11445066450",2,2],["n10782029606",2,1]],"stats":{"hvBefore":5,"hvAfter":6,"segs":6,"verts":8,"moved":3,"lineMoved":0,"gatherMoved":0,"rounds":2,"roundCap":200,"converged":true,"fromCols":8,"fromRows":8,"cols":3,"rows":4,"emptyCols":[],"emptyRows":[],"dense":true},"cols":3,"rows":4},"force":{"cellAfter":[["n5309263907",1,3],["n5309165050",1,2],["n5309007967",0,2],["n5308595101",0,1],["n5302565067",1,1],["n5302585870",1,0],["n11445066450",2,1],["n10782029606",3,1]],"stats":{"hvBefore":6,"hvAfter":6,"segs":6,"verts":8,"moved":0,"lineMoved":2,"gatherMoved":1,"rounds":2,"roundCap":200,"converged":true,"fromCols":8,"fromRows":8,"cols":4,"rows":4,"emptyCols":[],"emptyRows":[],"dense":true},"cols":4,"rows":4},"lsq":{"cellAfter":[["n5309263907",2,3],["n5309165050",1,3],["n5309007967",0,3],["n5308595101",0,1],["n5302565067",0,0],["n5302585870",1,0],["n11445066450",2,2],["n10782029606",2,1]],"stats":{"hvBefore":2,"hvAfter":6,"segs":6,"verts":8,"moved":4,"lineMoved":0,"gatherMoved":1,"rounds":2,"roundCap":200,"converged":true,"fromCols":8,"fromRows":8,"cols":3,"rows":4,"emptyCols":[],"emptyRows":[],"dense":true},"cols":3,"rows":4},"octi":{"cellAfter":[["n5309263907",2,3],["n5309165050",1,3],["n5309007967",0,3],["n5308595101",0,1],["n5302565067",0,0],["n5302585870",1,0],["n11445066450",2,2],["n10782029606",2,1]],"stats":{"hvBefore":6,"hvAfter":6,"segs":6,"verts":8,"moved":2,"lineMoved":0,"gatherMoved":1,"rounds":2,"roundCap":200,"converged":true,"fromCols":8,"fromRows":8,"cols":3,"rows":4,"emptyCols":[],"emptyRows":[],"dense":true},"cols":3,"rows":4},"path":{"cellAfter":[["n5309263907",1,3],["n5309165050",1,2],["n5309007967",0,2],["n5308595101",0,1],["n5302565067",0,0],["n5302585870",1,0],["n11445066450",2,1],["n10782029606",2,0]],"stats":{"hvBefore":2,"hvAfter":6,"segs":6,"verts":8,"moved":5,"lineMoved":3,"gatherMoved":0,"rounds":2,"roundCap":200,"converged":true,"fromCols":8,"fromRows":8,"cols":3,"rows":4,"emptyCols":[],"emptyRows":[],"dense":true},"cols":3,"rows":4},"sat":{"cellAfter":[["n5309263907",2,3],["n5309165050",1,3],["n5309007967",0,3],["n5308595101",0,0],["n5302565067",1,0],["n5302585870",2,0],["n11445066450",2,2],["n10782029606",2,1]],"stats":{"hvBefore":5,"hvAfter":6,"segs":6,"verts":8,"moved":3,"lineMoved":0,"gatherMoved":0,"rounds":2,"roundCap":200,"converged":true,"fromCols":8,"fromRows":8,"cols":3,"rows":4,"emptyCols":[],"emptyRows":[],"dense":true},"cols":3,"rows":4}},