{"algo":"hccells-v4","fingerprint":"10jd96u:rg1.15","cityId":"am-per-lima","variant":"orig","shapelike":false,"hc":{"cellAfter":[["n5308595101",0,3],["n5302565067",1,1],["n5309007967",2,5],["n5302585870",3,0],["n5309165050",4,6],["n11445066450",5,4],["n10782029606",6,2],["n5309263907",7,7]],"stats":{"verts":8,"segs":6,"hvAfter":0,"ms":0,"base":"grid"}},"posts":{"stroke":{"cellAfter":[["n5309263907",5,7],["n5309165050",5,6],["n5309007967",5,5],["n5308595101",5,3],["n5302565067",5,1],["n5302585870",5,0],["n11445066450",7,4],["n10782029606",6,4]],"stats":{"hvBefore":0,"hvAfter":6,"hvdBefore":6,"hvdAfter":6,"segs":6,"verts":8,"moved":8,"passes":12,"reverted":false,"proposed":5,"revertedN":0,"batches":2,"strokes":2,"substrokes":2,"rounds":0,"clusterMoves":0,"groupsH":0,"groupsV":0,"comps":0,"fallback":0,"iters":4,"iterCap":20,"converged":true}},"rect":{"cellAfter":[["n5309263907",0,7],["n5309165050",0,6],["n5309007967",0,5],["n5308595101",0,4],["n5302565067",0,3],["n5302585870",0,2],["n11445066450",5,4],["n10782029606",5,0]],"stats":{"before":275327.9009243044,"after":198.33333333335375,"rounds":4,"moved":7,"clusterMoves":0,"idealHop":1,"verts":8,"segs":6,"hvBefore":0,"hvAfter":6,"groupsH":0,"groupsV":0,"comps":0,"fallback":0,"passes":0,"reverted":false,"iters":2,"iterCap":20,"converged":true}},"milp":{"cellAfter":[["n5309263907",7,7],["n5309165050",3,7],["n5309007967",0,7],["n5308595101",0,0],["n5302565067",3,0],["n5302585870",7,0],["n11445066450",4,4],["n10782029606",7,1]],"stats":{"hvBefore":0,"hvAfter":5,"hvdBefore":6,"hvdAfter":6,"segs":6,"verts":8,"moved":7,"passes":7,"reverted":false,"proposed":0,"comps":8,"fallback":0,"rounds":0,"clusterMoves":0,"groupsH":0,"groupsV":0,"iters":4,"iterCap":20,"converged":true}},"force":{"cellAfter":[["n5309263907",7,7],["n5309165050",7,5],["n5309007967",2,5],["n5308595101",0,3],["n5302565067",3,3],["n5302585870",3,0],["n11445066450",5,4],["n10782029606",7,4]],"stats":{"hvBefore":0,"hvAfter":5,"hvdBefore":6,"hvdAfter":6,"segs":6,"verts":8,"moved":3,"passes":8,"reverted":false,"proposed":8,"revertedN":2,"batches":8,"rounds":120,"clusterMoves":0,"groupsH":0,"groupsV":0,"comps":0,"fallback":0,"iters":3,"iterCap":20,"converged":true}},"lsq":{"cellAfter":[["n5309263907",7,7],["n5309165050",4,7],["n5309007967",2,5],["n5308595101",0,3],["n5302565067",2,1],["n5302585870",3,0],["n11445066450",5,4],["n10782029606",7,2]],"stats":{"hvBefore":0,"hvAfter":1,"hvdBefore":6,"hvdAfter":6,"segs":6,"verts":8,"moved":3,"passes":3,"reverted":false,"proposed":0,"rounds":120,"clusterMoves":0,"groupsH":0,"groupsV":0,"comps":0,"fallback":0,"iters":2,"iterCap":20,"converged":true}},"octi":{"cellAfter":[["n5309263907",7,5],["n5309165050",4,5],["n5309007967",2,5],["n5308595101",0,3],["n5302565067",1,0],["n5302585870",3,0],["n11445066450",5,4],["n10782029606",5,2]],"stats":{"hvBefore":0,"hvAfter":4,"hvdBefore":5,"hvdAfter":5,"segs":6,"verts":8,"moved":4,"passes":8,"reverted":false,"proposed":2,"revertedN":1,"batches":8,"settled":8,"rounds":0,"clusterMoves":0,"groupsH":0,"groupsV":0,"comps":0,"fallback":0,"iters":2,"iterCap":20,"converged":true}},"path":{"cellAfter":[["n5309263907",7,7],["n5309165050",5,5],["n5309007967",4,4],["n5308595101",1,2],["n5302565067",1,1],["n5302585870",3,1],["n11445066450",5,4],["n10782029606",6,2]],"stats":{"hvBefore":0,"hvAfter":2,"hvdBefore":4,"hvdAfter":4,"segs":6,"verts":8,"moved":4,"passes":2,"reverted":false,"proposed":4,"revertedN":0,"batches":1,"chains":1,"links":1,"rounds":0,"clusterMoves":0,"groupsH":0,"groupsV":0,"comps":0,"fallback":0,"iters":2,"iterCap":20,"converged":true}},"sat":{"cellAfter":[["n5309263907",7,7],["n5309165050",3,7],["n5309007967",0,7],["n5308595101",0,0],["n5302565067",3,0],["n5302585870",7,0],["n11445066450",4,4],["n10782029606",7,1]],"stats":{"hvBefore":0,"hvAfter":5,"hvdBefore":6,"hvdAfter":6,"segs":6,"verts":8,"moved":7,"passes":7,"reverted":false,"proposed":0,"comps":8,"fallback":0,"rounds":0,"clusterMoves":0,"groupsH":0,"groupsV":0,"iters":4,"iterCap":20,"converged":true}}},"layouts":{},"loops":{"hc":{"cellAfter":[["n5309263907",2,2],["n5309165050",1,2],["n5309007967",0,2],["n5308595101",0,1],["n5302565067",0,0],["n5302585870",1,0],["n11445066450",2,1],["n10782029606",2,0]],"stats":{"hvBefore":0,"hvAfter":6,"segs":6,"verts":8,"moved":8,"lineMoved":2,"gatherMoved":1,"rounds":2,"roundCap":200,"converged":true,"fromCols":8,"fromRows":8,"cols":3,"rows":3},"cols":3,"rows":3},"stroke":{"cellAfter":[["n5309263907",0,5],["n5309165050",0,4],["n5309007967",0,3],["n5308595101",0,2],["n5302565067",0,1],["n5302585870",0,0],["n11445066450",2,2],["n10782029606",1,2]],"stats":{"hvBefore":6,"hvAfter":6,"segs":6,"verts":8,"moved":0,"lineMoved":1,"gatherMoved":0,"rounds":2,"roundCap":200,"converged":true,"fromCols":8,"fromRows":8,"cols":3,"rows":6},"cols":3,"rows":6},"rect":{"cellAfter":[["n5309263907",0,5],["n5309165050",0,4],["n5309007967",0,3],["n5308595101",0,2],["n5302565067",0,1],["n5302585870",0,0],["n11445066450",1,1],["n10782029606",1,0]],"stats":{"hvBefore":6,"hvAfter":6,"segs":6,"verts":8,"moved":2,"lineMoved":0,"gatherMoved":0,"rounds":2,"roundCap":200,"converged":true,"fromCols":8,"fromRows":8,"cols":2,"rows":6},"cols":2,"rows":6},"milp":{"cellAfter":[["n5309263907",2,3],["n5309165050",1,3],["n5309007967",0,3],["n5308595101",0,0],["n5302565067",1,0],["n5302585870",2,0],["n11445066450",2,2],["n10782029606",2,1]],"stats":{"hvBefore":5,"hvAfter":6,"segs":6,"verts":8,"moved":3,"lineMoved":0,"gatherMoved":0,"rounds":2,"roundCap":200,"converged":true,"fromCols":8,"fromRows":8,"cols":3,"rows":4},"cols":3,"rows":4},"force":{"cellAfter":[["n5309263907",3,3],["n5309165050",3,2],["n5309007967",0,2],["n5308595101",0,1],["n5302565067",1,1],["n5302585870",1,0],["n11445066450",2,1],["n10782029606",3,1]],"stats":{"hvBefore":5,"hvAfter":6,"segs":6,"verts":8,"moved":1,"lineMoved":1,"gatherMoved":0,"rounds":2,"roundCap":200,"converged":true,"fromCols":8,"fromRows":8,"cols":4,"rows":4},"cols":4,"rows":4},"lsq":{"cellAfter":[["n5309263907",2,2],["n5309165050",1,2],["n5309007967",0,2],["n5308595101",0,1],["n5302565067",0,0],["n5302585870",1,0],["n11445066450",2,1],["n10782029606",2,0]],"stats":{"hvBefore":1,"hvAfter":6,"segs":6,"verts":8,"moved":7,"lineMoved":3,"gatherMoved":1,"rounds":2,"roundCap":200,"converged":true,"fromCols":8,"fromRows":8,"cols":3,"rows":3},"cols":3,"rows":3},"octi":{"cellAfter":[["n5309263907",2,2],["n5309165050",1,2],["n5309007967",0,2],["n5308595101",0,1],["n5302565067",0,0],["n5302585870",1,0],["n11445066450",2,1],["n10782029606",2,0]],"stats":{"hvBefore":4,"hvAfter":6,"segs":6,"verts":8,"moved":6,"lineMoved":1,"gatherMoved":1,"rounds":2,"roundCap":200,"converged":true,"fromCols":8,"fromRows":8,"cols":3,"rows":3},"cols":3,"rows":3},"path":{"cellAfter":[["n5309263907",2,2],["n5309165050",1,2],["n5309007967",1,1],["n5308595101",0,1],["n5302565067",0,0],["n5302585870",1,0],["n11445066450",2,1],["n10782029606",2,0]],"stats":{"hvBefore":2,"hvAfter":6,"segs":6,"verts":8,"moved":4,"lineMoved":3,"gatherMoved":0,"rounds":2,"roundCap":200,"converged":true,"fromCols":8,"fromRows":8,"cols":3,"rows":3},"cols":3,"rows":3},"sat":{"cellAfter":[["n5309263907",2,3],["n5309165050",1,3],["n5309007967",0,3],["n5308595101",0,0],["n5302565067",1,0],["n5302585870",2,0],["n11445066450",2,2],["n10782029606",2,1]],"stats":{"hvBefore":5,"hvAfter":6,"segs":6,"verts":8,"moved":3,"lineMoved":0,"gatherMoved":0,"rounds":2,"roundCap":200,"converged":true,"fromCols":8,"fromRows":8,"cols":3,"rows":4},"cols":3,"rows":4}},"endp":{"hc":{"cellAfter":[["n5309263907",3,4],["n5309165050",2,4],["n5309007967",2,3],["n5308595101",0,3],["n5302565067",0,0],["n5302585870",1,0],["n11445066450",3,2],["n10782029606",3,1]],"stats":{"hvBefore":0,"hvAfter":6,"segs":6,"verts":8,"moved":10,"movedPts":10,"movedLines":0,"converged":true,"fromCols":8,"fromRows":8,"cols":4,"rows":5},"cols":4,"rows":5},