{"algo":"hccells-v4","fingerprint":"10jd96u:rg1.15","cityId":"am-per-lima","variant":"rot","shapelike":false,"hc":{"cellAfter":[["n5308595101",0,2],["n5309007967",1,5],["n5309165050",2,6],["n5302565067",3,1],["n11445066450",4,4],["n5302585870",5,0],["n5309263907",6,7],["n10782029606",7,3]],"stats":{"verts":8,"segs":6,"hvAfter":0,"ms":0,"base":"grid"}},"posts":{"stroke":{"cellAfter":[["n5309263907",6,7],["n5309165050",2,7],["n5309007967",2,5],["n5308595101",2,1],["n5302565067",3,1],["n5302585870",5,1],["n11445066450",5,5],["n10782029606",6,5]],"stats":{"hvBefore":0,"hvAfter":6,"hvdBefore":6,"hvdAfter":6,"segs":6,"verts":8,"moved":6,"passes":18,"reverted":false,"proposed":11,"revertedN":0,"batches":3,"strokes":2,"substrokes":3,"rounds":0,"clusterMoves":0,"groupsH":0,"groupsV":0,"comps":0,"fallback":0,"iters":5,"iterCap":20,"converged":true}},"rect":{"cellAfter":[["n5309263907",0,7],["n5309165050",0,6],["n5309007967",0,5],["n5308595101",0,3],["n5302565067",0,1],["n5302585870",0,0],["n11445066450",3,4],["n10782029606",7,4]],"stats":{"before":276923.03223955835,"after":265.8333333333503,"rounds":4,"moved":8,"clusterMoves":0,"idealHop":1,"verts":8,"segs":6,"hvBefore":0,"hvAfter":6,"groupsH":0,"groupsV":0,"comps":0,"fallback":0,"passes":0,"reverted":false,"iters":2,"iterCap":20,"converged":true}},"milp":{"cellAfter":[["n5309263907",7,7],["n5309165050",3,7],["n5309007967",0,7],["n5308595101",0,0],["n5302565067",2,0],["n5302585870",7,0],["n11445066450",3,4],["n10782029606",7,4]],"stats":{"hvBefore":0,"hvAfter":6,"hvdBefore":6,"hvdAfter":6,"segs":6,"verts":8,"moved":8,"passes":8,"reverted":false,"proposed":0,"comps":8,"fallback":0,"rounds":0,"clusterMoves":0,"groupsH":0,"groupsV":0,"iters":4,"iterCap":20,"converged":true}},"force":{"cellAfter":[["n5309263907",6,7],["n5309165050",2,6],["n5309007967",1,5],["n5308595101",0,2],["n5302565067",1,1],["n5302585870",5,0],["n11445066450",4,4],["n10782029606",7,1]],"stats":{"hvBefore":0,"hvAfter":0,"hvdBefore":3,"hvdAfter":3,"segs":6,"verts":8,"moved":2,"passes":4,"reverted":false,"proposed":8,"revertedN":4,"batches":8,"rounds":80,"clusterMoves":0,"groupsH":0,"groupsV":0,"comps":0,"fallback":0,"iters":2,"iterCap":20,"converged":true}},"lsq":{"cellAfter":[["n5309263907",6,6],["n5309165050",2,6],["n5309007967",1,5],["n5308595101",1,2],["n5302565067",3,2],["n5302585870",5,0],["n11445066450",4,4],["n10782029606",7,4]],"stats":{"hvBefore":0,"hvAfter":4,"hvdBefore":6,"hvdAfter":6,"segs":6,"verts":8,"moved":4,"passes":3,"reverted":false,"proposed":0,"rounds":120,"clusterMoves":0,"groupsH":0,"groupsV":0,"comps":0,"fallback":0,"iters":2,"iterCap":20,"converged":true}},"octi":{"cellAfter":[["n5309263907",6,6],["n5309165050",2,6],["n5309007967",1,5],["n5308595101",0,0],["n5302565067",3,0],["n5302585870",5,0],["n11445066450",4,3],["n10782029606",7,3]],"stats":{"hvBefore":0,"hvAfter":4,"hvdBefore":5,"hvdAfter":5,"segs":6,"verts":8,"moved":4,"passes":8,"reverted":false,"proposed":2,"revertedN":1,"batches":8,"settled":8,"rounds":0,"clusterMoves":0,"groupsH":0,"groupsV":0,"comps":0,"fallback":0,"iters":2,"iterCap":20,"converged":true}},"path":{"cellAfter":[["n5309263907",5,7],["n5309165050",3,5],["n5309007967",2,4],["n5308595101",1,4],["n5302565067",4,2],["n5302585870",6,1],["n11445066450",4,4],["n10782029606",7,3]],"stats":{"hvBefore":0,"hvAfter":1,"hvdBefore":3,"hvdAfter":3,"segs":6,"verts":8,"moved":6,"passes":4,"reverted":false,"proposed":6,"revertedN":0,"batches":1,"chains":1,"links":2,"rounds":0,"clusterMoves":0,"groupsH":0,"groupsV":0,"comps":0,"fallback":0,"iters":3,"iterCap":20,"converged":true}},"sat":{"cellAfter":[["n5309263907",7,7],["n5309165050",3,7],["n5309007967",0,7],["n5308595101",0,0],["n5302565067",2,0],["n5302585870",7,0],["n11445066450",3,4],["n10782029606",7,4]],"stats":{"hvBefore":0,"hvAfter":6,"hvdBefore":6,"hvdAfter":6,"segs":6,"verts":8,"moved":8,"passes":8,"reverted":false,"proposed":0,"comps":8,"fallback":0,"rounds":0,"clusterMoves":0,"groupsH":0,"groupsV":0,"iters":4,"iterCap":20,"converged":true}}},"layouts":{},"loops":{"hc":{"cellAfter":[["n5309263907",2,2],["n5309165050",1,2],["n5309007967",0,2],["n5308595101",0,0],["n5302565067",1,0],["n5302585870",2,0],["n11445066450",1,1],["n10782029606",2,1]],"stats":{"hvBefore":0,"hvAfter":6,"segs":6,"verts":8,"moved":7,"lineMoved":1,"gatherMoved":2,"rounds":2,"roundCap":200,"converged":true,"fromCols":8,"fromRows":8,"cols":3,"rows":3},"cols":3,"rows":3},"stroke":{"cellAfter":[["n5309263907",1,2],["n5309165050",0,2],["n5309007967",0,1],["n5308595101",0,0],["n5302565067",1,0],["n5302585870",2,0],["n11445066450",1,1],["n10782029606",2,1]],"stats":{"hvBefore":6,"hvAfter":6,"segs":6,"verts":8,"moved":2,"lineMoved":1,"gatherMoved":0,"rounds":3,"roundCap":200,"converged":true,"fromCols":8,"fromRows":8,"cols":3,"rows":3},"cols":3,"rows":3},"rect":{"cellAfter":[["n5309263907",0,5],["n5309165050",0,4],["n5309007967",0,3],["n5308595101",0,2],["n5302565067",0,1],["n5302585870",0,0],["n11445066450",1,2],["n10782029606",2,2]],"stats":{"hvBefore":6,"hvAfter":6,"segs":6,"verts":8,"moved":0,"lineMoved":1,"gatherMoved":0,"rounds":2,"roundCap":200,"converged":true,"fromCols":8,"fromRows":8,"cols":3,"rows":6},"cols":3,"rows":6},"milp":{"cellAfter":[["n5309263907",3,2],["n5309165050",2,2],["n5309007967",0,2],["n5308595101",0,0],["n5302565067",1,0],["n5302585870",2,0],["n11445066450",2,1],["n10782029606",3,1]],"stats":{"hvBefore":6,"hvAfter":6,"segs":6,"verts":8,"moved":1,"lineMoved":0,"gatherMoved":0,"rounds":2,"roundCap":200,"converged":true,"fromCols":8,"fromRows":8,"cols":4,"rows":3},"cols":4,"rows":3},"force":{"cellAfter":[["n5309263907",2,2],["n5309165050",1,2],["n5309007967",0,2],["n5308595101",0,1],["n5302565067",0,0],["n5302585870",1,0],["n11445066450",1,1],["n10782029606",2,1]],"stats":{"hvBefore":0,"hvAfter":6,"segs":6,"verts":8,"moved":10,"lineMoved":3,"gatherMoved":0,"rounds":3,"roundCap":200,"converged":true,"fromCols":8,"fromRows":8,"cols":3,"rows":3},"cols":3,"rows":3},"lsq":{"cellAfter":[["n5309263907",2,3],["n5309165050",1,3],["n5309007967",0,3],["n5308595101",0,1],["n5302565067",2,1],["n5302585870",2,0],["n11445066450",1,2],["n10782029606",2,2]],"stats":{"hvBefore":4,"hvAfter":6,"segs":6,"verts":8,"moved":5,"lineMoved":1,"gatherMoved":0,"rounds":2,"roundCap":200,"converged":true,"fromCols":8,"fromRows":8,"cols":3,"rows":4},"cols":3,"rows":4},"octi":{"cellAfter":[["n5309263907",2,2],["n5309165050",1,2],["n5309007967",0,2],["n5308595101",0,0],["n5302565067",1,0],["n5302585870",2,0],["n11445066450",1,1],["n10782029606",2,1]],"stats":{"hvBefore":4,"hvAfter":6,"segs":6,"verts":8,"moved":5,"lineMoved":1,"gatherMoved":1,"rounds":2,"roundCap":200,"converged":true,"fromCols":8,"fromRows":8,"cols":3,"rows":3},"cols":3,"rows":3},"path":{"cellAfter":[["n5309263907",1,2],["n5309165050",0,2],["n5309007967",0,1],["n5308595101",0,0],["n5302565067",1,0],["n5302585870",2,0],["n11445066450",1,1],["n10782029606",2,1]],"stats":{"hvBefore":1,"hvAfter":6,"segs":6,"verts":8,"moved":9,"lineMoved":1,"gatherMoved":0,"rounds":3,"roundCap":200,"converged":true,"fromCols":8,"fromRows":8,"cols":3,"rows":3},"cols":3,"rows":3},"sat":{"cellAfter":[["n5309263907",3,2],["n5309165050",2,2],["n5309007967",0,2],["n5308595101",0,0],["n5302565067",1,0],["n5302585870",2,0],["n11445066450",2,1],["n10782029606",3,1]],"stats":{"hvBefore":6,"hvAfter":6,"segs":6,"verts":8,"moved":1,"lineMoved":0,"gatherMoved":0,"rounds":2,"roundCap":200,"converged":true,"fromCols":8,"fromRows":8,"cols":4,"rows":3},"cols":4,"rows":3}},"endp":{"hc":{"cellAfter":[["n5309263907",3,3],["n5309165050",2,3],["n5309007967",2,2],["n5308595101",0,2],["n5302565067",0,0],["n5302585870",1,0],["n11445066450",3,1],["n10782029606",4,1]],"stats":{"hvBefore":0,"hvAfter":6,"segs":6,"verts":8,"moved":16,"movedPts":16,"movedLines":0,"converged":true,"fromCols":8,"fromRows":8,"cols":5,"rows":4},"cols":5,"rows":4},