{"algo":"hccells-v8","fingerprint":"1ym19y7:rg1.15","cityId":"am-pan-panama-city","variant":"rot","shapelike":false,"hc":{"cellAfter":[["n2618111169",0,7],["n11933442340",1,1],["n2618155175",2,6],["n2618155816",3,5],["n6416942721",4,4],["n6416933280",5,2],["n10768684020",6,3],["n6416942387",7,0]],"stats":{"verts":8,"segs":7,"hvAfter":0,"ms":0,"base":"grid"}},"posts":{"stroke":{"cellAfter":[["n11933442340",0,2],["n2618155816",3,5],["n2618155175",3,6],["n2618111169",4,6],["n6416942721",3,4],["n6416933280",3,2],["n6416942387",3,0],["n10768684020",6,2]],"stats":{"hvBefore":0,"hvAfter":6,"hvdBefore":7,"hvdAfter":7,"segs":7,"verts":8,"moved":7,"passes":13,"reverted":false,"proposed":8,"revertedN":0,"batches":3,"strokes":3,"substrokes":3,"rounds":0,"clusterMoves":0,"groupsH":0,"groupsV":0,"comps":0,"fallback":0,"iters":4,"iterCap":20,"converged":true}},"rect":{"cellAfter":[["n11933442340",0,4],["n2618155816",2,5],["n2618155175",2,6],["n2618111169",2,7],["n6416942721",4,4],["n6416933280",6,3],["n6416942387",6,0],["n10768684020",7,3]],"stats":{"before":361909.1747265114,"after":109496.60975000726,"rounds":4,"moved":6,"clusterMoves":1,"idealHop":1,"verts":8,"segs":7,"hvBefore":0,"hvAfter":4,"groupsH":0,"groupsV":0,"comps":0,"fallback":0,"passes":0,"reverted":false,"iters":2,"iterCap":20,"converged":true}},"milp":{"cellAfter":[["n11933442340",0,0],["n2618155816",0,2],["n2618155175",0,6],["n2618111169",0,7],["n6416942721",3,2],["n6416933280",7,2],["n6416942387",7,0],["n10768684020",7,4]],"stats":{"hvBefore":0,"hvAfter":7,"hvdBefore":7,"hvdAfter":7,"segs":7,"verts":8,"moved":6,"passes":8,"reverted":false,"proposed":1,"comps":4,"fallback":0,"rounds":0,"clusterMoves":0,"groupsH":0,"groupsV":0,"iters":4,"iterCap":20,"converged":true}},"force":{"cellAfter":[["n11933442340",1,1],["n2618155816",1,5],["n2618155175",0,6],["n2618111169",0,7],["n6416942721",4,4],["n6416933280",5,0],["n6416942387",7,0],["n10768684020",6,3]],"stats":{"hvBefore":0,"hvAfter":3,"hvdBefore":4,"hvdAfter":4,"segs":7,"verts":8,"moved":3,"passes":6,"reverted":false,"proposed":8,"revertedN":1,"batches":8,"rounds":80,"clusterMoves":0,"groupsH":0,"groupsV":0,"comps":0,"fallback":0,"iters":2,"iterCap":20,"converged":true}},"lsq":{"cellAfter":[["n11933442340",0,2],["n2618155816",2,4],["n2618155175",2,6],["n2618111169",0,7],["n6416942721",4,4],["n6416933280",6,2],["n6416942387",7,0],["n10768684020",6,3]],"stats":{"hvBefore":0,"hvAfter":3,"hvdBefore":5,"hvdAfter":5,"segs":7,"verts":8,"moved":3,"passes":3,"reverted":false,"proposed":0,"rounds":120,"clusterMoves":0,"groupsH":0,"groupsV":0,"comps":0,"fallback":0,"iters":2,"iterCap":20,"converged":true}},"octi":{"cellAfter":[["n11933442340",1,1],["n2618155816",3,5],["n2618155175",2,6],["n2618111169",0,7],["n6416942721",4,4],["n6416933280",5,2],["n6416942387",7,0],["n10768684020",6,3]],"stats":{"hvBefore":0,"hvAfter":0,"hvdBefore":4,"hvdAfter":4,"segs":7,"verts":8,"moved":0,"passes":0,"reverted":false,"proposed":0,"revertedN":0,"batches":8,"settled":8,"rounds":0,"clusterMoves":0,"groupsH":0,"groupsV":0,"comps":0,"fallback":0,"iters":1,"iterCap":20,"converged":true}},"path":{"cellAfter":[["n11933442340",0,2],["n2618155816",3,5],["n2618155175",3,7],["n2618111169",1,7],["n6416942721",4,4],["n6416933280",5,2],["n6416942387",7,0],["n10768684020",6,3]],"stats":{"hvBefore":0,"hvAfter":2,"hvdBefore":6,"hvdAfter":6,"segs":7,"verts":8,"moved":3,"passes":6,"reverted":false,"proposed":1,"revertedN":0,"batches":2,"chains":2,"links":3,"rounds":0,"clusterMoves":0,"groupsH":0,"groupsV":0,"comps":0,"fallback":0,"iters":4,"iterCap":20,"converged":true}},"sat":{"cellAfter":[["n11933442340",0,0],["n2618155816",0,2],["n2618155175",0,6],["n2618111169",0,7],["n6416942721",3,2],["n6416933280",7,2],["n6416942387",7,0],["n10768684020",7,4]],"stats":{"hvBefore":0,"hvAfter":7,"hvdBefore":7,"hvdAfter":7,"segs":7,"verts":8,"moved":6,"passes":8,"reverted":false,"proposed":1,"comps":4,"fallback":0,"rounds":0,"clusterMoves":0,"groupsH":0,"groupsV":0,"iters":4,"iterCap":20,"converged":true}}},"layouts":{},"loops":{"hc":{"cellAfter":[["n11933442340",1,1],["n2618155816",1,2],["n2618155175",1,3],["n2618111169",0,3],["n6416942721",2,2],["n6416933280",2,1],["n6416942387",2,0],["n10768684020",3,1]],"stats":{"hvBefore":0,"hvAfter":7,"segs":7,"verts":8,"moved":10,"lineMoved":0,"gatherMoved":1,"rounds":2,"roundCap":200,"converged":true,"fromCols":8,"fromRows":8,"cols":4,"rows":4,"emptyCols":[],"emptyRows":[],"dense":true},"cols":4,"rows":4},"stroke":{"cellAfter":[["n11933442340",0,3],["n2618155816",1,3],["n2618155175",1,4],["n2618111169",2,4],["n6416942721",1,2],["n6416933280",1,1],["n6416942387",1,0],["n10768684020",2,1]],"stats":{"hvBefore":6,"hvAfter":7,"segs":7,"verts":8,"moved":3,"lineMoved":0,"gatherMoved":0,"rounds":2,"roundCap":200,"converged":true,"fromCols":8,"fromRows":8,"cols":3,"rows":5,"emptyCols":[],"emptyRows":[],"dense":true},"cols":3,"rows":5},"rect":{"cellAfter":[["n11933442340",0,1],["n2618155816",0,2],["n2618155175",0,3],["n2618111169",0,4],["n6416942721",1,2],["n6416933280",1,1],["n6416942387",1,0],["n10768684020",2,1]],"stats":{"hvBefore":4,"hvAfter":7,"segs":7,"verts":8,"moved":2,"lineMoved":0,"gatherMoved":1,"rounds":2,"roundCap":200,"converged":true,"fromCols":8,"fromRows":8,"cols":3,"rows":5,"emptyCols":[],"emptyRows":[],"dense":true},"cols":3,"rows":5},"milp":{"cellAfter":[["n11933442340",0,0],["n2618155816",0,1],["n2618155175",0,2],["n2618111169",0,3],["n6416942721",1,1],["n6416933280",2,1],["n6416942387",2,0],["n10768684020",2,2]],"stats":{"hvBefore":7,"hvAfter":7,"segs":7,"verts":8,"moved":0,"lineMoved":0,"gatherMoved":1,"rounds":2,"roundCap":200,"converged":true,"fromCols":8,"fromRows":8,"cols":3,"rows":4,"emptyCols":[],"emptyRows":[],"dense":true},"cols":3,"rows":4},"force":{"cellAfter":[["n11933442340",1,0],["n2618155816",1,1],["n2618155175",1,2],["n2618111169",0,2],["n6416942721",2,1],["n6416933280",3,1],["n6416942387",3,0],["n10768684020",3,2]],"stats":{"hvBefore":3,"hvAfter":7,"segs":7,"verts":8,"moved":4,"lineMoved":3,"gatherMoved":0,"rounds":2,"roundCap":200,"converged":true,"fromCols":8,"fromRows":8,"cols":4,"rows":3,"emptyCols":[],"emptyRows":[],"dense":true},"cols":4,"rows":3},"lsq":{"cellAfter":[["n11933442340",0,1],["n2618155816",0,2],["n2618155175",0,3],["n2618111169",0,4],["n6416942721",1,2],["n6416933280",1,1],["n6416942387",1,0],["n10768684020",2,1]],"stats":{"hvBefore":3,"hvAfter":7,"segs":7,"verts":8,"moved":5,"lineMoved":0,"gatherMoved":0,"rounds":2,"roundCap":200,"converged":true,"fromCols":8,"fromRows":8,"cols":3,"rows":5,"emptyCols":[],"emptyRows":[],"dense":true},"cols":3,"rows":5},"octi":{"cellAfter":[["n11933442340",1,1],["n2618155816",1,2],["n2618155175",1,3],["n2618111169",0,3],["n6416942721",2,2],["n6416933280",2,1],["n6416942387",2,0],["n10768684020",3,1]],"stats":{"hvBefore":0,"hvAfter":7,"segs":7,"verts":8,"moved":10,"lineMoved":0,"gatherMoved":1,"rounds":2,"roundCap":200,"converged":true,"fromCols":8,"fromRows":8,"cols":4,"rows":4,"emptyCols":[],"emptyRows":[],"dense":true},"cols":4,"rows":4},"path":{"cellAfter":[["n11933442340",1,1],["n2618155816",1,2],["n2618155175",1,3],["n2618111169",0,3],["n6416942721",2,2],["n6416933280",2,1],["n6416942387",2,0],["n10768684020",3,1]],"stats":{"hvBefore":2,"hvAfter":7,"segs":7,"verts":8,"moved":7,"lineMoved":0,"gatherMoved":1,"rounds":2,"roundCap":200,"converged":true,"fromCols":8,"fromRows":8,"cols":4,"rows":4,"emptyCols":[],"emptyRows":[],"dense":true},"cols":4,"rows":4},"sat":{"cellAfter":[["n11933442340",0,0],["n2618155816",0,1],["n2618155175",0,2],["n2618111169",0,3],["n6416942721",1,1],["n6416933280",2,1],["n6416942387",2,0],["n10768684020",2,2]],"stats":{"hvBefore":7,"hvAfter":7,"segs":7,"verts":8,"moved":0,"lineMoved":0,"gatherMoved":1,"rounds":2,"roundCap":200,"converged":true,"fromCols":8,"fromRows":8,"cols":3,"rows":4,"emptyCols":[],"emptyRows":[],"dense":true},"cols":3,"rows":4}},