{"algo":"hccells-v8","fingerprint":"1oib9dp:rg1.15","cityId":"am-usa-miami","variant":"orig","shapelike":false,"hc":{"cellAfter":[["n462721823",0,1],["n462234896",1,7],["n98995880",2,0],["n1289960165",3,3],["n98995379",4,6],["n462658627",5,2],["n462636623",6,4],["n462517397",7,5]],"stats":{"verts":8,"segs":7,"hvAfter":0,"ms":0,"base":"grid"}},"posts":{"stroke":{"cellAfter":[["n462234896",1,7],["n98995379",6,7],["n462517397",6,3],["n462636623",6,2],["n462658627",5,2],["n1289960165",5,3],["n98995880",2,2],["n462721823",0,2]],"stats":{"hvBefore":0,"hvAfter":7,"hvdBefore":7,"hvdAfter":7,"segs":7,"verts":8,"moved":6,"passes":13,"reverted":false,"proposed":8,"revertedN":0,"batches":5,"strokes":2,"substrokes":5,"rounds":0,"clusterMoves":0,"groupsH":0,"groupsV":0,"comps":0,"fallback":0,"iters":4,"iterCap":20,"converged":true}},"rect":{"cellAfter":[["n462234896",6,7],["n98995379",6,6],["n462517397",6,5],["n462636623",6,4],["n462658627",6,2],["n1289960165",5,2],["n98995880",6,1],["n462721823",6,0]],"stats":{"before":453241.1698556062,"after":63418.26159702409,"rounds":3,"moved":7,"clusterMoves":3,"idealHop":1,"verts":8,"segs":7,"hvBefore":0,"hvAfter":7,"groupsH":0,"groupsV":0,"comps":0,"fallback":0,"passes":0,"reverted":false,"iters":2,"iterCap":20,"converged":true}},"milp":{"cellAfter":[["n462234896",0,7],["n98995379",4,7],["n462517397",7,7],["n462636623",7,5],["n462658627",4,2],["n1289960165",3,2],["n98995880",2,0],["n462721823",0,0]],"stats":{"hvBefore":0,"hvAfter":5,"hvdBefore":7,"hvdAfter":7,"segs":7,"verts":8,"moved":7,"passes":7,"reverted":true,"proposed":2,"comps":3,"fallback":0,"rounds":0,"clusterMoves":0,"groupsH":0,"groupsV":0,"iters":3,"iterCap":20,"converged":true}},"force":{"cellAfter":[["n462234896",1,7],["n98995379",4,7],["n462517397",6,7],["n462636623",6,4],["n462658627",5,4],["n1289960165",5,5],["n98995880",2,0],["n462721823",2,3]],"stats":{"hvBefore":0,"hvAfter":6,"hvdBefore":6,"hvdAfter":6,"segs":7,"verts":8,"moved":5,"passes":12,"reverted":false,"proposed":8,"revertedN":2,"batches":8,"rounds":120,"clusterMoves":0,"groupsH":0,"groupsV":0,"comps":0,"fallback":0,"iters":3,"iterCap":20,"converged":true}},"lsq":{"cellAfter":[["n462234896",1,7],["n98995379",4,5],["n462517397",6,5],["n462636623",6,3],["n462658627",5,3],["n1289960165",3,5],["n98995880",2,0],["n462721823",0,2]],"stats":{"hvBefore":0,"hvAfter":3,"hvdBefore":6,"hvdAfter":6,"segs":7,"verts":8,"moved":6,"passes":5,"reverted":false,"proposed":0,"rounds":180,"clusterMoves":0,"groupsH":0,"groupsV":0,"comps":0,"fallback":0,"iters":3,"iterCap":20,"converged":true}},"octi":{"cellAfter":[["n462234896",1,6],["n98995379",4,6],["n462517397",7,6],["n462636623",7,4],["n462658627",5,2],["n1289960165",3,2],["n98995880",2,0],["n462721823",0,0]],"stats":{"hvBefore":0,"hvAfter":5,"hvdBefore":6,"hvdAfter":6,"segs":7,"verts":8,"moved":5,"passes":10,"reverted":false,"proposed":0,"revertedN":0,"batches":8,"settled":8,"rounds":0,"clusterMoves":0,"groupsH":0,"groupsV":0,"comps":0,"fallback":0,"iters":2,"iterCap":20,"converged":true}},"path":{"cellAfter":[["n462234896",2,7],["n98995379",3,5],["n462517397",4,5],["n462636623",4,4],["n462658627",3,2],["n1289960165",3,3],["n98995880",0,0],["n462721823",0,1]],"stats":{"hvBefore":0,"hvAfter":4,"hvdBefore":4,"hvdAfter":4,"segs":7,"verts":8,"moved":6,"passes":8,"reverted":false,"proposed":1,"revertedN":0,"batches":1,"chains":2,"links":2,"rounds":0,"clusterMoves":0,"groupsH":0,"groupsV":0,"comps":0,"fallback":0,"iters":4,"iterCap":20,"converged":true}},"sat":{"cellAfter":[["n462234896",0,7],["n98995379",4,7],["n462517397",7,7],["n462636623",7,5],["n462658627",4,2],["n1289960165",3,2],["n98995880",2,0],["n462721823",0,0]],"stats":{"hvBefore":0,"hvAfter":5,"hvdBefore":7,"hvdAfter":7,"segs":7,"verts":8,"moved":7,"passes":7,"reverted":true,"proposed":2,"comps":3,"fallback":0,"rounds":0,"clusterMoves":0,"groupsH":0,"groupsV":0,"iters":3,"iterCap":20,"converged":true}}},"layouts":{},"loops":{"hc":{"cellAfter":[["n462234896",0,2],["n98995379",1,2],["n462517397",3,2],["n462636623",3,1],["n462658627",2,1],["n1289960165",1,1],["n98995880",2,0],["n462721823",1,0]],"stats":{"hvBefore":0,"hvAfter":7,"segs":7,"verts":8,"moved":5,"lineMoved":2,"gatherMoved":0,"rounds":2,"roundCap":200,"converged":true,"fromCols":8,"fromRows":8,"cols":4,"rows":3,"emptyCols":[],"emptyRows":[],"dense":true},"cols":4,"rows":3},"stroke":{"cellAfter":[["n462234896",2,2],["n98995379",3,2],["n462517397",3,1],["n462636623",3,0],["n462658627",2,0],["n1289960165",2,1],["n98995880",1,0],["n462721823",0,0]],"stats":{"hvBefore":7,"hvAfter":7,"segs":7,"verts":8,"moved":2,"lineMoved":0,"gatherMoved":0,"rounds":2,"roundCap":200,"converged":true,"fromCols":8,"fromRows":8,"cols":4,"rows":3,"emptyCols":[],"emptyRows":[],"dense":true},"cols":4,"rows":3},"rect":{"cellAfter":[["n462234896",1,6],["n98995379",1,5],["n462517397",1,4],["n462636623",1,3],["n462658627",1,2],["n1289960165",0,2],["n98995880",1,1],["n462721823",1,0]],"stats":{"hvBefore":7,"hvAfter":7,"segs":7,"verts":8,"moved":0,"lineMoved":0,"gatherMoved":0,"rounds":1,"roundCap":200,"converged":true,"fromCols":8,"fromRows":8,"cols":2,"rows":7,"emptyCols":[],"emptyRows":[],"dense":true},"cols":2,"rows":7},"milp":{"cellAfter":[["n462234896",0,2],["n98995379",1,2],["n462517397",2,2],["n462636623",2,1],["n462658627",1,1],["n1289960165",0,1],["n98995880",1,0],["n462721823",0,0]],"stats":{"hvBefore":5,"hvAfter":7,"segs":7,"verts":8,"moved":3,"lineMoved":2,"gatherMoved":0,"rounds":2,"roundCap":200,"converged":true,"fromCols":8,"fromRows":8,"cols":3,"rows":3,"emptyCols":[],"emptyRows":[],"dense":true},"cols":3,"rows":3},"force":{"cellAfter":[["n462234896",0,3],["n98995379",1,3],["n462517397",3,3],["n462636623",3,1],["n462658627",2,1],["n1289960165",2,2],["n98995880",1,1],["n462721823",1,0]],"stats":{"hvBefore":6,"hvAfter":7,"segs":7,"verts":8,"moved":3,"lineMoved":1,"gatherMoved":0,"rounds":2,"roundCap":200,"converged":true,"fromCols":8,"fromRows":8,"cols":4,"rows":4,"emptyCols":[],"emptyRows":[],"dense":true},"cols":4,"rows":4},"lsq":{"cellAfter":[["n462234896",0,2],["n98995379",1,2],["n462517397",3,2],["n462636623",3,1],["n462658627",2,1],["n1289960165",1,1],["n98995880",2,0],["n462721823",1,0]],"stats":{"hvBefore":3,"hvAfter":7,"segs":7,"verts":8,"moved":3,"lineMoved":2,"gatherMoved":0,"rounds":2,"roundCap":200,"converged":true,"fromCols":8,"fromRows":8,"cols":4,"rows":3,"emptyCols":[],"emptyRows":[],"dense":true},"cols":4,"rows":3},"octi":{"cellAfter":[["n462234896",0,2],["n98995379",1,2],["n462517397",3,2],["n462636623",3,1],["n462658627",2,1],["n1289960165",1,1],["n98995880",2,0],["n462721823",1,0]],"stats":{"hvBefore":5,"hvAfter":7,"segs":7,"verts":8,"moved":3,"lineMoved":2,"gatherMoved":0,"rounds":2,"roundCap":200,"converged":true,"fromCols":8,"fromRows":8,"cols":4,"rows":3,"emptyCols":[],"emptyRows":[],"dense":true},"cols":4,"rows":3},"path":{"cellAfter":[["n462234896",0,2],["n98995379",1,2],["n462517397",2,2],["n462636623",2,1],["n462658627",1,1],["n1289960165",0,1],["n98995880",1,0],["n462721823",0,0]],"stats":{"hvBefore":4,"hvAfter":7,"segs":7,"verts":8,"moved":3,"lineMoved":2,"gatherMoved":0,"rounds":2,"roundCap":200,"converged":true,"fromCols":8,"fromRows":8,"cols":3,"rows":3,"emptyCols":[],"emptyRows":[],"dense":true},"cols":3,"rows":3},"sat":{"cellAfter":[["n462234896",0,2],["n98995379",1,2],["n462517397",2,2],["n462636623",2,1],["n462658627",1,1],["n1289960165",0,1],["n98995880",1,0],["n462721823",0,0]],"stats":{"hvBefore":5,"hvAfter":7,"segs":7,"verts":8,"moved":3,"lineMoved":2,"gatherMoved":0,"rounds":2,"roundCap":200,"converged":true,"fromCols":8,"fromRows":8,"cols":3,"rows":3,"emptyCols":[],"emptyRows":[],"dense":true},"cols":3,"rows":3}},"endp":{"hc":{"cellAfter":[["n462234896",1,2],["n98995379",2,2],["n462517397",4,2],["n462636623",4,1],["n462658627",3,1],["n1289960165",2,1],["n98995880",1,0],["n462721823",0,0]],"stats":{"hvBefore":0,"hvAfter":6,"segs":7,"verts":8,"moved":5,"movedPts":5,"movedLines":0,"converged":true,"fromCols":8,"fromRows":8,