{"algo":"hccells-v4","fingerprint":"1oib9dp:rg1.15","cityId":"am-usa-miami","variant":"rot","shapelike":false,"hc":{"cellAfter":[["n462234896",0,5],["n98995379",1,6],["n462721823",2,0],["n1289960165",3,2],["n462517397",4,7],["n462636623",5,4],["n462658627",6,3],["n98995880",7,1]],"stats":{"verts":8,"segs":7,"hvAfter":0,"ms":0,"base":"grid"}},"posts":{"stroke":{"cellAfter":[["n462234896",0,7],["n98995379",1,7],["n462517397",6,7],["n462636623",6,4],["n462658627",6,3],["n1289960165",5,3],["n98995880",6,1],["n462721823",6,0]],"stats":{"hvBefore":0,"hvAfter":7,"hvdBefore":7,"hvdAfter":7,"segs":7,"verts":8,"moved":7,"passes":17,"reverted":false,"proposed":7,"revertedN":0,"batches":4,"strokes":2,"substrokes":4,"rounds":0,"clusterMoves":0,"groupsH":0,"groupsV":0,"comps":0,"fallback":0,"iters":4,"iterCap":20,"converged":true}},"rect":{"cellAfter":[["n462234896",0,6],["n98995379",2,6],["n462517397",4,6],["n462636623",7,6],["n462658627",7,3],["n1289960165",6,3],["n98995880",7,2],["n462721823",7,1]],"stats":{"before":482563.6856147402,"after":157940.7830632794,"rounds":5,"moved":8,"clusterMoves":3,"idealHop":1,"verts":8,"segs":7,"hvBefore":0,"hvAfter":7,"groupsH":0,"groupsV":0,"comps":0,"fallback":0,"passes":0,"reverted":false,"iters":2,"iterCap":20,"converged":true}},"milp":{"cellAfter":[["n462234896",0,7],["n98995379",2,7],["n462517397",5,7],["n462636623",5,5],["n462658627",5,2],["n1289960165",4,1],["n98995880",5,0],["n462721823",3,0]],"stats":{"hvBefore":0,"hvAfter":6,"hvdBefore":7,"hvdAfter":7,"segs":7,"verts":8,"moved":8,"passes":4,"reverted":false,"proposed":0,"comps":2,"fallback":0,"rounds":0,"clusterMoves":0,"groupsH":0,"groupsV":0,"iters":2,"iterCap":20,"converged":true}},"force":{"cellAfter":[["n462234896",0,5],["n98995379",1,6],["n462517397",2,7],["n462636623",5,4],["n462658627",6,3],["n1289960165",5,2],["n98995880",7,0],["n462721823",2,0]],"stats":{"hvBefore":0,"hvAfter":1,"hvdBefore":6,"hvdAfter":6,"segs":7,"verts":8,"moved":3,"passes":6,"reverted":false,"proposed":8,"revertedN":3,"batches":8,"rounds":120,"clusterMoves":0,"groupsH":0,"groupsV":0,"comps":0,"fallback":0,"iters":3,"iterCap":20,"converged":true}},"lsq":{"cellAfter":[["n462234896",0,6],["n98995379",1,7],["n462517397",5,7],["n462636623",5,3],["n462658627",6,2],["n1289960165",2,2],["n98995880",7,1],["n462721823",2,1]],"stats":{"hvBefore":0,"hvAfter":4,"hvdBefore":7,"hvdAfter":7,"segs":7,"verts":8,"moved":7,"passes":3,"reverted":false,"proposed":0,"rounds":120,"clusterMoves":0,"groupsH":0,"groupsV":0,"comps":0,"fallback":0,"iters":2,"iterCap":20,"converged":true}},"octi":{"cellAfter":[["n462234896",0,5],["n98995379",1,6],["n462517397",4,6],["n462636623",5,4],["n462658627",6,3],["n1289960165",3,2],["n98995880",7,1],["n462721823",2,1]],"stats":{"hvBefore":0,"hvAfter":2,"hvdBefore":4,"hvdAfter":4,"segs":7,"verts":8,"moved":2,"passes":4,"reverted":false,"proposed":2,"revertedN":1,"batches":8,"settled":8,"rounds":0,"clusterMoves":0,"groupsH":0,"groupsV":0,"comps":0,"fallback":0,"iters":2,"iterCap":20,"converged":true}},"path":{"cellAfter":[["n462234896",0,2],["n98995379",1,2],["n462517397",4,4],["n462636623",5,4],["n462658627",7,2],["n1289960165",3,2],["n98995880",5,1],["n462721823",4,0]],"stats":{"hvBefore":0,"hvAfter":3,"hvdBefore":5,"hvdAfter":5,"segs":7,"verts":8,"moved":6,"passes":7,"reverted":false,"proposed":2,"revertedN":0,"batches":1,"chains":2,"links":2,"rounds":0,"clusterMoves":0,"groupsH":0,"groupsV":0,"comps":0,"fallback":0,"iters":4,"iterCap":20,"converged":true}},"sat":{"cellAfter":[["n462234896",0,7],["n98995379",2,7],["n462517397",5,7],["n462636623",5,5],["n462658627",5,2],["n1289960165",4,1],["n98995880",5,0],["n462721823",3,0]],"stats":{"hvBefore":0,"hvAfter":6,"hvdBefore":7,"hvdAfter":7,"segs":7,"verts":8,"moved":8,"passes":4,"reverted":false,"proposed":0,"comps":2,"fallback":0,"rounds":0,"clusterMoves":0,"groupsH":0,"groupsV":0,"iters":2,"iterCap":20,"converged":true}}},"layouts":{},"loops":{"hc":{"cellAfter":[["n462234896",0,2],["n98995379",1,2],["n462517397",2,2],["n462636623",3,2],["n462658627",3,1],["n1289960165",2,1],["n98995880",3,0],["n462721823",2,0]],"stats":{"hvBefore":0,"hvAfter":7,"segs":7,"verts":8,"moved":8,"lineMoved":0,"gatherMoved":2,"rounds":3,"roundCap":200,"converged":true,"fromCols":8,"fromRows":8,"cols":4,"rows":3},"cols":4,"rows":3},"stroke":{"cellAfter":[["n462234896",0,4],["n98995379",1,4],["n462517397",2,4],["n462636623",2,3],["n462658627",2,2],["n1289960165",1,2],["n98995880",2,1],["n462721823",2,0]],"stats":{"hvBefore":7,"hvAfter":7,"segs":7,"verts":8,"moved":0,"lineMoved":0,"gatherMoved":1,"rounds":2,"roundCap":200,"converged":true,"fromCols":8,"fromRows":8,"cols":3,"rows":5},"cols":3,"rows":5},"rect":{"cellAfter":[["n462234896",0,3],["n98995379",1,3],["n462517397",2,3],["n462636623",3,3],["n462658627",3,2],["n1289960165",2,2],["n98995880",3,1],["n462721823",3,0]],"stats":{"hvBefore":7,"hvAfter":7,"segs":7,"verts":8,"moved":0,"lineMoved":0,"gatherMoved":1,"rounds":2,"roundCap":200,"converged":true,"fromCols":8,"fromRows":8,"cols":4,"rows":4},"cols":4,"rows":4},"milp":{"cellAfter":[["n462234896",0,3],["n98995379",1,3],["n462517397",2,3],["n462636623",2,2],["n462658627",2,1],["n1289960165",1,1],["n98995880",2,0],["n462721823",1,0]],"stats":{"hvBefore":6,"hvAfter":7,"segs":7,"verts":8,"moved":2,"lineMoved":0,"gatherMoved":1,"rounds":2,"roundCap":200,"converged":true,"fromCols":8,"fromRows":8,"cols":3,"rows":4},"cols":3,"rows":4},"force":{"cellAfter":[["n462234896",0,2],["n98995379",1,2],["n462517397",2,2],["n462636623",3,2],["n462658627",3,1],["n1289960165",2,1],["n98995880",3,0],["n462721823",2,0]],"stats":{"hvBefore":1,"hvAfter":7,"segs":7,"verts":8,"moved":6,"lineMoved":1,"gatherMoved":0,"rounds":2,"roundCap":200,"converged":true,"fromCols":8,"fromRows":8,"cols":4,"rows":3},"cols":4,"rows":3},"lsq":{"cellAfter":[["n462234896",0,3],["n98995379",1,3],["n462517397",2,3],["n462636623",2,2],["n462658627",2,1],["n1289960165",1,1],["n98995880",2,0],["n462721823",1,0]],"stats":{"hvBefore":4,"hvAfter":7,"segs":7,"verts":8,"moved":4,"lineMoved":1,"gatherMoved":1,"rounds":2,"roundCap":200,"converged":true,"fromCols":8,"fromRows":8,"cols":3,"rows":4},"cols":3,"rows":4},"octi":{"cellAfter":[["n462234896",0,2],["n98995379",1,2],["n462517397",2,2],["n462636623",3,2],["n462658627",3,1],["n1289960165",2,1],["n98995880",3,0],["n462721823",2,0]],"stats":{"hvBefore":2,"hvAfter":7,"segs":7,"verts":8,"moved":8,"lineMoved":0,"gatherMoved":1,"rounds":3,"roundCap":200,"converged":true,"fromCols":8,"fromRows":8,"cols":4,"rows":3},"cols":4,"rows":3},"path":{"cellAfter":[["n462234896",0,1],["n98995379",1,1],["n462517397",1,2],["n462636623",3,2],["n462658627",3,1],["n1289960165",2,1],["n98995880",3,0],["n462721823",2,0]],"stats":{"hvBefore":3,"hvAfter":7,"segs":7,"verts":8,"moved":5,"lineMoved":0,"gatherMoved":0,"rounds":2,"roundCap":200,"converged":true,"fromCols":8,"fromRows":8,"cols":4,"rows":3},"cols":4,"rows":3},"sat":{"cellAfter":[["n462234896",0,3],["n98995379",1,3],["n462517397",2,3],["n462636623",2,2],["n462658627",2,1],["n1289960165",1,1],["n98995880",2,0],["n462721823",1,0]],"stats":{"hvBefore":6,"hvAfter":7,"segs":7,"verts":8,"moved":2,"lineMoved":0,"gatherMoved":1,"rounds":2,"roundCap":200,"converged":true,"fromCols":8,"fromRows":8,"cols":3,"rows":4},"cols":3,"rows":4}},"endp":{"hc":{"cellAfter":[["n462234896",0,3],["n98995379",1,3],["n462517397",2,3],["n462636623",2,2],["n462658627",3,1],["n1289960165",2,1],["n98995880",3,0],["n462721823",2,0]],"stats":{"hvBefore":0,"hvAfter":6,"segs":7,"verts":8,"moved":9,"movedPts":9,"movedLines":0,"converged":true,"fromCols":8,"fromRows":8,"cols":4,"rows":4},"cols":4,"rows":4},"stroke":{"cellAfter":[["n462234896",0,4],["n98995379",1,4],["n462517397",3,4],["n462636623",3,3],["n462658627",3,2],["n1289960165",2,2],["n98995880",3,1],["n462721823",3,0]],"stats":{"hvBefore":7,"hvAfter":7,"segs":7,"verts":8,"moved":0,"movedPts":0,"movedLines":0,"converged":true,"fromCols":4,"fromRows":5,"cols":4,"rows":5},"cols":4,"rows":5},