{"algo":"hccells-v4","fingerprint":"1lgklka:rg1.15","cityId":"as-chn-luoyang","variant":"rot","shapelike":false,"hc":{"cellAfter":[["n8985401524",0,0],["n8985401529",1,5],["n9365041229",2,1],["n9365058578",3,6],["n8985401533",4,4],["n9365183726",5,8],["n9365183734",6,7],["n8988340194",7,3],["n8988351435",8,2]],"stats":{"verts":9,"segs":8,"hvAfter":0,"ms":0,"base":"grid"}},"posts":{"stroke":{"cellAfter":[["n8985401524",1,0],["n8985401529",1,4],["n8985401533",4,4],["n8988340194",7,4],["n8988351435",8,4],["n9365041229",4,1],["n9365058578",4,6],["n9365183726",4,8],["n9365183734",6,7]],"stats":{"hvBefore":0,"hvAfter":7,"hvdBefore":7,"hvdAfter":7,"segs":8,"verts":9,"moved":7,"passes":6,"reverted":false,"proposed":10,"revertedN":0,"batches":3,"strokes":2,"substrokes":3,"rounds":0,"clusterMoves":0,"groupsH":0,"groupsV":0,"comps":0,"fallback":0,"iters":2,"iterCap":20,"converged":true}},"rect":{"cellAfter":[["n8985401524",0,5],["n8985401529",1,5],["n8985401533",3,5],["n8988340194",4,5],["n8988351435",5,5],["n9365041229",3,0],["n9365058578",3,8],["n9365183726",4,8],["n9365183734",5,8]],"stats":{"before":538572.2224313355,"after":94920.85479958868,"rounds":3,"moved":8,"clusterMoves":0,"idealHop":1,"verts":9,"segs":8,"hvBefore":0,"hvAfter":8,"groupsH":0,"groupsV":0,"comps":0,"fallback":0,"passes":0,"reverted":false,"iters":2,"iterCap":20,"converged":true}},"milp":{"cellAfter":[["n8985401524",0,1],["n8985401529",0,4],["n8985401533",3,4],["n8988340194",8,4],["n8988351435",8,1],["n9365041229",3,0],["n9365058578",3,8],["n9365183726",7,8],["n9365183734",8,8]],"stats":{"hvBefore":0,"hvAfter":8,"hvdBefore":8,"hvdAfter":8,"segs":8,"verts":9,"moved":9,"passes":9,"reverted":false,"proposed":0,"comps":4,"fallback":0,"rounds":0,"clusterMoves":0,"groupsH":0,"groupsV":0,"iters":4,"iterCap":20,"converged":true}},"force":{"cellAfter":[["n8985401524",1,0],["n8985401529",1,5],["n8985401533",5,4],["n8988340194",7,3],["n8988351435",8,2],["n9365041229",2,1],["n9365058578",3,6],["n9365183726",5,8],["n9365183734",6,7]],"stats":{"hvBefore":0,"hvAfter":1,"hvdBefore":6,"hvdAfter":6,"segs":8,"verts":9,"moved":2,"passes":4,"reverted":false,"proposed":9,"revertedN":5,"batches":9,"rounds":80,"clusterMoves":0,"groupsH":0,"groupsV":0,"comps":0,"fallback":0,"iters":2,"iterCap":20,"converged":true}},"lsq":{"cellAfter":[["n8985401524",1,0],["n8985401529",1,4],["n8985401533",5,4],["n8988340194",7,4],["n8988351435",8,3],["n9365041229",2,1],["n9365058578",3,6],["n9365183726",5,8],["n9365183734",6,7]],"stats":{"hvBefore":0,"hvAfter":3,"hvdBefore":8,"hvdAfter":8,"segs":8,"verts":9,"moved":5,"passes":3,"reverted":false,"proposed":0,"rounds":120,"clusterMoves":0,"groupsH":0,"groupsV":0,"comps":0,"fallback":0,"iters":2,"iterCap":20,"converged":true}},"octi":{"cellAfter":[["n8985401524",1,0],["n8985401529",1,4],["n8985401533",4,4],["n8988340194",7,3],["n8988351435",8,2],["n9365041229",2,1],["n9365058578",3,6],["n9365183726",5,8],["n9365183734",6,7]],"stats":{"hvBefore":0,"hvAfter":2,"hvdBefore":5,"hvdAfter":5,"segs":8,"verts":9,"moved":2,"passes":4,"reverted":false,"proposed":5,"revertedN":4,"batches":9,"settled":9,"rounds":0,"clusterMoves":0,"groupsH":0,"groupsV":0,"comps":0,"fallback":0,"iters":2,"iterCap":20,"converged":true}},"path":{"cellAfter":[["n8985401524",0,2],["n8985401529",3,2],["n8985401533",4,2],["n8988340194",7,2],["n8988351435",8,2],["n9365041229",5,1],["n9365058578",5,6],["n9365183726",5,8],["n9365183734",6,7]],"stats":{"hvBefore":0,"hvAfter":5,"hvdBefore":7,"hvdAfter":7,"segs":8,"verts":9,"moved":6,"passes":9,"reverted":false,"proposed":3,"revertedN":0,"batches":2,"chains":2,"links":2,"rounds":0,"clusterMoves":0,"groupsH":0,"groupsV":0,"comps":0,"fallback":0,"iters":3,"iterCap":20,"converged":true}},"sat":{"cellAfter":[["n8985401524",0,1],["n8985401529",0,4],["n8985401533",3,4],["n8988340194",8,4],["n8988351435",8,1],["n9365041229",3,0],["n9365058578",3,8],["n9365183726",7,8],["n9365183734",8,8]],"stats":{"hvBefore":0,"hvAfter":8,"hvdBefore":8,"hvdAfter":8,"segs":8,"verts":9,"moved":9,"passes":9,"reverted":false,"proposed":0,"comps":4,"fallback":0,"rounds":0,"clusterMoves":0,"groupsH":0,"groupsV":0,"iters":4,"iterCap":20,"converged":true}}},"layouts":{},"loops":{"hc":{"cellAfter":[["n8985401524",0,0],["n8985401529",0,1],["n8985401533",1,1],["n8988340194",2,1],["n8988351435",3,1],["n9365041229",1,0],["n9365058578",1,2],["n9365183726",1,3],["n9365183734",2,3]],"stats":{"hvBefore":0,"hvAfter":8,"segs":8,"verts":9,"moved":8,"lineMoved":1,"gatherMoved":2,"rounds":2,"roundCap":200,"converged":true,"fromCols":9,"fromRows":9,"cols":4,"rows":4},"cols":4,"rows":4},"stroke":{"cellAfter":[["n8985401524",0,0],["n8985401529",0,1],["n8985401533",1,1],["n8988340194",2,1],["n8988351435",3,1],["n9365041229",1,0],["n9365058578",1,2],["n9365183726",1,3],["n9365183734",2,3]],"stats":{"hvBefore":7,"hvAfter":8,"segs":8,"verts":9,"moved":2,"lineMoved":0,"gatherMoved":1,"rounds":2,"roundCap":200,"converged":true,"fromCols":9,"fromRows":9,"cols":4,"rows":4},"cols":4,"rows":4},"rect":{"cellAfter":[["n8985401524",0,1],["n8985401529",1,1],["n8985401533",2,1],["n8988340194",3,1],["n8988351435",4,1],["n9365041229",2,0],["n9365058578",2,2],["n9365183726",3,2],["n9365183734",4,2]],"stats":{"hvBefore":8,"hvAfter":8,"segs":8,"verts":9,"moved":0,"lineMoved":0,"gatherMoved":0,"rounds":1,"roundCap":200,"converged":true,"fromCols":9,"fromRows":9,"cols":5,"rows":3},"cols":5,"rows":3},"milp":{"cellAfter":[["n8985401524",0,0],["n8985401529",0,1],["n8985401533",1,1],["n8988340194",3,1],["n8988351435",3,0],["n9365041229",1,0],["n9365058578",1,2],["n9365183726",2,2],["n9365183734",3,2]],"stats":{"hvBefore":8,"hvAfter":8,"segs":8,"verts":9,"moved":1,"lineMoved":0,"gatherMoved":0,"rounds":2,"roundCap":200,"converged":true,"fromCols":9,"fromRows":9,"cols":4,"rows":3},"cols":4,"rows":3},"force":{"cellAfter":[["n8985401524",0,0],["n8985401529",0,1],["n8985401533",1,1],["n8988340194",3,1],["n8988351435",4,1],["n9365041229",1,0],["n9365058578",1,2],["n9365183726",2,2],["n9365183734",3,2]],"stats":{"hvBefore":1,"hvAfter":8,"segs":8,"verts":9,"moved":8,"lineMoved":0,"gatherMoved":1,"rounds":2,"roundCap":200,"converged":true,"fromCols":9,"fromRows":9,"cols":5,"rows":3},"cols":5,"rows":3},"lsq":{"cellAfter":[["n8985401524",0,0],["n8985401529",0,1],["n8985401533",1,1],["n8988340194",3,1],["n8988351435",4,1],["n9365041229",1,0],["n9365058578",1,2],["n9365183726",2,2],["n9365183734",3,2]],"stats":{"hvBefore":3,"hvAfter":8,"segs":8,"verts":9,"moved":6,"lineMoved":0,"gatherMoved":1,"rounds":2,"roundCap":200,"converged":true,"fromCols":9,"fromRows":9,"cols":5,"rows":3},"cols":5,"rows":3},"octi":{"cellAfter":[["n8985401524",0,0],["n8985401529",0,1],["n8985401533",1,1],["n8988340194",2,1],["n8988351435",3,1],["n9365041229",1,0],["n9365058578",1,2],["n9365183726",1,3],["n9365183734",2,3]],"stats":{"hvBefore":2,"hvAfter":8,"segs":8,"verts":9,"moved":7,"lineMoved":1,"gatherMoved":1,"rounds":2,"roundCap":200,"converged":true,"fromCols":9,"fromRows":9,"cols":4,"rows":4},"cols":4,"rows":4},"path":{"cellAfter":[["n8985401524",0,1],["n8985401529",1,1],["n8985401533",2,1],["n8988340194",3,1],["n8988351435",4,1],["n9365041229",2,0],["n9365058578",2,2],["n9365183726",2,3],["n9365183734",3,3]],"stats":{"hvBefore":5,"hvAfter":8,"segs":8,"verts":9,"moved":2,"lineMoved":0,"gatherMoved":1,"rounds":2,"roundCap":200,"converged":true,"fromCols":9,"fromRows":9,"cols":5,"rows":4},"cols":5,"rows":4},"sat":{"cellAfter":[["n8985401524",0,0],["n8985401529",0,1],["n8985401533",1,1],["n8988340194",3,1],["n8988351435",3,0],["n9365041229",1,0],["n9365058578",1,2],["n9365183726",2,2],["n9365183734",3,2]],"stats":{"hvBefore":8,"hvAfter":8,"segs":8,"verts":9,"moved":1,"lineMoved":0,"gatherMoved":0,"rounds":2,"roundCap":200,"converged":true,"fromCols":9,"fromRows":9,"cols":4,"rows":3},"cols":4,"rows":3}},