{"algo":"hccells-v4","fingerprint":"wsjxfp:rg1.15","cityId":"as-chn-lanzhou","variant":"rot","shapelike":false,"hc":{"cellAfter":[["n5636152181",0,2],["n6563941662",1,1],["n6563941698",2,3],["n6563941854",3,4],["n10937090905",4,8],["n6563941940",5,5],["n10937090907",6,9],["n4173957771",7,7],["n10937090909",8,0],["n4290398448",9,6]],"stats":{"verts":10,"segs":10,"hvAfter":0,"ms":0,"base":"grid"}},"posts":{"stroke":{"cellAfter":[["n5636152181",0,4],["n6563941662",2,3],["n6563941698",2,4],["n6563941854",3,4],["n6563941940",4,4],["n4173957771",7,7],["n10937090905",3,9],["n10937090907",7,9],["n4290398448",9,4],["n10937090909",7,0]],"stats":{"hvBefore":0,"hvAfter":7,"hvdBefore":8,"hvdAfter":8,"segs":10,"verts":10,"moved":8,"passes":49,"reverted":false,"proposed":9,"revertedN":0,"batches":4,"strokes":2,"substrokes":4,"rounds":0,"clusterMoves":0,"groupsH":0,"groupsV":0,"comps":0,"fallback":0,"iters":20,"iterCap":20,"converged":false}},"rect":{"cellAfter":[["n5636152181",0,3],["n6563941662",1,4],["n6563941698",2,5],["n6563941854",4,7],["n6563941940",5,7],["n4173957771",6,7],["n10937090905",4,9],["n10937090907",6,9],["n4290398448",9,7],["n10937090909",6,4]],"stats":{"before":664010.4173458609,"after":304230.8526632109,"rounds":6,"moved":9,"clusterMoves":5,"idealHop":1,"verts":10,"segs":10,"hvBefore":0,"hvAfter":7,"groupsH":0,"groupsV":0,"comps":0,"fallback":0,"passes":0,"reverted":false,"iters":3,"iterCap":20,"converged":true}},"milp":{"cellAfter":[["n5636152181",0,2],["n6563941662",0,0],["n6563941698",2,2],["n6563941854",5,5],["n6563941940",6,6],["n4173957771",7,7],["n10937090905",5,7],["n10937090907",5,9],["n4290398448",9,7],["n10937090909",9,2]],"stats":{"hvBefore":0,"hvAfter":4,"hvdBefore":9,"hvdAfter":9,"segs":10,"verts":10,"moved":8,"passes":5,"reverted":true,"proposed":5,"comps":2,"fallback":0,"rounds":0,"clusterMoves":0,"groupsH":0,"groupsV":0,"iters":2,"iterCap":20,"converged":true}},"force":{"cellAfter":[["n5636152181",0,2],["n6563941662",1,1],["n6563941698",2,3],["n6563941854",3,4],["n6563941940",5,5],["n4173957771",7,7],["n10937090905",4,8],["n10937090907",4,9],["n4290398448",9,6],["n10937090909",8,0]],"stats":{"hvBefore":0,"hvAfter":1,"hvdBefore":4,"hvdAfter":4,"segs":10,"verts":10,"moved":1,"passes":2,"reverted":false,"proposed":10,"revertedN":3,"batches":10,"rounds":80,"clusterMoves":0,"groupsH":0,"groupsV":0,"comps":0,"fallback":0,"iters":2,"iterCap":20,"converged":true}},"lsq":{"cellAfter":[["n5636152181",0,2],["n6563941662",1,1],["n6563941698",3,3],["n6563941854",4,4],["n6563941940",5,5],["n4173957771",7,7],["n10937090905",4,8],["n10937090907",5,9],["n4290398448",8,6],["n10937090909",7,0]],"stats":{"hvBefore":0,"hvAfter":2,"hvdBefore":10,"hvdAfter":10,"segs":10,"verts":10,"moved":5,"passes":3,"reverted":false,"proposed":0,"rounds":120,"clusterMoves":0,"groupsH":0,"groupsV":0,"comps":0,"fallback":0,"iters":2,"iterCap":20,"converged":true}},"octi":{"cellAfter":[["n5636152181",0,2],["n6563941662",1,1],["n6563941698",2,3],["n6563941854",4,4],["n6563941940",5,5],["n4173957771",7,7],["n10937090905",4,9],["n10937090907",6,9],["n4290398448",9,7],["n10937090909",8,0]],"stats":{"hvBefore":0,"hvAfter":3,"hvdBefore":6,"hvdAfter":6,"segs":10,"verts":10,"moved":3,"passes":6,"reverted":false,"proposed":1,"revertedN":1,"batches":10,"settled":10,"rounds":0,"clusterMoves":0,"groupsH":0,"groupsV":0,"comps":0,"fallback":0,"iters":2,"iterCap":20,"converged":true}},"path":{"cellAfter":[["n5636152181",1,2],["n6563941662",1,1],["n6563941698",3,3],["n6563941854",4,4],["n6563941940",5,5],["n4173957771",7,7],["n10937090905",4,8],["n10937090907",6,9],["n4290398448",8,8],["n10937090909",7,0]],"stats":{"hvBefore":0,"hvAfter":3,"hvdBefore":8,"hvdAfter":8,"segs":10,"verts":10,"moved":5,"passes":6,"reverted":false,"proposed":0,"revertedN":0,"batches":2,"chains":2,"links":4,"rounds":0,"clusterMoves":0,"groupsH":0,"groupsV":0,"comps":0,"fallback":0,"iters":3,"iterCap":20,"converged":true}},"sat":{"cellAfter":[["n5636152181",0,2],["n6563941662",0,0],["n6563941698",2,2],["n6563941854",5,5],["n6563941940",6,6],["n4173957771",7,7],["n10937090905",5,7],["n10937090907",5,9],["n4290398448",9,7],["n10937090909",9,2]],"stats":{"hvBefore":0,"hvAfter":4,"hvdBefore":9,"hvdAfter":9,"segs":10,"verts":10,"moved":8,"passes":5,"reverted":true,"proposed":5,"comps":2,"fallback":0,"rounds":0,"clusterMoves":0,"groupsH":0,"groupsV":0,"iters":2,"iterCap":20,"converged":true}}},"layouts":{},"loops":{"hc":{"cellAfter":[["n5636152181",0,0],["n6563941662",1,0],["n6563941698",1,1],["n6563941854",2,1],["n6563941940",3,1],["n4173957771",4,2],["n10937090905",2,2],["n10937090907",3,2],["n4290398448",5,2],["n10937090909",4,1]],"stats":{"hvBefore":0,"hvAfter":9,"segs":10,"verts":10,"moved":9,"lineMoved":2,"gatherMoved":1,"rounds":3,"roundCap":200,"converged":true,"fromCols":10,"fromRows":10,"cols":6,"rows":3},"cols":6,"rows":3},"stroke":{"cellAfter":[["n5636152181",0,0],["n6563941662",1,0],["n6563941698",1,1],["n6563941854",2,1],["n6563941940",3,1],["n4173957771",4,1],["n10937090905",2,2],["n10937090907",4,2],["n4290398448",5,1],["n10937090909",4,0]],"stats":{"hvBefore":7,"hvAfter":10,"segs":10,"verts":10,"moved":3,"lineMoved":0,"gatherMoved":0,"rounds":2,"roundCap":200,"converged":true,"fromCols":10,"fromRows":10,"cols":6,"rows":3},"cols":6,"rows":3},"rect":{"cellAfter":[["n5636152181",0,0],["n6563941662",1,0],["n6563941698",1,1],["n6563941854",2,1],["n6563941940",3,1],["n4173957771",4,1],["n10937090905",2,2],["n10937090907",4,2],["n4290398448",5,1],["n10937090909",4,0]],"stats":{"hvBefore":7,"hvAfter":10,"segs":10,"verts":10,"moved":4,"lineMoved":1,"gatherMoved":0,"rounds":2,"roundCap":200,"converged":true,"fromCols":10,"fromRows":10,"cols":6,"rows":3},"cols":6,"rows":3},"milp":{"cellAfter":[["n5636152181",0,1],["n6563941662",0,0],["n6563941698",1,0],["n6563941854",1,2],["n6563941940",2,2],["n4173957771",3,2],["n10937090905",1,3],["n10937090907",1,4],["n4290398448",4,2],["n10937090909",3,1]],"stats":{"hvBefore":4,"hvAfter":9,"segs":10,"verts":10,"moved":3,"lineMoved":2,"gatherMoved":0,"rounds":2,"roundCap":200,"converged":true,"fromCols":10,"fromRows":10,"cols":5,"rows":5},"cols":5,"rows":5},"force":{"cellAfter":[["n5636152181",0,0],["n6563941662",1,0],["n6563941698",1,1],["n6563941854",2,1],["n6563941940",3,1],["n4173957771",4,1],["n10937090905",2,2],["n10937090907",2,3],["n4290398448",5,1],["n10937090909",4,0]],"stats":{"hvBefore":1,"hvAfter":9,"segs":10,"verts":10,"moved":8,"lineMoved":2,"gatherMoved":0,"rounds":2,"roundCap":200,"converged":true,"fromCols":10,"fromRows":10,"cols":6,"rows":4},"cols":6,"rows":4},"lsq":{"cellAfter":[["n5636152181",0,0],["n6563941662",1,0],["n6563941698",1,1],["n6563941854",2,1],["n6563941940",3,1],["n4173957771",4,1],["n10937090905",2,2],["n10937090907",2,3],["n4290398448",5,1],["n10937090909",4,0]],"stats":{"hvBefore":2,"hvAfter":9,"segs":10,"verts":10,"moved":7,"lineMoved":1,"gatherMoved":0,"rounds":2,"roundCap":200,"converged":true,"fromCols":10,"fromRows":10,"cols":6,"rows":4},"cols":6,"rows":4},"octi":{"cellAfter":[["n5636152181",0,0],["n6563941662",1,0],["n6563941698",1,1],["n6563941854",2,1],["n6563941940",3,1],["n4173957771",4,1],["n10937090905",2,2],["n10937090907",4,2],["n4290398448",5,1],["n10937090909",4,0]],"stats":{"hvBefore":3,"hvAfter":10,"segs":10,"verts":10,"moved":6,"lineMoved":2,"gatherMoved":0,"rounds":2,"roundCap":200,"converged":true,"fromCols":10,"fromRows":10,"cols":6,"rows":3},"cols":6,"rows":3},"path":{"cellAfter":[["n5636152181",0,0],["n6563941662",1,0],["n6563941698",1,1],["n6563941854",2,1],["n6563941940",3,1],["n4173957771",4,1],["n10937090905",2,2],["n10937090907",4,2],["n4290398448",5,1],["n10937090909",4,0]],"stats":{"hvBefore":3,"hvAfter":10,"segs":10,"verts":10,"moved":8,"lineMoved":1,"gatherMoved":0,"rounds":2,"roundCap":200,"converged":true,"fromCols":10,"fromRows":10,"cols":6,"rows":3},"cols":6,"rows":3},