{"algo":"hccells-v8","fingerprint":"1fkyb0b:rg1.15","cityId":"as-chn-jinhua","variant":"orig","shapelike":false,"hc":{"cellAfter":[["n9419880665",0,5],["n7212050858",1,6],["n13595801222",2,3],["n7702323725",3,0],["n13595552143",4,1],["n7702323688",5,2],["n7702313744",6,4]],"stats":{"verts":7,"segs":6,"hvAfter":0,"ms":0,"base":"grid"}},"posts":{"stroke":{"cellAfter":[["n7702313744",4,4],["n7702323688",4,2],["n13595552143",4,1],["n7702323725",4,0],["n13595801222",2,1],["n7212050858",1,1],["n9419880665",0,1]],"stats":{"hvBefore":0,"hvAfter":6,"hvdBefore":6,"hvdAfter":6,"segs":6,"verts":7,"moved":6,"passes":11,"reverted":false,"proposed":6,"revertedN":0,"batches":2,"strokes":2,"substrokes":2,"rounds":0,"clusterMoves":0,"groupsH":0,"groupsV":0,"comps":0,"fallback":0,"iters":4,"iterCap":20,"converged":true}},"rect":{"cellAfter":[["n7702313744",6,6],["n7702323688",5,6],["n13595552143",3,5],["n7702323725",3,2],["n13595801222",2,5],["n7212050858",1,5],["n9419880665",0,5]],"stats":{"before":382781.3859733213,"after":85618.19064290324,"rounds":4,"moved":6,"clusterMoves":2,"idealHop":1,"verts":7,"segs":6,"hvBefore":0,"hvAfter":5,"groupsH":0,"groupsV":0,"comps":0,"fallback":0,"passes":0,"reverted":false,"iters":2,"iterCap":20,"converged":true}},"milp":{"cellAfter":[["n7702313744",6,6],["n7702323688",6,5],["n13595552143",6,0],["n7702323725",4,0],["n13595801222",3,3],["n7212050858",0,6],["n9419880665",0,3]],"stats":{"hvBefore":0,"hvAfter":4,"hvdBefore":6,"hvdAfter":6,"segs":6,"verts":7,"moved":7,"passes":7,"reverted":false,"proposed":0,"comps":4,"fallback":0,"rounds":0,"clusterMoves":0,"groupsH":0,"groupsV":0,"iters":4,"iterCap":20,"converged":true}},"force":{"cellAfter":[["n7702313744",6,4],["n7702323688",6,2],["n13595552143",6,0],["n7702323725",3,0],["n13595801222",4,3],["n7212050858",1,6],["n9419880665",0,6]],"stats":{"hvBefore":0,"hvAfter":4,"hvdBefore":5,"hvdAfter":5,"segs":6,"verts":7,"moved":4,"passes":10,"reverted":false,"proposed":7,"revertedN":2,"batches":7,"rounds":120,"clusterMoves":0,"groupsH":0,"groupsV":0,"comps":0,"fallback":0,"iters":3,"iterCap":20,"converged":true}},"lsq":{"cellAfter":[["n7702313744",6,2],["n7702323688",6,1],["n13595552143",4,1],["n7702323725",3,0],["n13595801222",2,3],["n7212050858",2,6],["n9419880665",1,6]],"stats":{"hvBefore":0,"hvAfter":4,"hvdBefore":6,"hvdAfter":6,"segs":6,"verts":7,"moved":4,"passes":5,"reverted":false,"proposed":0,"rounds":180,"clusterMoves":0,"groupsH":0,"groupsV":0,"comps":0,"fallback":0,"iters":3,"iterCap":20,"converged":true}},"octi":{"cellAfter":[["n7702313744",6,3],["n7702323688",5,2],["n13595552143",4,1],["n7702323725",3,0],["n13595801222",2,3],["n7212050858",2,6],["n9419880665",0,6]],"stats":{"hvBefore":0,"hvAfter":2,"hvdBefore":6,"hvdAfter":6,"segs":6,"verts":7,"moved":3,"passes":6,"reverted":false,"proposed":0,"revertedN":0,"batches":7,"settled":7,"rounds":0,"clusterMoves":0,"groupsH":0,"groupsV":0,"comps":0,"fallback":0,"iters":2,"iterCap":20,"converged":true}},"path":{"cellAfter":[["n7702313744",6,4],["n7702323688",5,2],["n13595552143",4,1],["n7702323725",3,0],["n13595801222",2,3],["n7212050858",0,6],["n9419880665",0,5]],"stats":{"hvBefore":0,"hvAfter":1,"hvdBefore":4,"hvdAfter":4,"segs":6,"verts":7,"moved":1,"passes":2,"reverted":false,"proposed":0,"revertedN":0,"batches":2,"chains":2,"links":2,"rounds":0,"clusterMoves":0,"groupsH":0,"groupsV":0,"comps":0,"fallback":0,"iters":2,"iterCap":20,"converged":true}},"sat":{"cellAfter":[["n7702313744",6,6],["n7702323688",6,5],["n13595552143",6,0],["n7702323725",4,0],["n13595801222",3,3],["n7212050858",0,6],["n9419880665",0,3]],"stats":{"hvBefore":0,"hvAfter":4,"hvdBefore":6,"hvdAfter":6,"segs":6,"verts":7,"moved":7,"passes":7,"reverted":false,"proposed":0,"comps":4,"fallback":0,"rounds":0,"clusterMoves":0,"groupsH":0,"groupsV":0,"iters":4,"iterCap":20,"converged":true}}},"layouts":{},"loops":{"hc":{"cellAfter":[["n7702313744",2,2],["n7702323688",2,1],["n13595552143",1,1],["n7702323725",1,0],["n13595801222",1,2],["n7212050858",1,3],["n9419880665",0,3]],"stats":{"hvBefore":0,"hvAfter":6,"segs":6,"verts":7,"moved":4,"lineMoved":0,"gatherMoved":0,"rounds":2,"roundCap":200,"converged":true,"fromCols":7,"fromRows":7,"cols":3,"rows":4,"emptyCols":[],"emptyRows":[],"dense":true},"cols":3,"rows":4},"stroke":{"cellAfter":[["n7702313744",3,3],["n7702323688",3,2],["n13595552143",3,1],["n7702323725",3,0],["n13595801222",2,1],["n7212050858",1,1],["n9419880665",0,1]],"stats":{"hvBefore":6,"hvAfter":6,"segs":6,"verts":7,"moved":0,"lineMoved":0,"gatherMoved":0,"rounds":1,"roundCap":200,"converged":true,"fromCols":7,"fromRows":7,"cols":4,"rows":4,"emptyCols":[],"emptyRows":[],"dense":true},"cols":4,"rows":4},"rect":{"cellAfter":[["n7702313744",4,2],["n7702323688",3,2],["n13595552143",3,1],["n7702323725",3,0],["n13595801222",2,1],["n7212050858",1,1],["n9419880665",0,1]],"stats":{"hvBefore":5,"hvAfter":6,"segs":6,"verts":7,"moved":1,"lineMoved":0,"gatherMoved":0,"rounds":2,"roundCap":200,"converged":true,"fromCols":7,"fromRows":7,"cols":5,"rows":3,"emptyCols":[],"emptyRows":[],"dense":true},"cols":5,"rows":3},"milp":{"cellAfter":[["n7702313744",2,2],["n7702323688",2,1],["n13595552143",1,1],["n7702323725",1,0],["n13595801222",1,2],["n7212050858",0,2],["n9419880665",0,1]],"stats":{"hvBefore":4,"hvAfter":6,"segs":6,"verts":7,"moved":5,"lineMoved":0,"gatherMoved":0,"rounds":2,"roundCap":200,"converged":true,"fromCols":7,"fromRows":7,"cols":3,"rows":3,"emptyCols":[],"emptyRows":[],"dense":true},"cols":3,"rows":3},"force":{"cellAfter":[["n7702313744",3,2],["n7702323688",3,1],["n13595552143",2,1],["n7702323725",2,0],["n13595801222",2,2],["n7212050858",1,2],["n9419880665",0,2]],"stats":{"hvBefore":4,"hvAfter":6,"segs":6,"verts":7,"moved":3,"lineMoved":1,"gatherMoved":0,"rounds":2,"roundCap":200,"converged":true,"fromCols":7,"fromRows":7,"cols":4,"rows":3,"emptyCols":[],"emptyRows":[],"dense":true},"cols":4,"rows":3},"lsq":{"cellAfter":[["n7702313744",3,2],["n7702323688",3,1],["n13595552143",2,1],["n7702323725",2,0],["n13595801222",2,2],["n7212050858",1,2],["n9419880665",0,2]],"stats":{"hvBefore":4,"hvAfter":6,"segs":6,"verts":7,"moved":2,"lineMoved":1,"gatherMoved":0,"rounds":2,"roundCap":200,"converged":true,"fromCols":7,"fromRows":7,"cols":4,"rows":3,"emptyCols":[],"emptyRows":[],"dense":true},"cols":4,"rows":3},"octi":{"cellAfter":[["n7702313744",4,1],["n7702323688",3,1],["n13595552143",2,1],["n7702323725",2,0],["n13595801222",2,2],["n7212050858",1,2],["n9419880665",0,2]],"stats":{"hvBefore":2,"hvAfter":6,"segs":6,"verts":7,"moved":3,"lineMoved":0,"gatherMoved":0,"rounds":2,"roundCap":200,"converged":true,"fromCols":7,"fromRows":7,"cols":5,"rows":3,"emptyCols":[],"emptyRows":[],"dense":true},"cols":5,"rows":3},"path":{"cellAfter":[["n7702313744",2,2],["n7702323688",2,1],["n13595552143",1,1],["n7702323725",1,0],["n13595801222",1,2],["n7212050858",1,3],["n9419880665",0,3]],"stats":{"hvBefore":1,"hvAfter":6,"segs":6,"verts":7,"moved":4,"lineMoved":0,"gatherMoved":0,"rounds":2,"roundCap":200,"converged":true,"fromCols":7,"fromRows":7,"cols":3,"rows":4,"emptyCols":[],"emptyRows":[],"dense":true},"cols":3,"rows":4},"sat":{"cellAfter":[["n7702313744",2,2],["n7702323688",2,1],["n13595552143",1,1],["n7702323725",1,0],["n13595801222",1,2],["n7212050858",0,2],["n9419880665",0,1]],"stats":{"hvBefore":4,"hvAfter":6,"segs":6,"verts":7,"moved":5,"lineMoved":0,"gatherMoved":0,"rounds":2,"roundCap":200,"converged":true,"fromCols":7,"fromRows":7,"cols":3,"rows":3,"emptyCols":[],"emptyRows":[],"dense":true},"cols":3,"rows":3}},"endp":{"hc":{"cellAfter":[["n7702313744",2,2],["n7702323688",2,1],["n13595552143",1,1],["n7702323725",1,0],["n13595801222",1,2],["n7212050858",1,3],["n9419880665",0,3]],"stats":{"hvBefore":0,"hvAfter":6,"segs":6,"verts":7,"moved":4,"movedPts":4,"movedLines":0,"converged":true,"fromCols":7,"fromRows":7,"cols":3,"rows":4},"cols":3,"rows":4},