{"algo":"hccells-v8","fingerprint":"15swfs2:rg1.15","cityId":"as-chn-wuhu","variant":"orig","shapelike":false,"hc":{"cellAfter":[["n9235112985",0,6],["n9234794111",1,8],["n9235113010",2,3],["n9235118721",3,2],["n9235112973",4,7],["n9235118742",5,1],["n9234794107",6,0],["n9370052141",7,5],["n9370052146",8,4]],"stats":{"verts":9,"segs":8,"hvAfter":0,"ms":0,"base":"grid"}},"posts":{"stroke":{"cellAfter":[["n9234794111",1,7],["n9235112973",4,6],["n9235112985",0,6],["n9235113010",2,5],["n9235118721",3,4],["n9235118742",4,2],["n9234794107",5,1],["n9370052141",3,5],["n9370052146",4,4]],"stats":{"hvBefore":0,"hvAfter":1,"hvdBefore":4,"hvdAfter":4,"segs":8,"verts":9,"moved":8,"passes":89,"reverted":false,"proposed":10,"revertedN":0,"batches":4,"strokes":2,"substrokes":4,"rounds":0,"clusterMoves":0,"groupsH":0,"groupsV":0,"comps":0,"fallback":0,"iters":20,"iterCap":20,"converged":false}},"rect":{"cellAfter":[["n9234794111",0,8],["n9235112973",0,7],["n9235112985",0,6],["n9235113010",0,4],["n9235118721",0,3],["n9235118742",0,2],["n9234794107",0,1],["n9370052141",4,5],["n9370052146",8,4]],"stats":{"before":591708.7254135937,"after":89225.37135144036,"rounds":3,"moved":7,"clusterMoves":2,"idealHop":1,"verts":9,"segs":8,"hvBefore":0,"hvAfter":6,"groupsH":0,"groupsV":0,"comps":0,"fallback":0,"passes":0,"reverted":false,"iters":2,"iterCap":20,"converged":true}},"milp":{"cellAfter":[["n9234794111",0,8],["n9235112973",2,8],["n9235112985",0,5],["n9235113010",2,2],["n9235118721",4,0],["n9235118742",7,0],["n9234794107",8,0],["n9370052141",4,5],["n9370052146",8,5]],"stats":{"hvBefore":0,"hvAfter":5,"hvdBefore":6,"hvdAfter":6,"segs":8,"verts":9,"moved":9,"passes":6,"reverted":true,"proposed":4,"comps":3,"fallback":0,"rounds":0,"clusterMoves":0,"groupsH":0,"groupsV":0,"iters":3,"iterCap":20,"converged":true}},"force":{"cellAfter":[["n9234794111",3,8],["n9235112973",6,8],["n9235112985",2,6],["n9235113010",2,3],["n9235118721",5,2],["n9235118742",5,1],["n9234794107",6,0],["n9370052141",8,5],["n9370052146",8,4]],"stats":{"hvBefore":0,"hvAfter":4,"hvdBefore":5,"hvdAfter":5,"segs":8,"verts":9,"moved":5,"passes":10,"reverted":false,"proposed":9,"revertedN":2,"batches":9,"rounds":80,"clusterMoves":0,"groupsH":0,"groupsV":0,"comps":0,"fallback":0,"iters":2,"iterCap":20,"converged":true}},"lsq":{"cellAfter":[["n9234794111",2,8],["n9235112973",4,6],["n9235112985",0,6],["n9235113010",2,3],["n9235118721",3,3],["n9235118742",5,1],["n9234794107",5,0],["n9370052141",7,5],["n9370052146",7,4]],"stats":{"hvBefore":0,"hvAfter":4,"hvdBefore":6,"hvdAfter":6,"segs":8,"verts":9,"moved":5,"passes":5,"reverted":false,"proposed":2,"rounds":180,"clusterMoves":0,"groupsH":0,"groupsV":0,"comps":0,"fallback":0,"iters":3,"iterCap":20,"converged":true}},"octi":{"cellAfter":[["n9234794111",1,8],["n9235112973",4,6],["n9235112985",0,6],["n9235113010",2,3],["n9235118721",3,2],["n9235118742",5,1],["n9234794107",5,0],["n9370052141",7,5],["n9370052146",7,4]],"stats":{"hvBefore":0,"hvAfter":3,"hvdBefore":4,"hvdAfter":4,"segs":8,"verts":9,"moved":3,"passes":6,"reverted":false,"proposed":2,"revertedN":0,"batches":9,"settled":9,"rounds":0,"clusterMoves":0,"groupsH":0,"groupsV":0,"comps":0,"fallback":0,"iters":2,"iterCap":20,"converged":true}},"path":{"cellAfter":[["n9234794111",2,8],["n9235112973",2,7],["n9235112985",2,6],["n9235113010",2,3],["n9235118721",2,2],["n9235118742",5,2],["n9234794107",6,2],["n9370052141",7,6],["n9370052146",8,6]],"stats":{"hvBefore":0,"hvAfter":8,"hvdBefore":8,"hvdAfter":8,"segs":8,"verts":9,"moved":8,"passes":6,"reverted":false,"proposed":3,"revertedN":0,"batches":2,"chains":4,"links":6,"rounds":0,"clusterMoves":0,"groupsH":0,"groupsV":0,"comps":0,"fallback":0,"iters":3,"iterCap":20,"converged":true}},"sat":{"cellAfter":[["n9234794111",0,8],["n9235112973",2,8],["n9235112985",0,5],["n9235113010",2,2],["n9235118721",4,0],["n9235118742",7,0],["n9234794107",8,0],["n9370052141",4,5],["n9370052146",8,5]],"stats":{"hvBefore":0,"hvAfter":5,"hvdBefore":6,"hvdAfter":6,"segs":8,"verts":9,"moved":9,"passes":6,"reverted":true,"proposed":4,"comps":3,"fallback":0,"rounds":0,"clusterMoves":0,"groupsH":0,"groupsV":0,"iters":3,"iterCap":20,"converged":true}}},"layouts":{},"loops":{"hc":{"cellAfter":[["n9234794111",1,4],["n9235112973",0,4],["n9235112985",0,3],["n9235113010",0,2],["n9235118721",0,1],["n9235118742",1,1],["n9234794107",1,0],["n9370052141",1,3],["n9370052146",2,3]],"stats":{"hvBefore":0,"hvAfter":8,"segs":8,"verts":9,"moved":10,"lineMoved":1,"gatherMoved":1,"rounds":2,"roundCap":200,"converged":true,"fromCols":9,"fromRows":9,"cols":3,"rows":5,"emptyCols":[],"emptyRows":[],"dense":true},"cols":3,"rows":5},"stroke":{"cellAfter":[["n9234794111",1,4],["n9235112973",1,3],["n9235112985",0,3],["n9235113010",0,2],["n9235118721",0,1],["n9235118742",1,1],["n9234794107",1,0],["n9370052141",1,2],["n9370052146",2,2]],"stats":{"hvBefore":1,"hvAfter":7,"segs":8,"verts":9,"moved":8,"lineMoved":2,"gatherMoved":0,"rounds":2,"roundCap":200,"converged":true,"fromCols":9,"fromRows":9,"cols":3,"rows":5,"emptyCols":[],"emptyRows":[],"dense":true},"cols":3,"rows":5},"rect":{"cellAfter":[["n9234794111",0,6],["n9235112973",0,5],["n9235112985",0,4],["n9235113010",0,3],["n9235118721",0,2],["n9235118742",0,1],["n9234794107",0,0],["n9370052141",1,4],["n9370052146",1,3]],"stats":{"hvBefore":6,"hvAfter":8,"segs":8,"verts":9,"moved":2,"lineMoved":0,"gatherMoved":0,"rounds":2,"roundCap":200,"converged":true,"fromCols":9,"fromRows":9,"cols":2,"rows":7,"emptyCols":[],"emptyRows":[],"dense":true},"cols":2,"rows":7},"milp":{"cellAfter":[["n9234794111",0,2],["n9235112973",1,2],["n9235112985",1,1],["n9235113010",1,0],["n9235118721",2,0],["n9235118742",3,0],["n9234794107",4,0],["n9370052141",2,1],["n9370052146",3,1]],"stats":{"hvBefore":5,"hvAfter":8,"segs":8,"verts":9,"moved":3,"lineMoved":0,"gatherMoved":0,"rounds":2,"roundCap":200,"converged":true,"fromCols":9,"fromRows":9,"cols":5,"rows":3,"emptyCols":[],"emptyRows":[],"dense":true},"cols":5,"rows":3},"force":{"cellAfter":[["n9234794111",0,6],["n9235112973",0,5],["n9235112985",0,4],["n9235113010",0,3],["n9235118721",0,2],["n9235118742",0,1],["n9234794107",0,0],["n9370052141",1,4],["n9370052146",1,3]],"stats":{"hvBefore":4,"hvAfter":8,"segs":8,"verts":9,"moved":5,"lineMoved":0,"gatherMoved":1,"rounds":2,"roundCap":200,"converged":true,"fromCols":9,"fromRows":9,"cols":2,"rows":7,"emptyCols":[],"emptyRows":[],"dense":true},"cols":2,"rows":7},"lsq":{"cellAfter":[["n9234794111",1,4],["n9235112973",0,4],["n9235112985",0,3],["n9235113010",0,2],["n9235118721",0,1],["n9235118742",1,1],["n9234794107",1,0],["n9370052141",1,3],["n9370052146",1,2]],"stats":{"hvBefore":4,"hvAfter":8,"segs":8,"verts":9,"moved":5,"lineMoved":2,"gatherMoved":1,"rounds":2,"roundCap":200,"converged":true,"fromCols":9,"fromRows":9,"cols":2,"rows":5,"emptyCols":[],"emptyRows":[],"dense":true},"cols":2,"rows":5},"octi":{"cellAfter":[["n9234794111",1,4],["n9235112973",0,4],["n9235112985",0,3],["n9235113010",0,2],["n9235118721",0,1],["n9235118742",1,1],["n9234794107",1,0],["n9370052141",1,3],["n9370052146",1,2]],"stats":{"hvBefore":3,"hvAfter":8,"segs":8,"verts":9,"moved":7,"lineMoved":2,"gatherMoved":1,"rounds":2,"roundCap":200,"converged":true,"fromCols":9,"fromRows":9,"cols":2,"rows":5,"emptyCols":[],"emptyRows":[],"dense":true},"cols":2,"rows":5},"path":{"cellAfter":[["n9234794111",0,4],["n9235112973",0,3],["n9235112985",0,2],["n9235113010",0,1],["n9235118721",0,0],["n9235118742",1,0],["n9234794107",2,0],["n9370052141",2,2],["n9370052146",3,2]],"stats":{"hvBefore":8,"hvAfter":8,"segs":8,"verts":9,"moved":0,"lineMoved":0,"gatherMoved":1,"rounds":2,"roundCap":200,"converged":true,"fromCols":9,"fromRows":9,"cols":4,"rows":5,"emptyCols":[],"emptyRows":[],"dense":true},"cols":4,"rows":5},"sat":{"cellAfter":[["n9234794111",0,2],["n9235112973",1,2],["n9235112985",1,1],["n9235113010",1,0],["n9235118721",2,0],["n9235118742",3,0],["n9234794107",4,0],["n9370052141",2,1],["n9370052146",3,1]],"stats":{"hvBefore":5,"hvAfter":8,