{"algo":"hccells-v4","fingerprint":"15swfs2:rg1.15","cityId":"as-chn-wuhu","variant":"rot","shapelike":false,"hc":{"cellAfter":[["n9235118721",0,2],["n9235118742",1,1],["n9235113010",2,4],["n9235112985",3,6],["n9234794111",4,8],["n9235112973",5,7],["n9234794107",6,0],["n9370052141",7,5],["n9370052146",8,3]],"stats":{"verts":9,"segs":8,"hvAfter":0,"ms":0,"base":"grid"}},"posts":{"stroke":{"cellAfter":[["n9234794111",4,8],["n9235112973",5,8],["n9235112985",3,6],["n9235113010",3,4],["n9235118721",0,1],["n9235118742",1,1],["n9234794107",6,1],["n9370052141",7,6],["n9370052146",8,6]],"stats":{"hvBefore":0,"hvAfter":6,"hvdBefore":8,"hvdAfter":8,"segs":8,"verts":9,"moved":6,"passes":10,"reverted":false,"proposed":9,"revertedN":0,"batches":5,"strokes":2,"substrokes":5,"rounds":0,"clusterMoves":0,"groupsH":0,"groupsV":0,"comps":0,"fallback":0,"iters":3,"iterCap":20,"converged":true}},"rect":{"cellAfter":[["n9234794111",3,7],["n9235112973",3,6],["n9235112985",3,5],["n9235113010",0,3],["n9235118721",0,2],["n9235118742",0,1],["n9234794107",0,0],["n9370052141",5,4],["n9370052146",7,3]],"stats":{"before":590978.4850140602,"after":133649.47319383387,"rounds":4,"moved":8,"clusterMoves":1,"idealHop":1,"verts":9,"segs":8,"hvBefore":0,"hvAfter":5,"groupsH":0,"groupsV":0,"comps":0,"fallback":0,"passes":0,"reverted":false,"iters":2,"iterCap":20,"converged":true}},"milp":{"cellAfter":[["n9234794111",4,8],["n9235112973",6,8],["n9235112985",3,7],["n9235113010",0,4],["n9235118721",0,2],["n9235118742",1,0],["n9234794107",4,0],["n9370052141",7,4],["n9370052146",8,1]],"stats":{"hvBefore":0,"hvAfter":3,"hvdBefore":4,"hvdAfter":4,"segs":8,"verts":9,"moved":7,"passes":4,"reverted":true,"proposed":6,"comps":2,"fallback":0,"rounds":0,"clusterMoves":0,"groupsH":0,"groupsV":0,"iters":2,"iterCap":20,"converged":true}},"force":{"cellAfter":[["n9234794111",4,8],["n9235112973",5,7],["n9235112985",5,6],["n9235113010",0,6],["n9235118721",0,2],["n9235118742",0,0],["n9234794107",6,0],["n9370052141",6,5],["n9370052146",8,3]],"stats":{"hvBefore":0,"hvAfter":5,"hvdBefore":8,"hvdAfter":8,"segs":8,"verts":9,"moved":4,"passes":10,"reverted":false,"proposed":9,"revertedN":1,"batches":9,"rounds":120,"clusterMoves":0,"groupsH":0,"groupsV":0,"comps":0,"fallback":0,"iters":3,"iterCap":20,"converged":true}},"lsq":{"cellAfter":[["n9234794111",4,8],["n9235112973",5,7],["n9235112985",3,5],["n9235113010",2,4],["n9235118721",0,2],["n9235118742",1,1],["n9234794107",6,1],["n9370052141",8,5],["n9370052146",8,4]],"stats":{"hvBefore":0,"hvAfter":3,"hvdBefore":8,"hvdAfter":8,"segs":8,"verts":9,"moved":4,"passes":3,"reverted":false,"proposed":0,"rounds":120,"clusterMoves":0,"groupsH":0,"groupsV":0,"comps":0,"fallback":0,"iters":2,"iterCap":20,"converged":true}},"octi":{"cellAfter":[["n9234794111",4,8],["n9235112973",5,7],["n9235112985",3,6],["n9235113010",2,4],["n9235118721",0,2],["n9235118742",1,1],["n9234794107",6,1],["n9370052141",7,6],["n9370052146",7,3]],"stats":{"hvBefore":0,"hvAfter":3,"hvdBefore":6,"hvdAfter":6,"segs":8,"verts":9,"moved":3,"passes":6,"reverted":false,"proposed":2,"revertedN":1,"batches":9,"settled":9,"rounds":0,"clusterMoves":0,"groupsH":0,"groupsV":0,"comps":0,"fallback":0,"iters":2,"iterCap":20,"converged":true}},"path":{"cellAfter":[["n9234794111",5,8],["n9235112973",5,7],["n9235112985",3,6],["n9235113010",2,6],["n9235118721",3,5],["n9235118742",4,4],["n9234794107",7,1],["n9370052141",8,4],["n9370052146",7,4]],"stats":{"hvBefore":0,"hvAfter":3,"hvdBefore":6,"hvdAfter":6,"segs":8,"verts":9,"moved":7,"passes":9,"reverted":false,"proposed":1,"revertedN":0,"batches":1,"chains":4,"links":2,"rounds":0,"clusterMoves":0,"groupsH":0,"groupsV":0,"comps":0,"fallback":0,"iters":4,"iterCap":20,"converged":true}},"sat":{"cellAfter":[["n9234794111",4,8],["n9235112973",6,8],["n9235112985",3,7],["n9235113010",0,4],["n9235118721",0,2],["n9235118742",1,0],["n9234794107",4,0],["n9370052141",7,4],["n9370052146",8,1]],"stats":{"hvBefore":0,"hvAfter":3,"hvdBefore":4,"hvdAfter":4,"segs":8,"verts":9,"moved":7,"passes":4,"reverted":true,"proposed":6,"comps":2,"fallback":0,"rounds":0,"clusterMoves":0,"groupsH":0,"groupsV":0,"iters":2,"iterCap":20,"converged":true}}},"layouts":{},"loops":{"hc":{"cellAfter":[["n9234794111",0,3],["n9235112973",1,3],["n9235112985",1,2],["n9235113010",1,1],["n9235118721",0,0],["n9235118742",1,0],["n9234794107",2,0],["n9370052141",2,2],["n9370052146",2,1]],"stats":{"hvBefore":0,"hvAfter":7,"segs":8,"verts":9,"moved":6,"lineMoved":3,"gatherMoved":3,"rounds":3,"roundCap":200,"converged":true,"fromCols":9,"fromRows":9,"cols":3,"rows":4},"cols":3,"rows":4},"stroke":{"cellAfter":[["n9234794111",0,3],["n9235112973",1,3],["n9235112985",1,2],["n9235113010",1,1],["n9235118721",0,1],["n9235118742",0,0],["n9234794107",1,0],["n9370052141",2,2],["n9370052146",3,2]],"stats":{"hvBefore":6,"hvAfter":8,"segs":8,"verts":9,"moved":2,"lineMoved":4,"gatherMoved":0,"rounds":2,"roundCap":200,"converged":true,"fromCols":9,"fromRows":9,"cols":4,"rows":4},"cols":4,"rows":4},"rect":{"cellAfter":[["n9234794111",1,5],["n9235112973",1,4],["n9235112985",1,3],["n9235113010",0,3],["n9235118721",0,2],["n9235118742",0,1],["n9234794107",0,0],["n9370052141",2,3],["n9370052146",2,2]],"stats":{"hvBefore":5,"hvAfter":8,"segs":8,"verts":9,"moved":3,"lineMoved":0,"gatherMoved":1,"rounds":2,"roundCap":200,"converged":true,"fromCols":9,"fromRows":9,"cols":3,"rows":6},"cols":3,"rows":6},"milp":{"cellAfter":[["n9234794111",1,4],["n9235112973",1,3],["n9235112985",1,2],["n9235113010",0,2],["n9235118721",0,1],["n9235118742",0,0],["n9234794107",1,0],["n9370052141",2,2],["n9370052146",2,1]],"stats":{"hvBefore":3,"hvAfter":8,"segs":8,"verts":9,"moved":7,"lineMoved":1,"gatherMoved":0,"rounds":2,"roundCap":200,"converged":true,"fromCols":9,"fromRows":9,"cols":3,"rows":5},"cols":3,"rows":5},"force":{"cellAfter":[["n9234794111",1,5],["n9235112973",1,4],["n9235112985",1,3],["n9235113010",0,3],["n9235118721",0,1],["n9235118742",0,0],["n9234794107",1,0],["n9370052141",1,2],["n9370052146",1,1]],"stats":{"hvBefore":5,"hvAfter":8,"segs":8,"verts":9,"moved":4,"lineMoved":0,"gatherMoved":1,"rounds":2,"roundCap":200,"converged":true,"fromCols":9,"fromRows":9,"cols":2,"rows":6},"cols":2,"rows":6},"lsq":{"cellAfter":[["n9234794111",0,3],["n9235112973",1,3],["n9235112985",1,2],["n9235113010",1,1],["n9235118721",0,1],["n9235118742",0,0],["n9234794107",1,0],["n9370052141",2,2],["n9370052146",2,1]],"stats":{"hvBefore":3,"hvAfter":8,"segs":8,"verts":9,"moved":6,"lineMoved":4,"gatherMoved":1,"rounds":4,"roundCap":200,"converged":true,"fromCols":9,"fromRows":9,"cols":3,"rows":4},"cols":3,"rows":4},"octi":{"cellAfter":[["n9234794111",1,2],["n9235112973",2,2],["n9235112985",2,1],["n9235113010",0,1],["n9235118721",0,0],["n9235118742",1,0],["n9234794107",2,0],["n9370052141",3,1],["n9370052146",3,0]],"stats":{"hvBefore":3,"hvAfter":8,"segs":8,"verts":9,"moved":5,"lineMoved":3,"gatherMoved":2,"rounds":3,"roundCap":200,"converged":true,"fromCols":9,"fromRows":9,"cols":4,"rows":3},"cols":4,"rows":3},"path":{"cellAfter":[["n9234794111",2,2],["n9235112973",2,1],["n9235112985",1,1],["n9235113010",0,1],["n9235118721",0,0],["n9235118742",1,0],["n9234794107",2,0],["n9370052141",4,0],["n9370052146",3,0]],"stats":{"hvBefore":3,"hvAfter":7,"segs":8,"verts":9,"moved":4,"lineMoved":1,"gatherMoved":2,"rounds":2,"roundCap":200,"converged":true,"fromCols":9,"fromRows":9,"cols":5,"rows":3},"cols":5,"rows":3},"sat":{"cellAfter":[["n9234794111",1,4],["n9235112973",1,3],["n9235112985",1,2],["n9235113010",0,2],["n9235118721",0,1],["n9235118742",0,0],["n9234794107",1,0],["n9370052141",2,2],["n9370052146",2,1]],"stats":{"hvBefore":3,"hvAfter":8,"segs":8,"verts":9,"moved":7,"lineMoved":1,"gatherMoved":0,"rounds":2,"roundCap":200,"converged":true,"fromCols":9,"fromRows":9,"cols":3,"rows":5},"cols":3,"rows":5}},