{"algo":"hccells-v4","fingerprint":"1u39mpq:rg1.15","cityId":"as-chn-urumqi","variant":"orig","shapelike":false,"hc":{"cellAfter":[["n4191403903",0,1],["n12759636493",1,0],["n13286938301",2,2],["n5931051594",3,3],["n4191403069",4,6],["n4191403084",5,4],["n4191403077",6,5]],"stats":{"verts":7,"segs":6,"hvAfter":0,"ms":0,"base":"grid"}},"posts":{"stroke":{"cellAfter":[["n4191403903",0,2],["n13286938301",0,3],["n5931051594",1,3],["n4191403084",1,4],["n4191403077",2,4],["n4191403069",1,5],["n12759636493",1,2]],"stats":{"hvBefore":0,"hvAfter":5,"hvdBefore":6,"hvdAfter":6,"segs":6,"verts":7,"moved":7,"passes":47,"reverted":false,"proposed":4,"revertedN":0,"batches":2,"strokes":2,"substrokes":2,"rounds":0,"clusterMoves":0,"groupsH":0,"groupsV":0,"comps":0,"fallback":0,"iters":20,"iterCap":20,"converged":false}},"rect":{"cellAfter":[["n4191403903",6,1],["n13286938301",6,2],["n5931051594",6,3],["n4191403084",6,4],["n4191403077",6,5],["n4191403069",6,6],["n12759636493",6,0]],"stats":{"before":435825.7660637441,"after":209.16666666668706,"rounds":3,"moved":6,"clusterMoves":1,"idealHop":1,"verts":7,"segs":6,"hvBefore":0,"hvAfter":6,"groupsH":0,"groupsV":0,"comps":0,"fallback":0,"passes":0,"reverted":false,"iters":2,"iterCap":20,"converged":true}},"milp":{"cellAfter":[["n4191403903",0,1],["n13286938301",2,2],["n5931051594",4,2],["n4191403084",6,4],["n4191403077",6,5],["n4191403069",6,6],["n12759636493",0,0]],"stats":{"hvBefore":0,"hvAfter":4,"hvdBefore":5,"hvdAfter":5,"segs":6,"verts":7,"moved":4,"passes":7,"reverted":false,"proposed":4,"comps":4,"fallback":0,"rounds":0,"clusterMoves":0,"groupsH":0,"groupsV":0,"iters":4,"iterCap":20,"converged":true}},"force":{"cellAfter":[["n4191403903",0,0],["n13286938301",2,2],["n5931051594",3,3],["n4191403084",5,4],["n4191403077",6,5],["n4191403069",6,6],["n12759636493",1,0]],"stats":{"hvBefore":0,"hvAfter":2,"hvdBefore":5,"hvdAfter":5,"segs":6,"verts":7,"moved":2,"passes":4,"reverted":false,"proposed":7,"revertedN":3,"batches":7,"rounds":120,"clusterMoves":0,"groupsH":0,"groupsV":0,"comps":0,"fallback":0,"iters":3,"iterCap":20,"converged":true}},"lsq":{"cellAfter":[["n4191403903",0,0],["n13286938301",2,2],["n5931051594",3,3],["n4191403084",5,5],["n4191403077",6,6],["n4191403069",4,6],["n12759636493",1,0]],"stats":{"hvBefore":0,"hvAfter":2,"hvdBefore":6,"hvdAfter":6,"segs":6,"verts":7,"moved":3,"passes":3,"reverted":false,"proposed":0,"rounds":120,"clusterMoves":0,"groupsH":0,"groupsV":0,"comps":0,"fallback":0,"iters":2,"iterCap":20,"converged":true}},"octi":{"cellAfter":[["n4191403903",0,1],["n13286938301",2,2],["n5931051594",3,3],["n4191403084",5,3],["n4191403077",5,5],["n4191403069",4,6],["n12759636493",1,0]],"stats":{"hvBefore":0,"hvAfter":2,"hvdBefore":5,"hvdAfter":5,"segs":6,"verts":7,"moved":2,"passes":4,"reverted":false,"proposed":2,"revertedN":2,"batches":7,"settled":7,"rounds":0,"clusterMoves":0,"groupsH":0,"groupsV":0,"comps":0,"fallback":0,"iters":3,"iterCap":20,"converged":true}},"path":{"cellAfter":[["n4191403903",0,1],["n13286938301",1,3],["n5931051594",2,4],["n4191403084",4,5],["n4191403077",5,6],["n4191403069",4,6],["n12759636493",1,0]],"stats":{"hvBefore":0,"hvAfter":1,"hvdBefore":4,"hvdAfter":4,"segs":6,"verts":7,"moved":4,"passes":2,"reverted":false,"proposed":0,"revertedN":0,"batches":1,"chains":1,"links":1,"rounds":0,"clusterMoves":0,"groupsH":0,"groupsV":0,"comps":0,"fallback":0,"iters":2,"iterCap":20,"converged":true}},"sat":{"cellAfter":[["n4191403903",0,1],["n13286938301",2,2],["n5931051594",4,2],["n4191403084",6,4],["n4191403077",6,5],["n4191403069",6,6],["n12759636493",0,0]],"stats":{"hvBefore":0,"hvAfter":4,"hvdBefore":5,"hvdAfter":5,"segs":6,"verts":7,"moved":4,"passes":7,"reverted":false,"proposed":4,"comps":4,"fallback":0,"rounds":0,"clusterMoves":0,"groupsH":0,"groupsV":0,"iters":4,"iterCap":20,"converged":true}}},"layouts":{},"loops":{"hc":{"cellAfter":[["n4191403903",0,1],["n13286938301",0,2],["n5931051594",0,3],["n4191403084",1,3],["n4191403077",1,4],["n4191403069",0,4],["n12759636493",0,0]],"stats":{"hvBefore":0,"hvAfter":6,"segs":6,"verts":7,"moved":6,"lineMoved":1,"gatherMoved":0,"rounds":2,"roundCap":200,"converged":true,"fromCols":7,"fromRows":7,"cols":2,"rows":5},"cols":2,"rows":5},"stroke":{"cellAfter":[["n4191403903",0,0],["n13286938301",0,1],["n5931051594",1,1],["n4191403084",1,2],["n4191403077",2,2],["n4191403069",2,3],["n12759636493",1,0]],"stats":{"hvBefore":5,"hvAfter":6,"segs":6,"verts":7,"moved":1,"lineMoved":0,"gatherMoved":0,"rounds":2,"roundCap":200,"converged":true,"fromCols":7,"fromRows":7,"cols":3,"rows":4},"cols":3,"rows":4},"rect":{"cellAfter":[["n4191403903",0,1],["n13286938301",0,2],["n5931051594",0,3],["n4191403084",0,4],["n4191403077",0,5],["n4191403069",0,6],["n12759636493",0,0]],"stats":{"hvBefore":6,"hvAfter":6,"segs":6,"verts":7,"moved":0,"lineMoved":0,"gatherMoved":0,"rounds":1,"roundCap":200,"converged":true,"fromCols":7,"fromRows":7,"cols":1,"rows":7},"cols":1,"rows":7},"milp":{"cellAfter":[["n4191403903",0,1],["n13286938301",0,2],["n5931051594",1,2],["n4191403084",2,2],["n4191403077",2,3],["n4191403069",2,4],["n12759636493",0,0]],"stats":{"hvBefore":4,"hvAfter":6,"segs":6,"verts":7,"moved":2,"lineMoved":0,"gatherMoved":0,"rounds":2,"roundCap":200,"converged":true,"fromCols":7,"fromRows":7,"cols":3,"rows":5},"cols":3,"rows":5},"force":{"cellAfter":[["n4191403903",0,0],["n13286938301",0,1],["n5931051594",1,1],["n4191403084",1,2],["n4191403077",2,2],["n4191403069",2,3],["n12759636493",1,0]],"stats":{"hvBefore":2,"hvAfter":6,"segs":6,"verts":7,"moved":4,"lineMoved":2,"gatherMoved":0,"rounds":3,"roundCap":200,"converged":true,"fromCols":7,"fromRows":7,"cols":3,"rows":4},"cols":3,"rows":4},"lsq":{"cellAfter":[["n4191403903",0,0],["n13286938301",0,1],["n5931051594",1,1],["n4191403084",2,1],["n4191403077",2,2],["n4191403069",1,2],["n12759636493",1,0]],"stats":{"hvBefore":2,"hvAfter":6,"segs":6,"verts":7,"moved":4,"lineMoved":3,"gatherMoved":1,"rounds":3,"roundCap":200,"converged":true,"fromCols":7,"fromRows":7,"cols":3,"rows":3},"cols":3,"rows":3},"octi":{"cellAfter":[["n4191403903",0,1],["n13286938301",1,1],["n5931051594",2,1],["n4191403084",3,1],["n4191403077",3,2],["n4191403069",3,3],["n12759636493",0,0]],"stats":{"hvBefore":2,"hvAfter":6,"segs":6,"verts":7,"moved":4,"lineMoved":0,"gatherMoved":0,"rounds":2,"roundCap":200,"converged":true,"fromCols":7,"fromRows":7,"cols":4,"rows":4},"cols":4,"rows":4},"path":{"cellAfter":[["n4191403903",0,1],["n13286938301",0,2],["n5931051594",1,2],["n4191403084",1,3],["n4191403077",2,3],["n4191403069",2,4],["n12759636493",0,0]],"stats":{"hvBefore":1,"hvAfter":6,"segs":6,"verts":7,"moved":6,"lineMoved":0,"gatherMoved":0,"rounds":2,"roundCap":200,"converged":true,"fromCols":7,"fromRows":7,"cols":3,"rows":5},"cols":3,"rows":5},"sat":{"cellAfter":[["n4191403903",0,1],["n13286938301",0,2],["n5931051594",1,2],["n4191403084",2,2],["n4191403077",2,3],["n4191403069",2,4],["n12759636493",0,0]],"stats":{"hvBefore":4,"hvAfter":6,"segs":6,"verts":7,"moved":2,"lineMoved":0,"gatherMoved":0,"rounds":2,"roundCap":200,"converged":true,"fromCols":7,"fromRows":7,"cols":3,"rows":5},"cols":3,"rows":5}},"endp":{"hc":{"cellAfter":[["n4191403903",0,1],["n13286938301",0,2],["n5931051594",1,2],["n4191403084",3,2],["n4191403077",3,3],["n4191403069",2,3],["n12759636493",0,0]],"stats":{"hvBefore":0,"hvAfter":6,"segs":6,"verts":7,"moved":7,"movedPts":7,"movedLines":0,"converged":true,"fromCols":7,"fromRows":7,"cols":4,"rows":4},"cols":4,"rows":4},"stroke":{"cellAfter":[["n4191403903",0,0],["n13286938301",0,1],["n5931051594",1,1],["n4191403084",1,2],["n4191403077",2,2],["n4191403069",2,3],["n12759636493",1,0]],"stats":{"hvBefore":5,"hvAfter":6,"segs":6,"verts":7,"moved":1,"movedPts":1,"movedLines":0,"converged":true,"fromCols":3,"fromRows":4,"cols":3,"rows":4},"cols":3,"rows":4},"rect":{"cellAfter":[["n4191403903",0,1],["n13286938301",0,2],["n5931051594",0,3],["n4191403084",0,4],["n4191403077",0,5],["n4191403069",0,6],["n12759636493",0,0]],