{"algo":"hccells-v8","fingerprint":"1wnzqio:rg1.15","cityId":"as-chn-macau","variant":"orig","shapelike":false,"hc":{"cellAfter":[["n4439967842",0,0],["n12391564890",1,3],["n7051569799",2,2],["n7051569793",3,4],["n12304462028",4,6],["n10132281747",5,5],["n7051569808",6,1]],"stats":{"verts":7,"segs":6,"hvAfter":0,"ms":0,"base":"grid"}},"posts":{"stroke":{"cellAfter":[["n7051569808",5,1],["n10132281747",5,5],["n7051569793",3,5],["n12304462028",4,6],["n7051569799",2,4],["n4439967842",0,4],["n12391564890",2,5]],"stats":{"hvBefore":0,"hvAfter":4,"hvdBefore":6,"hvdAfter":6,"segs":6,"verts":7,"moved":5,"passes":10,"reverted":false,"proposed":8,"revertedN":0,"batches":4,"strokes":3,"substrokes":4,"rounds":0,"clusterMoves":0,"groupsH":0,"groupsV":0,"comps":0,"fallback":0,"iters":3,"iterCap":20,"converged":true}},"rect":{"cellAfter":[["n7051569808",6,0],["n10132281747",4,4],["n7051569793",3,4],["n12304462028",5,6],["n7051569799",2,2],["n4439967842",1,0],["n12391564890",2,6]],"stats":{"before":337575.8915526592,"after":126029.77525817763,"rounds":4,"moved":5,"clusterMoves":0,"idealHop":1,"verts":7,"segs":6,"hvBefore":0,"hvAfter":1,"groupsH":0,"groupsV":0,"comps":0,"fallback":0,"passes":0,"reverted":false,"iters":2,"iterCap":20,"converged":true}},"milp":{"cellAfter":[["n7051569808",6,1],["n10132281747",4,5],["n7051569793",3,4],["n12304462028",3,5],["n7051569799",1,2],["n4439967842",0,0],["n12391564890",1,4]],"stats":{"hvBefore":0,"hvAfter":2,"hvdBefore":4,"hvdAfter":4,"segs":6,"verts":7,"moved":4,"passes":4,"reverted":true,"proposed":4,"comps":2,"fallback":0,"rounds":0,"clusterMoves":0,"groupsH":0,"groupsV":0,"iters":2,"iterCap":20,"converged":true}},"force":{"cellAfter":[["n7051569808",6,1],["n10132281747",6,6],["n7051569793",3,4],["n12304462028",4,6],["n7051569799",2,2],["n4439967842",0,2],["n12391564890",1,3]],"stats":{"hvBefore":0,"hvAfter":3,"hvdBefore":3,"hvdAfter":3,"segs":6,"verts":7,"moved":2,"passes":6,"reverted":false,"proposed":6,"revertedN":2,"batches":7,"rounds":120,"clusterMoves":0,"groupsH":0,"groupsV":0,"comps":0,"fallback":0,"iters":3,"iterCap":20,"converged":true}},"lsq":{"cellAfter":[["n7051569808",5,1],["n10132281747",5,6],["n7051569793",3,3],["n12304462028",4,6],["n7051569799",2,2],["n4439967842",0,0],["n12391564890",2,3]],"stats":{"hvBefore":0,"hvAfter":3,"hvdBefore":5,"hvdAfter":5,"segs":6,"verts":7,"moved":4,"passes":4,"reverted":true,"proposed":1,"rounds":120,"clusterMoves":0,"groupsH":0,"groupsV":0,"comps":0,"fallback":0,"iters":2,"iterCap":20,"converged":true}},"octi":{"cellAfter":[["n7051569808",5,1],["n10132281747",5,4],["n7051569793",3,4],["n12304462028",5,6],["n7051569799",2,2],["n4439967842",0,0],["n12391564890",1,4]],"stats":{"hvBefore":0,"hvAfter":4,"hvdBefore":5,"hvdAfter":5,"segs":6,"verts":7,"moved":4,"passes":8,"reverted":false,"proposed":0,"revertedN":0,"batches":7,"settled":7,"rounds":0,"clusterMoves":0,"groupsH":0,"groupsV":0,"comps":0,"fallback":0,"iters":2,"iterCap":20,"converged":true}},"path":{"cellAfter":[["n7051569808",6,2],["n10132281747",5,5],["n7051569793",5,4],["n12304462028",4,6],["n7051569799",2,2],["n4439967842",0,2],["n12391564890",1,3]],"stats":{"hvBefore":0,"hvAfter":2,"hvdBefore":3,"hvdAfter":3,"segs":6,"verts":7,"moved":3,"passes":4,"reverted":false,"proposed":2,"revertedN":0,"batches":1,"chains":1,"links":1,"rounds":0,"clusterMoves":0,"groupsH":0,"groupsV":0,"comps":0,"fallback":0,"iters":3,"iterCap":20,"converged":true}},"sat":{"cellAfter":[["n7051569808",6,1],["n10132281747",4,5],["n7051569793",4,4],["n12304462028",3,5],["n7051569799",1,2],["n4439967842",0,0],["n12391564890",1,4]],"stats":{"hvBefore":0,"hvAfter":3,"hvdBefore":3,"hvdAfter":3,"segs":6,"verts":7,"moved":5,"passes":5,"reverted":true,"proposed":5,"comps":2,"fallback":0,"rounds":0,"clusterMoves":0,"groupsH":0,"groupsV":0,"iters":2,"iterCap":20,"converged":true}}},"layouts":{},"loops":{"hc":{"cellAfter":[["n7051569808",3,1],["n10132281747",2,1],["n7051569793",1,1],["n12304462028",2,2],["n7051569799",1,0],["n4439967842",0,0],["n12391564890",0,1]],"stats":{"hvBefore":0,"hvAfter":6,"segs":6,"verts":7,"moved":5,"lineMoved":0,"gatherMoved":0,"rounds":2,"roundCap":200,"converged":true,"fromCols":7,"fromRows":7,"cols":4,"rows":3,"emptyCols":[],"emptyRows":[],"dense":true},"cols":4,"rows":3},"stroke":{"cellAfter":[["n7051569808",2,0],["n10132281747",2,1],["n7051569793",1,1],["n12304462028",2,2],["n7051569799",1,0],["n4439967842",0,0],["n12391564890",0,1]],"stats":{"hvBefore":4,"hvAfter":6,"segs":6,"verts":7,"moved":4,"lineMoved":0,"gatherMoved":0,"rounds":2,"roundCap":200,"converged":true,"fromCols":7,"fromRows":7,"cols":3,"rows":3,"emptyCols":[],"emptyRows":[],"dense":true},"cols":3,"rows":3},"rect":{"cellAfter":[["n7051569808",2,0],["n10132281747",2,1],["n7051569793",1,1],["n12304462028",2,2],["n7051569799",1,0],["n4439967842",0,0],["n12391564890",0,1]],"stats":{"hvBefore":1,"hvAfter":6,"segs":6,"verts":7,"moved":6,"lineMoved":0,"gatherMoved":0,"rounds":2,"roundCap":200,"converged":true,"fromCols":7,"fromRows":7,"cols":3,"rows":3,"emptyCols":[],"emptyRows":[],"dense":true},"cols":3,"rows":3},"milp":{"cellAfter":[["n7051569808",2,1],["n10132281747",2,2],["n7051569793",1,1],["n12304462028",1,2],["n7051569799",1,0],["n4439967842",0,0],["n12391564890",0,1]],"stats":{"hvBefore":2,"hvAfter":5,"segs":6,"verts":7,"moved":4,"lineMoved":0,"gatherMoved":0,"rounds":2,"roundCap":200,"converged":true,"fromCols":7,"fromRows":7,"cols":3,"rows":3,"emptyCols":[],"emptyRows":[],"dense":true},"cols":3,"rows":3},"force":{"cellAfter":[["n7051569808",2,0],["n10132281747",2,1],["n7051569793",1,1],["n12304462028",2,2],["n7051569799",1,0],["n4439967842",0,0],["n12391564890",0,1]],"stats":{"hvBefore":3,"hvAfter":6,"segs":6,"verts":7,"moved":5,"lineMoved":0,"gatherMoved":0,"rounds":2,"roundCap":200,"converged":true,"fromCols":7,"fromRows":7,"cols":3,"rows":3,"emptyCols":[],"emptyRows":[],"dense":true},"cols":3,"rows":3},"lsq":{"cellAfter":[["n7051569808",3,1],["n10132281747",2,1],["n7051569793",1,1],["n12304462028",2,2],["n7051569799",1,0],["n4439967842",0,0],["n12391564890",0,1]],"stats":{"hvBefore":3,"hvAfter":6,"segs":6,"verts":7,"moved":4,"lineMoved":0,"gatherMoved":0,"rounds":2,"roundCap":200,"converged":true,"fromCols":7,"fromRows":7,"cols":4,"rows":3,"emptyCols":[],"emptyRows":[],"dense":true},"cols":4,"rows":3},"octi":{"cellAfter":[["n7051569808",2,0],["n10132281747",2,1],["n7051569793",1,1],["n12304462028",2,2],["n7051569799",1,0],["n4439967842",0,0],["n12391564890",0,1]],"stats":{"hvBefore":4,"hvAfter":6,"segs":6,"verts":7,"moved":3,"lineMoved":0,"gatherMoved":0,"rounds":2,"roundCap":200,"converged":true,"fromCols":7,"fromRows":7,"cols":3,"rows":3,"emptyCols":[],"emptyRows":[],"dense":true},"cols":3,"rows":3},"path":{"cellAfter":[["n7051569808",2,0],["n10132281747",2,1],["n7051569793",1,1],["n12304462028",2,2],["n7051569799",1,0],["n4439967842",0,0],["n12391564890",0,1]],"stats":{"hvBefore":2,"hvAfter":6,"segs":6,"verts":7,"moved":6,"lineMoved":0,"gatherMoved":0,"rounds":2,"roundCap":200,"converged":true,"fromCols":7,"fromRows":7,"cols":3,"rows":3,"emptyCols":[],"emptyRows":[],"dense":true},"cols":3,"rows":3},"sat":{"cellAfter":[["n7051569808",2,3],["n10132281747",1,3],["n7051569793",1,2],["n12304462028",0,3],["n7051569799",1,1],["n4439967842",1,0],["n12391564890",0,2]],"stats":{"hvBefore":3,"hvAfter":6,"segs":6,"verts":7,"moved":5,"lineMoved":2,"gatherMoved":0,"rounds":2,"roundCap":200,"converged":true,"fromCols":7,"fromRows":7,"cols":3,"rows":4,"emptyCols":[],"emptyRows":[],"dense":true},"cols":3,"rows":4}},"endp":{"hc":{"cellAfter":[["n7051569808",3,1],["n10132281747",2,1],["n7051569793",1,1],["n12304462028",2,2],["n7051569799",1,0],["n4439967842",0,0],["n12391564890",0,1]],"stats":{"hvBefore":0,"hvAfter":6,"segs":6,"verts":7,"moved":5,"movedPts":5,"movedLines":0,"converged":true,"fromCols":7,"fromRows":7,"cols":4,"rows":3},"cols":4,"rows":3},