{"algo":"hccells-v8","fingerprint":"1fkyb0b:rg1.15","cityId":"as-chn-jinhua","variant":"rot","shapelike":false,"hc":{"cellAfter":[["n9419880665",0,0],["n7212050858",1,2],["n13595801222",2,3],["n13595552143",3,4],["n7702323725",4,1],["n7702313744",5,6],["n7702323688",6,5]],"stats":{"verts":7,"segs":6,"hvAfter":0,"ms":0,"base":"grid"}},"posts":{"stroke":{"cellAfter":[["n7702313744",5,6],["n7702323688",6,6],["n13595552143",3,4],["n7702323725",3,1],["n13595801222",2,4],["n7212050858",1,4],["n9419880665",0,4]],"stats":{"hvBefore":0,"hvAfter":5,"hvdBefore":5,"hvdAfter":5,"segs":6,"verts":7,"moved":5,"passes":10,"reverted":false,"proposed":5,"revertedN":0,"batches":3,"strokes":2,"substrokes":3,"rounds":0,"clusterMoves":0,"groupsH":0,"groupsV":0,"comps":0,"fallback":0,"iters":4,"iterCap":20,"converged":true}},"rect":{"cellAfter":[["n7702313744",6,5],["n7702323688",5,4],["n13595552143",4,3],["n7702323725",4,0],["n13595801222",3,3],["n7212050858",2,3],["n9419880665",1,3]],"stats":{"before":371904.7225667192,"after":87277.92986059791,"rounds":4,"moved":7,"clusterMoves":0,"idealHop":1,"verts":7,"segs":6,"hvBefore":0,"hvAfter":4,"groupsH":0,"groupsV":0,"comps":0,"fallback":0,"passes":0,"reverted":false,"iters":2,"iterCap":20,"converged":true}},"milp":{"cellAfter":[["n7702313744",6,6],["n7702323688",6,5],["n13595552143",5,6],["n7702323725",5,0],["n13595801222",1,2],["n7212050858",0,2],["n9419880665",0,0]],"stats":{"hvBefore":0,"hvAfter":4,"hvdBefore":6,"hvdAfter":6,"segs":6,"verts":7,"moved":5,"passes":7,"reverted":true,"proposed":5,"comps":3,"fallback":0,"rounds":0,"clusterMoves":0,"groupsH":0,"groupsV":0,"iters":3,"iterCap":20,"converged":true}},"force":{"cellAfter":[["n7702313744",6,6],["n7702323688",6,5],["n13595552143",3,4],["n7702323725",4,1],["n13595801222",2,3],["n7212050858",1,0],["n9419880665",0,0]],"stats":{"hvBefore":0,"hvAfter":2,"hvdBefore":3,"hvdAfter":3,"segs":6,"verts":7,"moved":2,"passes":4,"reverted":false,"proposed":7,"revertedN":2,"batches":7,"rounds":80,"clusterMoves":0,"groupsH":0,"groupsV":0,"comps":0,"fallback":0,"iters":2,"iterCap":20,"converged":true}},"lsq":{"cellAfter":[["n7702313744",6,5],["n7702323688",6,4],["n13595552143",3,4],["n7702323725",3,1],["n13595801222",1,4],["n7212050858",1,2],["n9419880665",0,2]],"stats":{"hvBefore":0,"hvAfter":6,"hvdBefore":6,"hvdAfter":6,"segs":6,"verts":7,"moved":5,"passes":6,"reverted":false,"proposed":0,"rounds":180,"clusterMoves":0,"groupsH":0,"groupsV":0,"comps":0,"fallback":0,"iters":3,"iterCap":20,"converged":true}},"octi":{"cellAfter":[["n7702313744",6,6],["n7702323688",6,4],["n13595552143",3,4],["n7702323725",3,1],["n13595801222",2,3],["n7212050858",1,2],["n9419880665",0,0]],"stats":{"hvBefore":0,"hvAfter":3,"hvdBefore":5,"hvdAfter":5,"segs":6,"verts":7,"moved":3,"passes":6,"reverted":false,"proposed":0,"revertedN":0,"batches":7,"settled":7,"rounds":0,"clusterMoves":0,"groupsH":0,"groupsV":0,"comps":0,"fallback":0,"iters":2,"iterCap":20,"converged":true}},"path":{"cellAfter":[["n7702313744",6,6],["n7702323688",6,5],["n13595552143",3,2],["n7702323725",3,1],["n13595801222",2,2],["n7212050858",1,2],["n9419880665",0,2]],"stats":{"hvBefore":0,"hvAfter":5,"hvdBefore":6,"hvdAfter":6,"segs":6,"verts":7,"moved":5,"passes":5,"reverted":false,"proposed":1,"revertedN":0,"batches":2,"chains":2,"links":2,"rounds":0,"clusterMoves":0,"groupsH":0,"groupsV":0,"comps":0,"fallback":0,"iters":2,"iterCap":20,"converged":true}},"sat":{"cellAfter":[["n7702313744",6,6],["n7702323688",6,5],["n13595552143",5,6],["n7702323725",5,0],["n13595801222",1,2],["n7212050858",0,2],["n9419880665",0,0]],"stats":{"hvBefore":0,"hvAfter":4,"hvdBefore":6,"hvdAfter":6,"segs":6,"verts":7,"moved":5,"passes":7,"reverted":true,"proposed":5,"comps":3,"fallback":0,"rounds":0,"clusterMoves":0,"groupsH":0,"groupsV":0,"iters":3,"iterCap":20,"converged":true}}},"layouts":{},"loops":{"hc":{"cellAfter":[["n7702313744",3,2],["n7702323688",3,1],["n13595552143",2,1],["n7702323725",2,0],["n13595801222",1,1],["n7212050858",0,1],["n9419880665",0,0]],"stats":{"hvBefore":0,"hvAfter":6,"segs":6,"verts":7,"moved":6,"lineMoved":0,"gatherMoved":0,"rounds":2,"roundCap":200,"converged":true,"fromCols":7,"fromRows":7,"cols":4,"rows":3,"emptyCols":[],"emptyRows":[],"dense":true},"cols":4,"rows":3},"stroke":{"cellAfter":[["n7702313744",4,2],["n7702323688",4,1],["n13595552143",3,1],["n7702323725",3,0],["n13595801222",2,1],["n7212050858",1,1],["n9419880665",0,1]],"stats":{"hvBefore":5,"hvAfter":6,"segs":6,"verts":7,"moved":1,"lineMoved":0,"gatherMoved":0,"rounds":2,"roundCap":200,"converged":true,"fromCols":7,"fromRows":7,"cols":5,"rows":3,"emptyCols":[],"emptyRows":[],"dense":true},"cols":5,"rows":3},"rect":{"cellAfter":[["n7702313744",4,2],["n7702323688",3,2],["n13595552143",3,1],["n7702323725",3,0],["n13595801222",2,1],["n7212050858",1,1],["n9419880665",0,1]],"stats":{"hvBefore":4,"hvAfter":6,"segs":6,"verts":7,"moved":2,"lineMoved":0,"gatherMoved":0,"rounds":2,"roundCap":200,"converged":true,"fromCols":7,"fromRows":7,"cols":5,"rows":3,"emptyCols":[],"emptyRows":[],"dense":true},"cols":5,"rows":3},"milp":{"cellAfter":[["n7702313744",2,3],["n7702323688",2,2],["n13595552143",1,2],["n7702323725",1,1],["n13595801222",0,2],["n7212050858",0,1],["n9419880665",0,0]],"stats":{"hvBefore":4,"hvAfter":6,"segs":6,"verts":7,"moved":3,"lineMoved":0,"gatherMoved":0,"rounds":2,"roundCap":200,"converged":true,"fromCols":7,"fromRows":7,"cols":3,"rows":4,"emptyCols":[],"emptyRows":[],"dense":true},"cols":3,"rows":4},"force":{"cellAfter":[["n7702313744",3,2],["n7702323688",2,2],["n13595552143",2,1],["n7702323725",2,0],["n13595801222",1,1],["n7212050858",1,0],["n9419880665",0,0]],"stats":{"hvBefore":2,"hvAfter":6,"segs":6,"verts":7,"moved":3,"lineMoved":1,"gatherMoved":0,"rounds":2,"roundCap":200,"converged":true,"fromCols":7,"fromRows":7,"cols":4,"rows":3,"emptyCols":[],"emptyRows":[],"dense":true},"cols":4,"rows":3},"lsq":{"cellAfter":[["n7702313744",3,2],["n7702323688",3,1],["n13595552143",2,1],["n7702323725",2,0],["n13595801222",1,1],["n7212050858",1,0],["n9419880665",0,0]],"stats":{"hvBefore":6,"hvAfter":6,"segs":6,"verts":7,"moved":1,"lineMoved":0,"gatherMoved":0,"rounds":2,"roundCap":200,"converged":true,"fromCols":7,"fromRows":7,"cols":4,"rows":3,"emptyCols":[],"emptyRows":[],"dense":true},"cols":4,"rows":3},"octi":{"cellAfter":[["n7702313744",3,2],["n7702323688",3,1],["n13595552143",2,1],["n7702323725",2,0],["n13595801222",1,1],["n7212050858",0,1],["n9419880665",0,0]],"stats":{"hvBefore":3,"hvAfter":6,"segs":6,"verts":7,"moved":3,"lineMoved":0,"gatherMoved":0,"rounds":2,"roundCap":200,"converged":true,"fromCols":7,"fromRows":7,"cols":4,"rows":3,"emptyCols":[],"emptyRows":[],"dense":true},"cols":4,"rows":3},"path":{"cellAfter":[["n7702313744",4,2],["n7702323688",3,2],["n13595552143",3,1],["n7702323725",3,0],["n13595801222",2,1],["n7212050858",1,1],["n9419880665",0,1]],"stats":{"hvBefore":5,"hvAfter":6,"segs":6,"verts":7,"moved":1,"lineMoved":0,"gatherMoved":0,"rounds":2,"roundCap":200,"converged":true,"fromCols":7,"fromRows":7,"cols":5,"rows":3,"emptyCols":[],"emptyRows":[],"dense":true},"cols":5,"rows":3},"sat":{"cellAfter":[["n7702313744",2,3],["n7702323688",2,2],["n13595552143",1,2],["n7702323725",1,1],["n13595801222",0,2],["n7212050858",0,1],["n9419880665",0,0]],"stats":{"hvBefore":4,"hvAfter":6,"segs":6,"verts":7,"moved":3,"lineMoved":0,"gatherMoved":0,"rounds":2,"roundCap":200,"converged":true,"fromCols":7,"fromRows":7,"cols":3,"rows":4,"emptyCols":[],"emptyRows":[],"dense":true},"cols":3,"rows":4}},"endp":{"hc":{"cellAfter":[["n7702313744",3,2],["n7702323688",3,1],["n13595552143",2,1],["n7702323725",2,0],["n13595801222",1,1],["n7212050858",0,1],["n9419880665",0,0]],"stats":{"hvBefore":0,"hvAfter":6,"segs":6,"verts":7,"moved":6,"movedPts":6,"movedLines":0,"converged":true,"fromCols":7,"fromRows":7,"cols":4,"rows":3},"cols":4,"rows":3},