{"algo":"hccells-v8","fingerprint":"1u39mpq:rg1.15","cityId":"as-chn-urumqi","variant":"rot","shapelike":false,"hc":{"cellAfter":[["n4191403903",0,1],["n4191403069",1,6],["n12759636493",2,0],["n5931051594",3,3],["n13286938301",4,2],["n4191403077",5,5],["n4191403084",6,4]],"stats":{"verts":7,"segs":6,"hvAfter":0,"ms":0,"base":"grid"}},"posts":{"stroke":{"cellAfter":[["n4191403903",1,1],["n13286938301",3,3],["n5931051594",4,3],["n4191403084",6,5],["n4191403077",5,5],["n4191403069",1,5],["n12759636493",2,1]],"stats":{"hvBefore":0,"hvAfter":4,"hvdBefore":6,"hvdAfter":6,"segs":6,"verts":7,"moved":6,"passes":12,"reverted":false,"proposed":8,"revertedN":0,"batches":4,"strokes":2,"substrokes":4,"rounds":0,"clusterMoves":0,"groupsH":0,"groupsV":0,"comps":0,"fallback":0,"iters":4,"iterCap":20,"converged":true}},"rect":{"cellAfter":[["n4191403903",0,1],["n13286938301",0,2],["n5931051594",0,3],["n4191403084",0,4],["n4191403077",0,5],["n4191403069",0,6],["n12759636493",0,0]],"stats":{"before":671752.098132726,"after":209.16666666668706,"rounds":5,"moved":6,"clusterMoves":2,"idealHop":1,"verts":7,"segs":6,"hvBefore":0,"hvAfter":6,"groupsH":0,"groupsV":0,"comps":0,"fallback":0,"passes":0,"reverted":false,"iters":2,"iterCap":20,"converged":true}},"milp":{"cellAfter":[["n4191403903",5,0],["n13286938301",5,1],["n5931051594",5,4],["n4191403084",5,6],["n4191403077",1,6],["n4191403069",0,6],["n12759636493",6,0]],"stats":{"hvBefore":0,"hvAfter":6,"hvdBefore":6,"hvdAfter":6,"segs":6,"verts":7,"moved":7,"passes":9,"reverted":false,"proposed":0,"comps":5,"fallback":0,"rounds":0,"clusterMoves":0,"groupsH":0,"groupsV":0,"iters":5,"iterCap":20,"converged":true}},"force":{"cellAfter":[["n4191403903",2,1],["n13286938301",4,2],["n5931051594",3,3],["n4191403084",6,4],["n4191403077",6,5],["n4191403069",1,6],["n12759636493",2,0]],"stats":{"hvBefore":0,"hvAfter":2,"hvdBefore":3,"hvdAfter":3,"segs":6,"verts":7,"moved":2,"passes":4,"reverted":false,"proposed":7,"revertedN":1,"batches":7,"rounds":80,"clusterMoves":0,"groupsH":0,"groupsV":0,"comps":0,"fallback":0,"iters":2,"iterCap":20,"converged":true}},"lsq":{"cellAfter":[["n4191403903",0,2],["n13286938301",4,2],["n5931051594",4,3],["n4191403084",6,3],["n4191403077",6,4],["n4191403069",1,4],["n12759636493",1,1]],"stats":{"hvBefore":0,"hvAfter":5,"hvdBefore":6,"hvdAfter":6,"segs":6,"verts":7,"moved":6,"passes":5,"reverted":false,"proposed":1,"rounds":120,"clusterMoves":0,"groupsH":0,"groupsV":0,"comps":0,"fallback":0,"iters":2,"iterCap":20,"converged":true}},"octi":{"cellAfter":[["n4191403903",0,0],["n13286938301",4,2],["n5931051594",3,3],["n4191403084",6,3],["n4191403077",6,5],["n4191403069",1,5],["n12759636493",2,0]],"stats":{"hvBefore":0,"hvAfter":4,"hvdBefore":5,"hvdAfter":5,"segs":6,"verts":7,"moved":4,"passes":8,"reverted":false,"proposed":0,"revertedN":0,"batches":7,"settled":7,"rounds":0,"clusterMoves":0,"groupsH":0,"groupsV":0,"comps":0,"fallback":0,"iters":2,"iterCap":20,"converged":true}},"path":{"cellAfter":[["n4191403903",2,1],["n13286938301",4,2],["n5931051594",3,3],["n4191403084",6,4],["n4191403077",5,4],["n4191403069",1,4],["n12759636493",2,0]],"stats":{"hvBefore":0,"hvAfter":3,"hvdBefore":4,"hvdAfter":4,"segs":6,"verts":7,"moved":3,"passes":3,"reverted":false,"proposed":3,"revertedN":0,"batches":1,"chains":1,"links":2,"rounds":0,"clusterMoves":0,"groupsH":0,"groupsV":0,"comps":0,"fallback":0,"iters":2,"iterCap":20,"converged":true}},"sat":{"cellAfter":[["n4191403903",5,0],["n13286938301",5,1],["n5931051594",5,4],["n4191403084",5,6],["n4191403077",1,6],["n4191403069",0,6],["n12759636493",6,0]],"stats":{"hvBefore":0,"hvAfter":6,"hvdBefore":6,"hvdAfter":6,"segs":6,"verts":7,"moved":7,"passes":9,"reverted":false,"proposed":0,"comps":5,"fallback":0,"rounds":0,"clusterMoves":0,"groupsH":0,"groupsV":0,"iters":5,"iterCap":20,"converged":true}}},"layouts":{},"loops":{"hc":{"cellAfter":[["n4191403903",0,1],["n13286938301",1,1],["n5931051594",2,1],["n4191403084",2,2],["n4191403077",1,2],["n4191403069",1,3],["n12759636493",0,0]],"stats":{"hvBefore":0,"hvAfter":6,"segs":6,"verts":7,"moved":6,"lineMoved":0,"gatherMoved":0,"rounds":2,"roundCap":200,"converged":true,"fromCols":7,"fromRows":7,"cols":3,"rows":4,"emptyCols":[],"emptyRows":[],"dense":true},"cols":3,"rows":4},"stroke":{"cellAfter":[["n4191403903",0,1],["n13286938301",1,1],["n5931051594",2,1],["n4191403084",3,1],["n4191403077",3,2],["n4191403069",2,2],["n12759636493",0,0]],"stats":{"hvBefore":4,"hvAfter":6,"segs":6,"verts":7,"moved":5,"lineMoved":0,"gatherMoved":0,"rounds":2,"roundCap":200,"converged":true,"fromCols":7,"fromRows":7,"cols":4,"rows":3,"emptyCols":[],"emptyRows":[],"dense":true},"cols":4,"rows":3},"rect":{"cellAfter":[["n4191403903",0,1],["n13286938301",0,2],["n5931051594",0,3],["n4191403084",0,4],["n4191403077",0,5],["n4191403069",0,6],["n12759636493",0,0]],"stats":{"hvBefore":6,"hvAfter":6,"segs":6,"verts":7,"moved":0,"lineMoved":0,"gatherMoved":0,"rounds":1,"roundCap":200,"converged":true,"fromCols":7,"fromRows":7,"cols":1,"rows":7,"emptyCols":[],"emptyRows":[],"dense":true},"cols":1,"rows":7},"milp":{"cellAfter":[["n4191403903",2,0],["n13286938301",2,1],["n5931051594",2,2],["n4191403084",2,3],["n4191403077",1,3],["n4191403069",0,3],["n12759636493",3,0]],"stats":{"hvBefore":6,"hvAfter":6,"segs":6,"verts":7,"moved":0,"lineMoved":0,"gatherMoved":0,"rounds":1,"roundCap":200,"converged":true,"fromCols":7,"fromRows":7,"cols":4,"rows":4,"emptyCols":[],"emptyRows":[],"dense":true},"cols":4,"rows":4},"force":{"cellAfter":[["n4191403903",0,1],["n13286938301",1,1],["n5931051594",1,2],["n4191403084",2,2],["n4191403077",2,3],["n4191403069",1,3],["n12759636493",0,0]],"stats":{"hvBefore":2,"hvAfter":6,"segs":6,"verts":7,"moved":4,"lineMoved":0,"gatherMoved":0,"rounds":2,"roundCap":200,"converged":true,"fromCols":7,"fromRows":7,"cols":3,"rows":4,"emptyCols":[],"emptyRows":[],"dense":true},"cols":3,"rows":4},"lsq":{"cellAfter":[["n4191403903",0,1],["n13286938301",1,1],["n5931051594",1,2],["n4191403084",2,2],["n4191403077",2,3],["n4191403069",1,3],["n12759636493",0,0]],"stats":{"hvBefore":5,"hvAfter":6,"segs":6,"verts":7,"moved":2,"lineMoved":0,"gatherMoved":0,"rounds":2,"roundCap":200,"converged":true,"fromCols":7,"fromRows":7,"cols":3,"rows":4,"emptyCols":[],"emptyRows":[],"dense":true},"cols":3,"rows":4},"octi":{"cellAfter":[["n4191403903",0,1],["n13286938301",1,1],["n5931051594",1,2],["n4191403084",2,2],["n4191403077",2,3],["n4191403069",1,3],["n12759636493",0,0]],"stats":{"hvBefore":4,"hvAfter":6,"segs":6,"verts":7,"moved":4,"lineMoved":0,"gatherMoved":0,"rounds":2,"roundCap":200,"converged":true,"fromCols":7,"fromRows":7,"cols":3,"rows":4,"emptyCols":[],"emptyRows":[],"dense":true},"cols":3,"rows":4},"path":{"cellAfter":[["n4191403903",0,1],["n13286938301",1,1],["n5931051594",1,2],["n4191403084",2,2],["n4191403077",2,3],["n4191403069",1,3],["n12759636493",0,0]],"stats":{"hvBefore":3,"hvAfter":6,"segs":6,"verts":7,"moved":4,"lineMoved":0,"gatherMoved":0,"rounds":2,"roundCap":200,"converged":true,"fromCols":7,"fromRows":7,"cols":3,"rows":4,"emptyCols":[],"emptyRows":[],"dense":true},"cols":3,"rows":4},"sat":{"cellAfter":[["n4191403903",2,0],["n13286938301",2,1],["n5931051594",2,2],["n4191403084",2,3],["n4191403077",1,3],["n4191403069",0,3],["n12759636493",3,0]],"stats":{"hvBefore":6,"hvAfter":6,"segs":6,"verts":7,"moved":0,"lineMoved":0,"gatherMoved":0,"rounds":1,"roundCap":200,"converged":true,"fromCols":7,"fromRows":7,"cols":4,"rows":4,"emptyCols":[],"emptyRows":[],"dense":true},"cols":4,"rows":4}},"endp":{"hc":{"cellAfter":[["n4191403903",0,1],["n13286938301",1,1],["n5931051594",2,1],["n4191403084",2,2],["n4191403077",1,2],["n4191403069",1,3],["n12759636493",0,0]],"stats":{"hvBefore":0,"hvAfter":6,"segs":6,"verts":7,"moved":6,"movedPts":6,"movedLines":0,"converged":true,"fromCols":7,"fromRows":7,"cols":3,"rows":4},"cols":3,"rows":4},