{"algo":"hccells-v4","fingerprint":"tyncdi:rg1.15","cityId":"as-geo-tbilisi","variant":"orig","shapelike":false,"hc":{"cellAfter":[["n358503996",0,3],["n729561142",1,2],["n4632061332",2,1],["n289358478",3,5],["n289381738",4,4],["n289358479",5,6],["n437955651",6,0],["n288582354",7,7]],"stats":{"verts":8,"segs":7,"hvAfter":0,"ms":0,"base":"grid"}},"posts":{"stroke":{"cellAfter":[["n288582354",4,7],["n289358479",4,6],["n289358478",4,5],["n289381738",4,4],["n4632061332",4,1],["n437955651",4,0],["n729561142",3,4],["n358503996",3,3]],"stats":{"hvBefore":0,"hvAfter":7,"hvdBefore":7,"hvdAfter":7,"segs":7,"verts":8,"moved":7,"passes":23,"reverted":false,"proposed":7,"revertedN":0,"batches":2,"strokes":2,"substrokes":2,"rounds":0,"clusterMoves":0,"groupsH":0,"groupsV":0,"comps":0,"fallback":0,"iters":5,"iterCap":20,"converged":true}},"rect":{"cellAfter":[["n288582354",2,5],["n289358479",2,4],["n289358478",2,3],["n289381738",2,2],["n4632061332",2,1],["n437955651",2,0],["n729561142",1,2],["n358503996",0,2]],"stats":{"before":621964.3884882759,"after":63034.35307179588,"rounds":4,"moved":6,"clusterMoves":1,"idealHop":1,"verts":8,"segs":7,"hvBefore":0,"hvAfter":7,"groupsH":0,"groupsV":0,"comps":0,"fallback":0,"passes":0,"reverted":false,"iters":2,"iterCap":20,"converged":true}},"milp":{"cellAfter":[["n288582354",7,7],["n289358479",4,6],["n289358478",4,5],["n289381738",4,3],["n4632061332",4,0],["n437955651",7,0],["n729561142",1,3],["n358503996",0,3]],"stats":{"hvBefore":0,"hvAfter":6,"hvdBefore":6,"hvdAfter":6,"segs":7,"verts":8,"moved":6,"passes":3,"reverted":false,"proposed":0,"comps":2,"fallback":0,"rounds":0,"clusterMoves":0,"groupsH":0,"groupsV":0,"iters":2,"iterCap":20,"converged":true}},"force":{"cellAfter":[["n288582354",5,7],["n289358479",3,7],["n289358478",3,5],["n289381738",4,4],["n4632061332",2,1],["n437955651",6,0],["n729561142",1,2],["n358503996",0,3]],"stats":{"hvBefore":0,"hvAfter":2,"hvdBefore":4,"hvdAfter":4,"segs":7,"verts":8,"moved":2,"passes":4,"reverted":false,"proposed":8,"revertedN":5,"batches":8,"rounds":80,"clusterMoves":0,"groupsH":0,"groupsV":0,"comps":0,"fallback":0,"iters":2,"iterCap":20,"converged":true}},"lsq":{"cellAfter":[["n288582354",7,7],["n289358479",5,6],["n289358478",3,4],["n289381738",4,3],["n4632061332",2,1],["n437955651",6,1],["n729561142",2,2],["n358503996",1,2]],"stats":{"hvBefore":0,"hvAfter":2,"hvdBefore":5,"hvdAfter":5,"segs":7,"verts":8,"moved":5,"passes":4,"reverted":false,"proposed":1,"rounds":120,"clusterMoves":0,"groupsH":0,"groupsV":0,"comps":0,"fallback":0,"iters":2,"iterCap":20,"converged":true}},"octi":{"cellAfter":[["n288582354",7,6],["n289358479",4,6],["n289358478",3,5],["n289381738",4,4],["n4632061332",2,1],["n437955651",6,1],["n729561142",1,2],["n358503996",0,3]],"stats":{"hvBefore":0,"hvAfter":2,"hvdBefore":5,"hvdAfter":5,"segs":7,"verts":8,"moved":3,"passes":6,"reverted":false,"proposed":0,"revertedN":0,"batches":8,"settled":8,"rounds":0,"clusterMoves":0,"groupsH":0,"groupsV":0,"comps":0,"fallback":0,"iters":2,"iterCap":20,"converged":true}},"path":{"cellAfter":[["n288582354",7,6],["n289358479",6,6],["n289358478",4,4],["n289381738",3,4],["n4632061332",2,1],["n437955651",4,0],["n729561142",2,4],["n358503996",1,4]],"stats":{"hvBefore":0,"hvAfter":4,"hvdBefore":5,"hvdAfter":5,"segs":7,"verts":8,"moved":7,"passes":8,"reverted":false,"proposed":3,"revertedN":0,"batches":2,"chains":2,"links":3,"rounds":0,"clusterMoves":0,"groupsH":0,"groupsV":0,"comps":0,"fallback":0,"iters":3,"iterCap":20,"converged":true}},"sat":{"cellAfter":[["n288582354",7,7],["n289358479",4,6],["n289358478",4,5],["n289381738",4,3],["n4632061332",4,0],["n437955651",7,0],["n729561142",1,3],["n358503996",0,3]],"stats":{"hvBefore":0,"hvAfter":6,"hvdBefore":6,"hvdAfter":6,"segs":7,"verts":8,"moved":6,"passes":3,"reverted":false,"proposed":0,"comps":2,"fallback":0,"rounds":0,"clusterMoves":0,"groupsH":0,"groupsV":0,"iters":2,"iterCap":20,"converged":true}}},"layouts":{},"loops":{"hc":{"cellAfter":[["n288582354",4,2],["n289358479",3,2],["n289358478",2,2],["n289381738",2,1],["n4632061332",2,0],["n437955651",3,0],["n729561142",1,1],["n358503996",0,1]],"stats":{"hvBefore":0,"hvAfter":7,"segs":7,"verts":8,"moved":6,"lineMoved":1,"gatherMoved":1,"rounds":2,"roundCap":200,"converged":true,"fromCols":8,"fromRows":8,"cols":5,"rows":3},"cols":5,"rows":3},"stroke":{"cellAfter":[["n288582354",1,5],["n289358479",1,4],["n289358478",1,3],["n289381738",1,2],["n4632061332",1,1],["n437955651",1,0],["n729561142",0,2],["n358503996",0,1]],"stats":{"hvBefore":7,"hvAfter":7,"segs":7,"verts":8,"moved":0,"lineMoved":0,"gatherMoved":1,"rounds":2,"roundCap":200,"converged":true,"fromCols":8,"fromRows":8,"cols":2,"rows":6},"cols":2,"rows":6},"rect":{"cellAfter":[["n288582354",2,5],["n289358479",2,4],["n289358478",2,3],["n289381738",2,2],["n4632061332",2,1],["n437955651",2,0],["n729561142",1,2],["n358503996",0,2]],"stats":{"hvBefore":7,"hvAfter":7,"segs":7,"verts":8,"moved":0,"lineMoved":0,"gatherMoved":0,"rounds":1,"roundCap":200,"converged":true,"fromCols":8,"fromRows":8,"cols":3,"rows":6},"cols":3,"rows":6},"milp":{"cellAfter":[["n288582354",2,4],["n289358479",2,3],["n289358478",2,2],["n289381738",2,1],["n4632061332",2,0],["n437955651",3,0],["n729561142",1,1],["n358503996",0,1]],"stats":{"hvBefore":6,"hvAfter":7,"segs":7,"verts":8,"moved":1,"lineMoved":0,"gatherMoved":0,"rounds":2,"roundCap":200,"converged":true,"fromCols":8,"fromRows":8,"cols":4,"rows":5},"cols":4,"rows":5},"force":{"cellAfter":[["n288582354",2,3],["n289358479",1,3],["n289358478",1,2],["n289381738",3,2],["n4632061332",0,0],["n437955651",1,0],["n729561142",1,1],["n358503996",0,1]],"stats":{"hvBefore":2,"hvAfter":5,"segs":7,"verts":8,"moved":8,"lineMoved":2,"gatherMoved":0,"rounds":3,"roundCap":200,"converged":false,"fromCols":8,"fromRows":8,"cols":4,"rows":4},"cols":4,"rows":4},"lsq":{"cellAfter":[["n288582354",2,2],["n289358479",1,2],["n289358478",0,2],["n289381738",2,1],["n4632061332",0,0],["n437955651",1,0],["n729561142",1,1],["n358503996",0,1]],"stats":{"hvBefore":2,"hvAfter":5,"segs":7,"verts":8,"moved":5,"lineMoved":2,"gatherMoved":0,"rounds":3,"roundCap":200,"converged":true,"fromCols":8,"fromRows":8,"cols":3,"rows":3},"cols":3,"rows":3},"octi":{"cellAfter":[["n288582354",2,3],["n289358479",1,3],["n289358478",1,2],["n289381738",1,1],["n4632061332",1,0],["n437955651",2,0],["n729561142",0,1],["n358503996",0,0]],"stats":{"hvBefore":2,"hvAfter":7,"segs":7,"verts":8,"moved":6,"lineMoved":3,"gatherMoved":1,"rounds":2,"roundCap":200,"converged":true,"fromCols":8,"fromRows":8,"cols":3,"rows":4},"cols":3,"rows":4},"path":{"cellAfter":[["n288582354",4,2],["n289358479",3,2],["n289358478",3,1],["n289381738",2,1],["n4632061332",2,0],["n437955651",3,0],["n729561142",1,1],["n358503996",0,1]],"stats":{"hvBefore":4,"hvAfter":7,"segs":7,"verts":8,"moved":3,"lineMoved":1,"gatherMoved":0,"rounds":2,"roundCap":200,"converged":true,"fromCols":8,"fromRows":8,"cols":5,"rows":3},"cols":5,"rows":3},"sat":{"cellAfter":[["n288582354",2,4],["n289358479",2,3],["n289358478",2,2],["n289381738",2,1],["n4632061332",2,0],["n437955651",3,0],["n729561142",1,1],["n358503996",0,1]],"stats":{"hvBefore":6,"hvAfter":7,"segs":7,"verts":8,"moved":1,"lineMoved":0,"gatherMoved":0,"rounds":2,"roundCap":200,"converged":true,"fromCols":8,"fromRows":8,"cols":4,"rows":5},"cols":4,"rows":5}},"endp":{"hc":{"cellAfter":[["n288582354",4,2],["n289358479",3,2],["n289358478",2,2],["n289381738",2,1],["n4632061332",2,0],["n437955651",3,0],["n729561142",1,1],["n358503996",0,1]],"stats":{"hvBefore":0,"hvAfter":7,"segs":7,"verts":8,"moved":10,"movedPts":10,"movedLines":0,"converged":true,"fromCols":8,"fromRows":8,"cols":5,"rows":3},"cols":5,"rows":3},"stroke":{"cellAfter":[["n288582354",1,6],["n289358479",1,5],["n289358478",1,4],["n289381738",1,3],["n4632061332",1,1],["n437955651",1,0],["n729561142",0,3],["n358503996",0,2]],"stats":{"hvBefore":7,"hvAfter":7,"segs":7,"verts":8,"moved":0,"movedPts":0,"movedLines":0,"converged":true,"fromCols":2,