{"algo":"hccells-v8","fingerprint":"vg0jgs:rg1.15","cityId":"as-ind-pune","variant":"rot","shapelike":false,"hc":{"cellAfter":[["n9599243853",0,5],["n9599243857",1,6],["n9572921031",2,0],["n7944597710",3,7],["n7944584963",4,1],["n11097510274",5,3],["n7944584984",6,4],["n11699340657",7,2]],"stats":{"verts":8,"segs":7,"hvAfter":0,"ms":0,"base":"grid"}},"posts":{"stroke":{"cellAfter":[["n11699340657",7,3],["n7944584984",6,3],["n11097510274",5,3],["n9599243857",1,3],["n9599243853",0,3],["n7944597710",5,7],["n7944584963",5,1],["n9572921031",5,0]],"stats":{"hvBefore":0,"hvAfter":7,"hvdBefore":7,"hvdAfter":7,"segs":7,"verts":8,"moved":7,"passes":8,"reverted":false,"proposed":7,"revertedN":0,"batches":2,"strokes":2,"substrokes":2,"rounds":0,"clusterMoves":0,"groupsH":0,"groupsV":0,"comps":0,"fallback":0,"iters":3,"iterCap":20,"converged":true}},"rect":{"cellAfter":[["n11699340657",7,4],["n7944584984",6,4],["n11097510274",4,4],["n9599243857",2,5],["n9599243853",0,6],["n7944597710",4,7],["n7944584963",3,2],["n9572921031",2,0]],"stats":{"before":496327.31241034035,"after":117015.81492574417,"rounds":3,"moved":6,"clusterMoves":0,"idealHop":1,"verts":8,"segs":7,"hvBefore":0,"hvAfter":3,"groupsH":0,"groupsV":0,"comps":0,"fallback":0,"passes":0,"reverted":false,"iters":2,"iterCap":20,"converged":true}},"milp":{"cellAfter":[["n11699340657",7,4],["n7944584984",6,4],["n11097510274",5,4],["n9599243857",1,4],["n9599243853",0,4],["n7944597710",5,7],["n7944584963",2,1],["n9572921031",0,0]],"stats":{"hvBefore":0,"hvAfter":5,"hvdBefore":6,"hvdAfter":6,"segs":7,"verts":8,"moved":7,"passes":4,"reverted":true,"proposed":5,"comps":2,"fallback":0,"rounds":0,"clusterMoves":0,"groupsH":0,"groupsV":0,"iters":2,"iterCap":20,"converged":true}},"force":{"cellAfter":[["n11699340657",7,4],["n7944584984",6,4],["n11097510274",5,3],["n9599243857",0,6],["n9599243853",0,5],["n7944597710",5,7],["n7944584963",4,3],["n9572921031",4,2]],"stats":{"hvBefore":0,"hvAfter":5,"hvdBefore":6,"hvdAfter":6,"segs":7,"verts":8,"moved":5,"passes":10,"reverted":false,"proposed":8,"revertedN":1,"batches":8,"rounds":120,"clusterMoves":0,"groupsH":0,"groupsV":0,"comps":0,"fallback":0,"iters":3,"iterCap":20,"converged":true}},"lsq":{"cellAfter":[["n11699340657",7,2],["n7944584984",6,4],["n11097510274",6,2],["n9599243857",1,6],["n9599243853",1,5],["n7944597710",2,6],["n7944584963",4,2],["n9572921031",2,0]],"stats":{"hvBefore":0,"hvAfter":3,"hvdBefore":5,"hvdAfter":5,"segs":7,"verts":8,"moved":4,"passes":3,"reverted":false,"proposed":1,"rounds":120,"clusterMoves":0,"groupsH":0,"groupsV":0,"comps":0,"fallback":0,"iters":2,"iterCap":20,"converged":true}},"octi":{"cellAfter":[["n11699340657",7,2],["n7944584984",6,3],["n11097510274",4,3],["n9599243857",1,6],["n9599243853",0,5],["n7944597710",4,7],["n7944584963",4,1],["n9572921031",2,0]],"stats":{"hvBefore":0,"hvAfter":3,"hvdBefore":6,"hvdAfter":6,"segs":7,"verts":8,"moved":3,"passes":6,"reverted":false,"proposed":0,"revertedN":0,"batches":8,"settled":8,"rounds":0,"clusterMoves":0,"groupsH":0,"groupsV":0,"comps":0,"fallback":0,"iters":2,"iterCap":20,"converged":true}},"path":{"cellAfter":[["n11699340657",6,1],["n7944584984",5,2],["n11097510274",4,2],["n9599243857",1,6],["n9599243853",1,5],["n7944597710",4,7],["n7944584963",4,1],["n9572921031",2,1]],"stats":{"hvBefore":0,"hvAfter":5,"hvdBefore":6,"hvdAfter":6,"segs":7,"verts":8,"moved":6,"passes":8,"reverted":false,"proposed":0,"revertedN":0,"batches":2,"chains":2,"links":3,"rounds":0,"clusterMoves":0,"groupsH":0,"groupsV":0,"comps":0,"fallback":0,"iters":4,"iterCap":20,"converged":true}},"sat":{"cellAfter":[["n11699340657",7,4],["n7944584984",6,4],["n11097510274",5,4],["n9599243857",1,4],["n9599243853",0,4],["n7944597710",5,7],["n7944584963",2,1],["n9572921031",0,0]],"stats":{"hvBefore":0,"hvAfter":5,"hvdBefore":6,"hvdAfter":6,"segs":7,"verts":8,"moved":7,"passes":4,"reverted":true,"proposed":5,"comps":2,"fallback":0,"rounds":0,"clusterMoves":0,"groupsH":0,"groupsV":0,"iters":2,"iterCap":20,"converged":true}}},"layouts":{},"loops":{"hc":{"cellAfter":[["n11699340657",4,1],["n7944584984",3,1],["n11097510274",2,1],["n9599243857",1,1],["n9599243853",0,1],["n7944597710",2,2],["n7944584963",2,0],["n9572921031",1,0]],"stats":{"hvBefore":0,"hvAfter":7,"segs":7,"verts":8,"moved":6,"lineMoved":2,"gatherMoved":0,"rounds":2,"roundCap":200,"converged":true,"fromCols":8,"fromRows":8,"cols":5,"rows":3,"emptyCols":[],"emptyRows":[],"dense":true},"cols":5,"rows":3},"stroke":{"cellAfter":[["n11699340657",4,2],["n7944584984",3,2],["n11097510274",2,2],["n9599243857",1,2],["n9599243853",0,2],["n7944597710",2,3],["n7944584963",2,1],["n9572921031",2,0]],"stats":{"hvBefore":7,"hvAfter":7,"segs":7,"verts":8,"moved":0,"lineMoved":0,"gatherMoved":0,"rounds":1,"roundCap":200,"converged":true,"fromCols":8,"fromRows":8,"cols":5,"rows":4,"emptyCols":[],"emptyRows":[],"dense":true},"cols":5,"rows":4},"rect":{"cellAfter":[["n11699340657",3,0],["n7944584984",3,1],["n11097510274",2,1],["n9599243857",1,1],["n9599243853",0,1],["n7944597710",2,2],["n7944584963",2,0],["n9572921031",1,0]],"stats":{"hvBefore":3,"hvAfter":7,"segs":7,"verts":8,"moved":5,"lineMoved":1,"gatherMoved":0,"rounds":2,"roundCap":200,"converged":true,"fromCols":8,"fromRows":8,"cols":4,"rows":3,"emptyCols":[],"emptyRows":[],"dense":true},"cols":4,"rows":3},"milp":{"cellAfter":[["n11699340657",4,1],["n7944584984",3,1],["n11097510274",2,1],["n9599243857",1,1],["n9599243853",0,1],["n7944597710",2,2],["n7944584963",2,0],["n9572921031",1,0]],"stats":{"hvBefore":5,"hvAfter":7,"segs":7,"verts":8,"moved":2,"lineMoved":0,"gatherMoved":0,"rounds":2,"roundCap":200,"converged":true,"fromCols":8,"fromRows":8,"cols":5,"rows":3,"emptyCols":[],"emptyRows":[],"dense":true},"cols":5,"rows":3},"force":{"cellAfter":[["n11699340657",3,2],["n7944584984",3,1],["n11097510274",2,1],["n9599243857",1,2],["n9599243853",0,2],["n7944597710",2,2],["n7944584963",1,1],["n9572921031",1,0]],"stats":{"hvBefore":5,"hvAfter":6,"segs":7,"verts":8,"moved":5,"lineMoved":1,"gatherMoved":0,"rounds":2,"roundCap":200,"converged":true,"fromCols":8,"fromRows":8,"cols":4,"rows":3,"emptyCols":[],"emptyRows":[],"dense":true},"cols":4,"rows":3},"lsq":{"cellAfter":[["n11699340657",4,1],["n7944584984",3,1],["n11097510274",2,1],["n9599243857",1,2],["n9599243853",0,2],["n7944597710",2,2],["n7944584963",1,1],["n9572921031",1,0]],"stats":{"hvBefore":3,"hvAfter":6,"segs":7,"verts":8,"moved":5,"lineMoved":0,"gatherMoved":0,"rounds":2,"roundCap":200,"converged":true,"fromCols":8,"fromRows":8,"cols":5,"rows":3,"emptyCols":[],"emptyRows":[],"dense":true},"cols":5,"rows":3},"octi":{"cellAfter":[["n11699340657",4,1],["n7944584984",3,1],["n11097510274",2,1],["n9599243857",1,1],["n9599243853",0,1],["n7944597710",2,2],["n7944584963",2,0],["n9572921031",1,0]],"stats":{"hvBefore":3,"hvAfter":7,"segs":7,"verts":8,"moved":5,"lineMoved":2,"gatherMoved":0,"rounds":2,"roundCap":200,"converged":true,"fromCols":8,"fromRows":8,"cols":5,"rows":3,"emptyCols":[],"emptyRows":[],"dense":true},"cols":5,"rows":3},"path":{"cellAfter":[["n11699340657",3,1],["n7944584984",2,1],["n11097510274",1,1],["n9599243857",0,1],["n9599243853",0,2],["n7944597710",1,2],["n7944584963",1,0],["n9572921031",0,0]],"stats":{"hvBefore":5,"hvAfter":7,"segs":7,"verts":8,"moved":5,"lineMoved":1,"gatherMoved":0,"rounds":2,"roundCap":200,"converged":true,"fromCols":8,"fromRows":8,"cols":4,"rows":3,"emptyCols":[],"emptyRows":[],"dense":true},"cols":4,"rows":3},"sat":{"cellAfter":[["n11699340657",4,1],["n7944584984",3,1],["n11097510274",2,1],["n9599243857",1,1],["n9599243853",0,1],["n7944597710",2,2],["n7944584963",2,0],["n9572921031",1,0]],"stats":{"hvBefore":5,"hvAfter":7,"segs":7,"verts":8,"moved":2,"lineMoved":0,"gatherMoved":0,"rounds":2,"roundCap":200,"converged":true,"fromCols":8,"fromRows":8,"cols":5,"rows":3,"emptyCols":[],"emptyRows":[],"dense":true},"cols":5,"rows":3}},