{"algo":"hccells-v4","fingerprint":"1lc4qh4:rg1.15","cityId":"as-ind-nagpur","variant":"orig","shapelike":false,"hc":{"cellAfter":[["n11369581746",0,6],["n11371112354",1,5],["n11368300696",2,8],["n11368300693",3,7],["n11368300689",4,4],["n7944686237",5,1],["n7944685774",6,3],["n7944685834",7,0],["n7944687085",8,2]],"stats":{"verts":9,"segs":8,"hvAfter":0,"ms":0,"base":"grid"}},"posts":{"stroke":{"cellAfter":[["n11368300696",4,6],["n11368300693",5,5],["n11368300689",4,4],["n7944686237",4,3],["n7944685834",3,3],["n7944685774",5,4],["n7944687085",6,5],["n11371112354",3,4],["n11369581746",2,3]],"stats":{"hvBefore":0,"hvAfter":4,"hvdBefore":8,"hvdAfter":8,"segs":8,"verts":9,"moved":8,"passes":95,"reverted":false,"proposed":9,"revertedN":0,"batches":4,"strokes":3,"substrokes":4,"rounds":0,"clusterMoves":0,"groupsH":0,"groupsV":0,"comps":0,"fallback":0,"iters":20,"iterCap":20,"converged":false}},"rect":{"cellAfter":[["n11368300696",5,5],["n11368300693",5,4],["n11368300689",5,3],["n7944686237",5,2],["n7944685834",5,1],["n7944685774",6,3],["n7944687085",7,3],["n11371112354",4,3],["n11369581746",3,3]],"stats":{"before":361333.9366915082,"after":308.33333333336054,"rounds":4,"moved":8,"clusterMoves":0,"idealHop":1,"verts":9,"segs":8,"hvBefore":0,"hvAfter":8,"groupsH":0,"groupsV":0,"comps":0,"fallback":0,"passes":0,"reverted":false,"iters":2,"iterCap":20,"converged":true}},"milp":{"cellAfter":[["n11368300696",1,8],["n11368300693",4,8],["n11368300689",4,4],["n7944686237",4,0],["n7944685834",6,0],["n7944685774",8,1],["n7944687085",8,0],["n11371112354",1,7],["n11369581746",0,8]],"stats":{"hvBefore":0,"hvAfter":5,"hvdBefore":7,"hvdAfter":7,"segs":8,"verts":9,"moved":8,"passes":6,"reverted":false,"proposed":1,"comps":3,"fallback":0,"rounds":0,"clusterMoves":0,"groupsH":0,"groupsV":0,"iters":3,"iterCap":20,"converged":true}},"force":{"cellAfter":[["n11368300696",2,8],["n11368300693",3,7],["n11368300689",4,4],["n7944686237",5,1],["n7944685834",5,0],["n7944685774",6,3],["n7944687085",6,0],["n11371112354",1,5],["n11369581746",0,6]],"stats":{"hvBefore":0,"hvAfter":2,"hvdBefore":4,"hvdAfter":4,"segs":8,"verts":9,"moved":2,"passes":4,"reverted":false,"proposed":9,"revertedN":3,"batches":9,"rounds":80,"clusterMoves":0,"groupsH":0,"groupsV":0,"comps":0,"fallback":0,"iters":2,"iterCap":20,"converged":true}},"lsq":{"cellAfter":[["n11368300696",3,8],["n11368300693",4,8],["n11368300689",4,4],["n7944686237",4,1],["n7944685834",6,0],["n7944685774",5,3],["n7944687085",7,1],["n11371112354",1,4],["n11369581746",0,5]],"stats":{"hvBefore":0,"hvAfter":4,"hvdBefore":7,"hvdAfter":7,"segs":8,"verts":9,"moved":8,"passes":3,"reverted":false,"proposed":0,"rounds":120,"clusterMoves":0,"groupsH":0,"groupsV":0,"comps":0,"fallback":0,"iters":2,"iterCap":20,"converged":true}},"octi":{"cellAfter":[["n11368300696",2,8],["n11368300693",3,7],["n11368300689",3,4],["n7944686237",3,1],["n7944685834",7,1],["n7944685774",6,4],["n7944687085",8,2],["n11371112354",1,5],["n11369581746",0,6]],"stats":{"hvBefore":0,"hvAfter":4,"hvdBefore":7,"hvdAfter":7,"segs":8,"verts":9,"moved":4,"passes":8,"reverted":false,"proposed":2,"revertedN":1,"batches":9,"settled":9,"rounds":0,"clusterMoves":0,"groupsH":0,"groupsV":0,"comps":0,"fallback":0,"iters":2,"iterCap":20,"converged":true}},"path":{"cellAfter":[["n11368300696",1,7],["n11368300693",2,6],["n11368300689",4,4],["n7944686237",6,2],["n7944685834",8,1],["n7944685774",6,4],["n7944687085",8,4],["n11371112354",1,4],["n11369581746",0,4]],"stats":{"hvBefore":0,"hvAfter":4,"hvdBefore":7,"hvdAfter":7,"segs":8,"verts":9,"moved":8,"passes":5,"reverted":false,"proposed":0,"revertedN":0,"batches":2,"chains":2,"links":2,"rounds":0,"clusterMoves":0,"groupsH":0,"groupsV":0,"comps":0,"fallback":0,"iters":2,"iterCap":20,"converged":true}},"sat":{"cellAfter":[["n11368300696",1,8],["n11368300693",4,8],["n11368300689",4,4],["n7944686237",4,0],["n7944685834",6,0],["n7944685774",8,1],["n7944687085",8,0],["n11371112354",1,7],["n11369581746",0,8]],"stats":{"hvBefore":0,"hvAfter":5,"hvdBefore":7,"hvdAfter":7,"segs":8,"verts":9,"moved":8,"passes":6,"reverted":false,"proposed":1,"comps":3,"fallback":0,"rounds":0,"clusterMoves":0,"groupsH":0,"groupsV":0,"iters":3,"iterCap":20,"converged":true}}},"layouts":{},"loops":{"hc":{"cellAfter":[["n11368300696",2,3],["n11368300693",2,2],["n11368300689",2,1],["n7944686237",2,0],["n7944685834",3,0],["n7944685774",3,1],["n7944687085",4,1],["n11371112354",1,1],["n11369581746",0,1]],"stats":{"hvBefore":0,"hvAfter":8,"segs":8,"verts":9,"moved":8,"lineMoved":2,"gatherMoved":0,"rounds":3,"roundCap":200,"converged":true,"fromCols":9,"fromRows":9,"cols":5,"rows":4},"cols":5,"rows":4},"stroke":{"cellAfter":[["n11368300696",2,3],["n11368300693",2,2],["n11368300689",2,1],["n7944686237",2,0],["n7944685834",1,0],["n7944685774",3,1],["n7944687085",3,2],["n11371112354",1,1],["n11369581746",0,1]],"stats":{"hvBefore":4,"hvAfter":8,"segs":8,"verts":9,"moved":3,"lineMoved":0,"gatherMoved":0,"rounds":2,"roundCap":200,"converged":true,"fromCols":9,"fromRows":9,"cols":4,"rows":4},"cols":4,"rows":4},"rect":{"cellAfter":[["n11368300696",2,4],["n11368300693",2,3],["n11368300689",2,2],["n7944686237",2,1],["n7944685834",2,0],["n7944685774",3,2],["n7944687085",4,2],["n11371112354",1,2],["n11369581746",0,2]],"stats":{"hvBefore":8,"hvAfter":8,"segs":8,"verts":9,"moved":0,"lineMoved":0,"gatherMoved":0,"rounds":1,"roundCap":200,"converged":true,"fromCols":9,"fromRows":9,"cols":5,"rows":5},"cols":5,"rows":5},"milp":{"cellAfter":[["n11368300696",1,2],["n11368300693",2,2],["n11368300689",2,1],["n7944686237",2,0],["n7944685834",3,0],["n7944685774",4,1],["n7944687085",4,0],["n11371112354",1,1],["n11369581746",0,1]],"stats":{"hvBefore":5,"hvAfter":8,"segs":8,"verts":9,"moved":2,"lineMoved":1,"gatherMoved":0,"rounds":2,"roundCap":200,"converged":true,"fromCols":9,"fromRows":9,"cols":5,"rows":3},"cols":5,"rows":3},"force":{"cellAfter":[["n11368300696",2,4],["n11368300693",2,3],["n11368300689",2,2],["n7944686237",2,1],["n7944685834",2,0],["n7944685774",3,2],["n7944687085",3,1],["n11371112354",1,2],["n11369581746",0,2]],"stats":{"hvBefore":2,"hvAfter":8,"segs":8,"verts":9,"moved":5,"lineMoved":2,"gatherMoved":0,"rounds":2,"roundCap":200,"converged":true,"fromCols":9,"fromRows":9,"cols":4,"rows":5},"cols":4,"rows":5},"lsq":{"cellAfter":[["n11368300696",1,2],["n11368300693",2,2],["n11368300689",2,1],["n7944686237",2,0],["n7944685834",3,0],["n7944685774",3,1],["n7944687085",4,1],["n11371112354",1,1],["n11369581746",0,1]],"stats":{"hvBefore":4,"hvAfter":8,"segs":8,"verts":9,"moved":4,"lineMoved":0,"gatherMoved":2,"rounds":2,"roundCap":200,"converged":true,"fromCols":9,"fromRows":9,"cols":5,"rows":3},"cols":5,"rows":3},"octi":{"cellAfter":[["n11368300696",1,2],["n11368300693",2,2],["n11368300689",2,1],["n7944686237",2,0],["n7944685834",3,0],["n7944685774",3,1],["n7944687085",4,1],["n11371112354",1,1],["n11369581746",0,1]],"stats":{"hvBefore":4,"hvAfter":8,"segs":8,"verts":9,"moved":6,"lineMoved":0,"gatherMoved":1,"rounds":2,"roundCap":200,"converged":true,"fromCols":9,"fromRows":9,"cols":5,"rows":3},"cols":5,"rows":3},"path":{"cellAfter":[["n11368300696",1,3],["n11368300693",2,3],["n11368300689",2,2],["n7944686237",2,1],["n7944685834",2,0],["n7944685774",3,2],["n7944687085",4,2],["n11371112354",1,2],["n11369581746",0,2]],"stats":{"hvBefore":4,"hvAfter":8,"segs":8,"verts":9,"moved":3,"lineMoved":1,"gatherMoved":0,"rounds":2,"roundCap":200,"converged":true,"fromCols":9,"fromRows":9,"cols":5,"rows":4},"cols":5,"rows":4},"sat":{"cellAfter":[["n11368300696",1,2],["n11368300693",2,2],["n11368300689",2,1],["n7944686237",2,0],["n7944685834",3,0],["n7944685774",4,1],["n7944687085",4,0],["n11371112354",1,1],["n11369581746",0,1]],"stats":{"hvBefore":5,"hvAfter":8,"segs":8,"verts":9,"moved":2,"lineMoved":1,"gatherMoved":0,"rounds":2,"roundCap":200,"converged":true,"fromCols":9,"fromRows":9,"cols":5,"rows":3},"cols":5,"rows":3}},