{"algo":"hccells-v4","fingerprint":"19a4id9:rg1.15","cityId":"as-iri-isfahan","variant":"rot","shapelike":false,"hc":{"cellAfter":[["n7694192090",0,5],["n4020260595",1,4],["n4020260791",2,3],["n3690028835",3,0],["n3690028870",4,2],["n3787736362",5,1]],"stats":{"verts":6,"segs":5,"hvAfter":0,"ms":0,"base":"grid"}},"posts":{"stroke":{"cellAfter":[["n7694192090",2,4],["n4020260595",3,3],["n4020260791",2,3],["n3690028870",2,2],["n3787736362",1,2],["n3690028835",2,1]],"stats":{"hvBefore":0,"hvAfter":3,"hvdBefore":5,"hvdAfter":5,"segs":5,"verts":6,"moved":5,"passes":40,"reverted":false,"proposed":4,"revertedN":0,"batches":1,"strokes":1,"substrokes":1,"rounds":0,"clusterMoves":0,"groupsH":0,"groupsV":0,"comps":0,"fallback":0,"iters":20,"iterCap":20,"converged":false}},"rect":{"cellAfter":[["n7694192090",3,3],["n4020260595",4,3],["n4020260791",5,3],["n3690028870",5,2],["n3787736362",5,1],["n3690028835",5,0]],"stats":{"before":280631.95129875134,"after":94785.85479958868,"rounds":3,"moved":5,"clusterMoves":1,"idealHop":1,"verts":6,"segs":5,"hvBefore":0,"hvAfter":5,"groupsH":0,"groupsV":0,"comps":0,"fallback":0,"passes":0,"reverted":false,"iters":2,"iterCap":20,"converged":true}},"milp":{"cellAfter":[["n7694192090",0,5],["n4020260595",0,4],["n4020260791",2,4],["n3690028870",5,2],["n3787736362",5,1],["n3690028835",5,0]],"stats":{"hvBefore":0,"hvAfter":4,"hvdBefore":4,"hvdAfter":4,"segs":5,"verts":6,"moved":4,"passes":4,"reverted":true,"proposed":3,"comps":2,"fallback":0,"rounds":0,"clusterMoves":0,"groupsH":0,"groupsV":0,"iters":2,"iterCap":20,"converged":true}},"force":{"cellAfter":[["n7694192090",0,5],["n4020260595",1,4],["n4020260791",2,3],["n3690028870",4,2],["n3787736362",5,1],["n3690028835",5,0]],"stats":{"hvBefore":0,"hvAfter":1,"hvdBefore":4,"hvdAfter":4,"segs":5,"verts":6,"moved":1,"passes":2,"reverted":false,"proposed":6,"revertedN":2,"batches":6,"rounds":80,"clusterMoves":0,"groupsH":0,"groupsV":0,"comps":0,"fallback":0,"iters":2,"iterCap":20,"converged":true}},"lsq":{"cellAfter":[["n7694192090",0,5],["n4020260595",1,4],["n4020260791",2,3],["n3690028870",4,1],["n3787736362",5,1],["n3690028835",3,0]],"stats":{"hvBefore":0,"hvAfter":1,"hvdBefore":4,"hvdAfter":4,"segs":5,"verts":6,"moved":1,"passes":3,"reverted":false,"proposed":0,"rounds":120,"clusterMoves":0,"groupsH":0,"groupsV":0,"comps":0,"fallback":0,"iters":2,"iterCap":20,"converged":true}},"octi":{"cellAfter":[["n7694192090",0,5],["n4020260595",1,4],["n4020260791",2,3],["n3690028870",4,2],["n3787736362",5,1],["n3690028835",3,0]],"stats":{"hvBefore":0,"hvAfter":0,"hvdBefore":3,"hvdAfter":3,"segs":5,"verts":6,"moved":0,"passes":0,"reverted":false,"proposed":5,"revertedN":4,"batches":6,"settled":6,"rounds":0,"clusterMoves":0,"groupsH":0,"groupsV":0,"comps":0,"fallback":0,"iters":1,"iterCap":20,"converged":true}},"path":{"cellAfter":[["n7694192090",0,5],["n4020260595",1,4],["n4020260791",1,3],["n3690028870",3,1],["n3787736362",4,0],["n3690028835",3,0]],"stats":{"hvBefore":0,"hvAfter":2,"hvdBefore":5,"hvdAfter":5,"segs":5,"verts":6,"moved":3,"passes":2,"reverted":false,"proposed":0,"revertedN":0,"batches":1,"chains":1,"links":1,"rounds":0,"clusterMoves":0,"groupsH":0,"groupsV":0,"comps":0,"fallback":0,"iters":2,"iterCap":20,"converged":true}},"sat":{"cellAfter":[["n7694192090",0,5],["n4020260595",0,4],["n4020260791",2,4],["n3690028870",5,2],["n3787736362",5,1],["n3690028835",5,0]],"stats":{"hvBefore":0,"hvAfter":4,"hvdBefore":4,"hvdAfter":4,"segs":5,"verts":6,"moved":4,"passes":4,"reverted":true,"proposed":3,"comps":2,"fallback":0,"rounds":0,"clusterMoves":0,"groupsH":0,"groupsV":0,"iters":2,"iterCap":20,"converged":true}}},"layouts":{},"loops":{"hc":{"cellAfter":[["n7694192090",0,1],["n4020260595",1,1],["n4020260791",2,1],["n3690028870",3,1],["n3787736362",3,0],["n3690028835",2,0]],"stats":{"hvBefore":0,"hvAfter":5,"segs":5,"verts":6,"moved":5,"lineMoved":0,"gatherMoved":1,"rounds":2,"roundCap":200,"converged":true,"fromCols":6,"fromRows":6,"cols":4,"rows":2},"cols":4,"rows":2},"stroke":{"cellAfter":[["n7694192090",2,3],["n4020260595",2,2],["n4020260791",1,2],["n3690028870",1,1],["n3787736362",0,1],["n3690028835",0,0]],"stats":{"hvBefore":3,"hvAfter":5,"segs":5,"verts":6,"moved":2,"lineMoved":0,"gatherMoved":0,"rounds":2,"roundCap":200,"converged":true,"fromCols":6,"fromRows":6,"cols":3,"rows":4},"cols":3,"rows":4},"rect":{"cellAfter":[["n7694192090",0,3],["n4020260595",1,3],["n4020260791",2,3],["n3690028870",2,2],["n3787736362",2,1],["n3690028835",2,0]],"stats":{"hvBefore":5,"hvAfter":5,"segs":5,"verts":6,"moved":0,"lineMoved":0,"gatherMoved":0,"rounds":1,"roundCap":200,"converged":true,"fromCols":6,"fromRows":6,"cols":3,"rows":4},"cols":3,"rows":4},"milp":{"cellAfter":[["n7694192090",0,3],["n4020260595",0,2],["n4020260791",1,2],["n3690028870",2,2],["n3787736362",2,1],["n3690028835",2,0]],"stats":{"hvBefore":4,"hvAfter":5,"segs":5,"verts":6,"moved":1,"lineMoved":0,"gatherMoved":0,"rounds":2,"roundCap":200,"converged":true,"fromCols":6,"fromRows":6,"cols":3,"rows":4},"cols":3,"rows":4},"force":{"cellAfter":[["n7694192090",0,5],["n4020260595",0,4],["n4020260791",0,3],["n3690028870",0,2],["n3787736362",0,1],["n3690028835",0,0]],"stats":{"hvBefore":1,"hvAfter":5,"segs":5,"verts":6,"moved":3,"lineMoved":1,"gatherMoved":0,"rounds":2,"roundCap":200,"converged":true,"fromCols":6,"fromRows":6,"cols":1,"rows":6},"cols":1,"rows":6},"lsq":{"cellAfter":[["n7694192090",0,4],["n4020260595",0,3],["n4020260791",0,2],["n3690028870",0,1],["n3787736362",1,1],["n3690028835",1,0]],"stats":{"hvBefore":1,"hvAfter":5,"segs":5,"verts":6,"moved":5,"lineMoved":0,"gatherMoved":0,"rounds":2,"roundCap":200,"converged":true,"fromCols":6,"fromRows":6,"cols":2,"rows":5},"cols":2,"rows":5},"octi":{"cellAfter":[["n7694192090",0,1],["n4020260595",1,1],["n4020260791",2,1],["n3690028870",3,1],["n3787736362",3,0],["n3690028835",2,0]],"stats":{"hvBefore":0,"hvAfter":5,"segs":5,"verts":6,"moved":5,"lineMoved":0,"gatherMoved":1,"rounds":2,"roundCap":200,"converged":true,"fromCols":6,"fromRows":6,"cols":4,"rows":2},"cols":4,"rows":2},"path":{"cellAfter":[["n7694192090",0,3],["n4020260595",1,3],["n4020260791",1,2],["n3690028870",1,1],["n3787736362",2,1],["n3690028835",2,0]],"stats":{"hvBefore":2,"hvAfter":5,"segs":5,"verts":6,"moved":4,"lineMoved":0,"gatherMoved":0,"rounds":2,"roundCap":200,"converged":true,"fromCols":6,"fromRows":6,"cols":3,"rows":4},"cols":3,"rows":4},"sat":{"cellAfter":[["n7694192090",0,3],["n4020260595",0,2],["n4020260791",1,2],["n3690028870",2,2],["n3787736362",2,1],["n3690028835",2,0]],"stats":{"hvBefore":4,"hvAfter":5,"segs":5,"verts":6,"moved":1,"lineMoved":0,"gatherMoved":0,"rounds":2,"roundCap":200,"converged":true,"fromCols":6,"fromRows":6,"cols":3,"rows":4},"cols":3,"rows":4}},"endp":{"hc":{"cellAfter":[["n7694192090",0,3],["n4020260595",1,3],["n4020260791",1,2],["n3690028870",1,1],["n3787736362",2,1],["n3690028835",2,0]],"stats":{"hvBefore":0,"hvAfter":5,"segs":5,"verts":6,"moved":7,"movedPts":7,"movedLines":0,"converged":true,"fromCols":6,"fromRows":6,"cols":3,"rows":4},"cols":3,"rows":4},"stroke":{"cellAfter":[["n7694192090",2,3],["n4020260595",2,2],["n4020260791",1,2],["n3690028870",1,1],["n3787736362",0,1],["n3690028835",0,0]],"stats":{"hvBefore":3,"hvAfter":5,"segs":5,"verts":6,"moved":2,"movedPts":2,"movedLines":0,"converged":true,"fromCols":3,"fromRows":4,"cols":3,"rows":4},"cols":3,"rows":4},"rect":{"cellAfter":[["n7694192090",0,3],["n4020260595",1,3],["n4020260791",2,3],["n3690028870",2,2],["n3787736362",2,1],["n3690028835",2,0]],"stats":{"hvBefore":5,"hvAfter":5,"segs":5,"verts":6,"moved":0,"movedPts":0,"movedLines":0,"converged":true,"fromCols":3,"fromRows":4,"cols":3,"rows":4},"cols":3,"rows":4},"milp":{"cellAfter":[["n7694192090",0,3],["n4020260595",0,2],["n4020260791",1,2],["n3690028870",2,2],["n3787736362",2,1],["n3690028835",2,0]],"stats":{"hvBefore":4,"hvAfter":5,"segs":5,"verts":6,"moved":1,"movedPts":1,"movedLines":0,"converged":true,"fromCols":3,"fromRows":5,"cols":3,"rows":4},"cols":3,