{"algo":"hccells-v4","fingerprint":"zqjc2q:rg1.15","cityId":"as-iri-shiraz","variant":"orig","shapelike":false,"hc":{"cellAfter":[["n815622281",0,0],["n815613519",1,1],["n3893392193",2,6],["n3893392187",3,4],["n3893392082",4,2],["n306435241",5,3],["n306435238",6,5],["n306435235",7,7]],"stats":{"verts":8,"segs":7,"hvAfter":0,"ms":0,"base":"grid"}},"posts":{"stroke":{"cellAfter":[["n815622281",3,1],["n815613519",3,2],["n3893392082",4,2],["n306435241",5,2],["n306435238",5,3],["n306435235",6,4],["n3893392187",4,3],["n3893392193",5,4]],"stats":{"hvBefore":0,"hvAfter":5,"hvdBefore":7,"hvdAfter":7,"segs":7,"verts":8,"moved":7,"passes":52,"reverted":false,"proposed":7,"revertedN":0,"batches":2,"strokes":2,"substrokes":2,"rounds":0,"clusterMoves":0,"groupsH":0,"groupsV":0,"comps":0,"fallback":0,"iters":20,"iterCap":20,"converged":false}},"rect":{"cellAfter":[["n815622281",0,3],["n815613519",1,4],["n3893392082",2,5],["n306435241",4,5],["n306435238",6,5],["n306435235",7,5],["n3893392187",2,6],["n3893392193",2,7]],"stats":{"before":299250.3977602951,"after":87344.19212611941,"rounds":4,"moved":7,"clusterMoves":1,"idealHop":1,"verts":8,"segs":7,"hvBefore":0,"hvAfter":5,"groupsH":0,"groupsV":0,"comps":0,"fallback":0,"passes":0,"reverted":false,"iters":2,"iterCap":20,"converged":true}},"milp":{"cellAfter":[["n815622281",0,0],["n815613519",1,0],["n3893392082",3,2],["n306435241",6,5],["n306435238",7,5],["n306435235",7,7],["n3893392187",1,4],["n3893392193",0,6]],"stats":{"hvBefore":0,"hvAfter":3,"hvdBefore":6,"hvdAfter":6,"segs":7,"verts":8,"moved":6,"passes":4,"reverted":false,"proposed":2,"comps":2,"fallback":0,"rounds":0,"clusterMoves":0,"groupsH":0,"groupsV":0,"iters":2,"iterCap":20,"converged":true}},"force":{"cellAfter":[["n815622281",0,0],["n815613519",1,1],["n3893392082",4,2],["n306435241",5,3],["n306435238",7,3],["n306435235",7,5],["n3893392187",3,2],["n3893392193",2,6]],"stats":{"hvBefore":0,"hvAfter":3,"hvdBefore":5,"hvdAfter":5,"segs":7,"verts":8,"moved":3,"passes":6,"reverted":false,"proposed":8,"revertedN":3,"batches":8,"rounds":80,"clusterMoves":0,"groupsH":0,"groupsV":0,"comps":0,"fallback":0,"iters":2,"iterCap":20,"converged":true}},"lsq":{"cellAfter":[["n815622281",0,1],["n815613519",1,2],["n3893392082",5,2],["n306435241",5,3],["n306435238",7,5],["n306435235",7,6],["n3893392187",3,4],["n3893392193",1,6]],"stats":{"hvBefore":0,"hvAfter":3,"hvdBefore":7,"hvdAfter":7,"segs":7,"verts":8,"moved":6,"passes":3,"reverted":false,"proposed":0,"rounds":120,"clusterMoves":0,"groupsH":0,"groupsV":0,"comps":0,"fallback":0,"iters":2,"iterCap":20,"converged":true}},"octi":{"cellAfter":[["n815622281",0,0],["n815613519",1,1],["n3893392082",4,2],["n306435241",5,3],["n306435238",6,4],["n306435235",6,7],["n3893392187",4,4],["n3893392193",2,6]],"stats":{"hvBefore":0,"hvAfter":2,"hvdBefore":6,"hvdAfter":6,"segs":7,"verts":8,"moved":3,"passes":6,"reverted":false,"proposed":1,"revertedN":1,"batches":8,"settled":8,"rounds":0,"clusterMoves":0,"groupsH":0,"groupsV":0,"comps":0,"fallback":0,"iters":2,"iterCap":20,"converged":true}},"path":{"cellAfter":[["n815622281",0,0],["n815613519",1,1],["n3893392082",3,2],["n306435241",4,4],["n306435238",6,6],["n306435235",7,7],["n3893392187",3,4],["n3893392193",3,6]],"stats":{"hvBefore":0,"hvAfter":2,"hvdBefore":5,"hvdAfter":5,"segs":7,"verts":8,"moved":4,"passes":4,"reverted":false,"proposed":2,"revertedN":0,"batches":2,"chains":2,"links":2,"rounds":0,"clusterMoves":0,"groupsH":0,"groupsV":0,"comps":0,"fallback":0,"iters":2,"iterCap":20,"converged":true}},"sat":{"cellAfter":[["n815622281",0,0],["n815613519",1,0],["n3893392082",3,2],["n306435241",6,5],["n306435238",7,5],["n306435235",7,7],["n3893392187",1,4],["n3893392193",0,6]],"stats":{"hvBefore":0,"hvAfter":3,"hvdBefore":6,"hvdAfter":6,"segs":7,"verts":8,"moved":6,"passes":4,"reverted":false,"proposed":2,"comps":2,"fallback":0,"rounds":0,"clusterMoves":0,"groupsH":0,"groupsV":0,"iters":2,"iterCap":20,"converged":true}}},"layouts":{},"loops":{"hc":{"cellAfter":[["n815622281",0,0],["n815613519",0,1],["n3893392082",1,1],["n306435241",2,1],["n306435238",2,2],["n306435235",2,3],["n3893392187",1,3],["n3893392193",0,3]],"stats":{"hvBefore":0,"hvAfter":7,"segs":7,"verts":8,"moved":6,"lineMoved":4,"gatherMoved":0,"rounds":2,"roundCap":200,"converged":true,"fromCols":8,"fromRows":8,"cols":3,"rows":4},"cols":3,"rows":4},"stroke":{"cellAfter":[["n815622281",0,0],["n815613519",0,1],["n3893392082",1,1],["n306435241",2,1],["n306435238",2,2],["n306435235",3,2],["n3893392187",1,3],["n3893392193",2,3]],"stats":{"hvBefore":5,"hvAfter":7,"segs":7,"verts":8,"moved":2,"lineMoved":0,"gatherMoved":0,"rounds":2,"roundCap":200,"converged":true,"fromCols":8,"fromRows":8,"cols":4,"rows":4},"cols":4,"rows":4},"rect":{"cellAfter":[["n815622281",0,0],["n815613519",1,0],["n3893392082",2,0],["n306435241",3,0],["n306435238",4,0],["n306435235",5,0],["n3893392187",2,1],["n3893392193",2,2]],"stats":{"hvBefore":5,"hvAfter":7,"segs":7,"verts":8,"moved":2,"lineMoved":0,"gatherMoved":0,"rounds":2,"roundCap":200,"converged":true,"fromCols":8,"fromRows":8,"cols":6,"rows":3},"cols":6,"rows":3},"milp":{"cellAfter":[["n815622281",0,0],["n815613519",1,0],["n3893392082",2,0],["n306435241",2,1],["n306435238",3,1],["n306435235",3,2],["n3893392187",0,1],["n3893392193",0,2]],"stats":{"hvBefore":3,"hvAfter":6,"segs":7,"verts":8,"moved":5,"lineMoved":1,"gatherMoved":0,"rounds":2,"roundCap":200,"converged":true,"fromCols":8,"fromRows":8,"cols":4,"rows":3},"cols":4,"rows":3},"force":{"cellAfter":[["n815622281",1,0],["n815613519",1,1],["n3893392082",1,2],["n306435241",1,3],["n306435238",2,3],["n306435235",2,4],["n3893392187",0,2],["n3893392193",0,3]],"stats":{"hvBefore":3,"hvAfter":7,"segs":7,"verts":8,"moved":5,"lineMoved":2,"gatherMoved":0,"rounds":3,"roundCap":200,"converged":true,"fromCols":8,"fromRows":8,"cols":3,"rows":5},"cols":3,"rows":5},"lsq":{"cellAfter":[["n815622281",0,0],["n815613519",0,1],["n3893392082",1,1],["n306435241",1,2],["n306435238",1,3],["n306435235",1,4],["n3893392187",0,2],["n3893392193",0,3]],"stats":{"hvBefore":3,"hvAfter":6,"segs":7,"verts":8,"moved":5,"lineMoved":1,"gatherMoved":1,"rounds":2,"roundCap":200,"converged":true,"fromCols":8,"fromRows":8,"cols":2,"rows":5},"cols":2,"rows":5},"octi":{"cellAfter":[["n815622281",0,0],["n815613519",1,0],["n3893392082",2,0],["n306435241",3,0],["n306435238",4,0],["n306435235",4,1],["n3893392187",2,1],["n3893392193",1,1]],"stats":{"hvBefore":2,"hvAfter":7,"segs":7,"verts":8,"moved":6,"lineMoved":0,"gatherMoved":1,"rounds":2,"roundCap":200,"converged":true,"fromCols":8,"fromRows":8,"cols":5,"rows":2},"cols":5,"rows":2},"path":{"cellAfter":[["n815622281",0,0],["n815613519",0,1],["n3893392082",1,1],["n306435241",2,1],["n306435238",3,1],["n306435235",3,2],["n3893392187",1,2],["n3893392193",1,3]],"stats":{"hvBefore":2,"hvAfter":7,"segs":7,"verts":8,"moved":5,"lineMoved":1,"gatherMoved":1,"rounds":3,"roundCap":200,"converged":true,"fromCols":8,"fromRows":8,"cols":4,"rows":4},"cols":4,"rows":4},"sat":{"cellAfter":[["n815622281",0,0],["n815613519",1,0],["n3893392082",2,0],["n306435241",2,1],["n306435238",3,1],["n306435235",3,2],["n3893392187",0,1],["n3893392193",0,2]],"stats":{"hvBefore":3,"hvAfter":6,"segs":7,"verts":8,"moved":5,"lineMoved":1,"gatherMoved":0,"rounds":2,"roundCap":200,"converged":true,"fromCols":8,"fromRows":8,"cols":4,"rows":3},"cols":4,"rows":3}},"endp":{"hc":{"cellAfter":[["n815622281",0,0],["n815613519",0,1],["n3893392082",1,1],["n306435241",2,1],["n306435238",2,3],["n306435235",2,4],["n3893392187",1,2],["n3893392193",1,3]],"stats":{"hvBefore":0,"hvAfter":7,"segs":7,"verts":8,"moved":12,"movedPts":12,"movedLines":0,"converged":true,"fromCols":8,"fromRows":8,"cols":3,"rows":5},"cols":3,"rows":5},"stroke":{"cellAfter":[["n815622281",0,0],["n815613519",0,1],["n3893392082",1,1],["n306435241",2,1],["n306435238",2,2],["n306435235",3,2],["n3893392187",1,3],["n3893392193",2,3]],"stats":{"hvBefore":5,"hvAfter":7,"segs":7,"verts":8,"moved":2,"movedPts":2,"movedLines":0,