{"algo":"hccells-v8","fingerprint":"19a4id9:rg1.15","cityId":"as-iri-isfahan","variant":"orig","shapelike":false,"hc":{"cellAfter":[["n3690028835",0,0],["n4020260595",1,4],["n3787736362",2,1],["n4020260791",3,3],["n3690028870",4,2],["n7694192090",5,5]],"stats":{"verts":6,"segs":5,"hvAfter":0,"ms":0,"base":"grid"}},"posts":{"stroke":{"cellAfter":[["n7694192090",5,5],["n4020260595",1,3],["n4020260791",3,3],["n3690028870",4,3],["n3787736362",2,1],["n3690028835",0,0]],"stats":{"hvBefore":0,"hvAfter":2,"hvdBefore":3,"hvdAfter":3,"segs":5,"verts":6,"moved":2,"passes":2,"reverted":false,"proposed":6,"revertedN":0,"batches":1,"strokes":1,"substrokes":1,"rounds":0,"clusterMoves":0,"groupsH":0,"groupsV":0,"comps":0,"fallback":0,"iters":2,"iterCap":20,"converged":true}},"rect":{"cellAfter":[["n7694192090",3,5],["n4020260595",3,4],["n4020260791",3,3],["n3690028870",3,2],["n3787736362",3,1],["n3690028835",3,0]],"stats":{"before":387538.7630787093,"after":192.500000000017,"rounds":4,"moved":5,"clusterMoves":0,"idealHop":1,"verts":6,"segs":5,"hvBefore":0,"hvAfter":5,"groupsH":0,"groupsV":0,"comps":0,"fallback":0,"passes":0,"reverted":false,"iters":2,"iterCap":20,"converged":true}},"milp":{"cellAfter":[["n7694192090",5,5],["n4020260595",3,5],["n4020260791",3,4],["n3690028870",3,0],["n3787736362",1,0],["n3690028835",0,0]],"stats":{"hvBefore":0,"hvAfter":5,"hvdBefore":5,"hvdAfter":5,"segs":5,"verts":6,"moved":4,"passes":5,"reverted":true,"proposed":4,"comps":2,"fallback":0,"rounds":0,"clusterMoves":0,"groupsH":0,"groupsV":0,"iters":2,"iterCap":20,"converged":true}},"force":{"cellAfter":[["n7694192090",5,5],["n4020260595",3,4],["n4020260791",3,3],["n3690028870",4,2],["n3787736362",4,0],["n3690028835",2,0]],"stats":{"hvBefore":0,"hvAfter":3,"hvdBefore":4,"hvdAfter":4,"segs":5,"verts":6,"moved":3,"passes":6,"reverted":false,"proposed":6,"revertedN":1,"batches":6,"rounds":80,"clusterMoves":0,"groupsH":0,"groupsV":0,"comps":0,"fallback":0,"iters":2,"iterCap":20,"converged":true}},"lsq":{"cellAfter":[["n7694192090",5,5],["n4020260595",1,5],["n4020260791",3,3],["n3690028870",2,3],["n3787736362",2,1],["n3690028835",0,0]],"stats":{"hvBefore":0,"hvAfter":3,"hvdBefore":4,"hvdAfter":4,"segs":5,"verts":6,"moved":2,"passes":5,"reverted":false,"proposed":0,"rounds":180,"clusterMoves":0,"groupsH":0,"groupsV":0,"comps":0,"fallback":0,"iters":3,"iterCap":20,"converged":true}},"octi":{"cellAfter":[["n7694192090",5,4],["n4020260595",1,4],["n4020260791",3,3],["n3690028870",4,2],["n3787736362",2,0],["n3690028835",0,0]],"stats":{"hvBefore":0,"hvAfter":2,"hvdBefore":4,"hvdAfter":4,"segs":5,"verts":6,"moved":2,"passes":4,"reverted":false,"proposed":0,"revertedN":0,"batches":6,"settled":6,"rounds":0,"clusterMoves":0,"groupsH":0,"groupsV":0,"comps":0,"fallback":0,"iters":2,"iterCap":20,"converged":true}},"path":{"cellAfter":[["n7694192090",5,5],["n4020260595",3,4],["n4020260791",3,3],["n3690028870",3,2],["n3787736362",2,2],["n3690028835",0,0]],"stats":{"hvBefore":0,"hvAfter":3,"hvdBefore":4,"hvdAfter":4,"segs":5,"verts":6,"moved":3,"passes":2,"reverted":false,"proposed":2,"revertedN":0,"batches":1,"chains":1,"links":1,"rounds":0,"clusterMoves":0,"groupsH":0,"groupsV":0,"comps":0,"fallback":0,"iters":2,"iterCap":20,"converged":true}},"sat":{"cellAfter":[["n7694192090",5,5],["n4020260595",3,5],["n4020260791",3,4],["n3690028870",3,0],["n3787736362",1,0],["n3690028835",0,0]],"stats":{"hvBefore":0,"hvAfter":5,"hvdBefore":5,"hvdAfter":5,"segs":5,"verts":6,"moved":4,"passes":5,"reverted":true,"proposed":4,"comps":2,"fallback":0,"rounds":0,"clusterMoves":0,"groupsH":0,"groupsV":0,"iters":2,"iterCap":20,"converged":true}}},"layouts":{},"loops":{"hc":{"cellAfter":[["n7694192090",3,2],["n4020260595",2,2],["n4020260791",2,1],["n3690028870",2,0],["n3787736362",1,0],["n3690028835",0,0]],"stats":{"hvBefore":0,"hvAfter":5,"segs":5,"verts":6,"moved":4,"lineMoved":0,"gatherMoved":0,"rounds":2,"roundCap":200,"converged":true,"fromCols":6,"fromRows":6,"cols":4,"rows":3,"emptyCols":[],"emptyRows":[],"dense":true},"cols":4,"rows":3},"stroke":{"cellAfter":[["n7694192090",3,2],["n4020260595",2,2],["n4020260791",2,1],["n3690028870",2,0],["n3787736362",1,0],["n3690028835",0,0]],"stats":{"hvBefore":2,"hvAfter":5,"segs":5,"verts":6,"moved":4,"lineMoved":0,"gatherMoved":0,"rounds":2,"roundCap":200,"converged":true,"fromCols":6,"fromRows":6,"cols":4,"rows":3,"emptyCols":[],"emptyRows":[],"dense":true},"cols":4,"rows":3},"rect":{"cellAfter":[["n7694192090",0,5],["n4020260595",0,4],["n4020260791",0,3],["n3690028870",0,2],["n3787736362",0,1],["n3690028835",0,0]],"stats":{"hvBefore":5,"hvAfter":5,"segs":5,"verts":6,"moved":0,"lineMoved":0,"gatherMoved":0,"rounds":1,"roundCap":200,"converged":true,"fromCols":6,"fromRows":6,"cols":1,"rows":6,"emptyCols":[],"emptyRows":[],"dense":true},"cols":1,"rows":6},"milp":{"cellAfter":[["n7694192090",3,2],["n4020260595",2,2],["n4020260791",2,1],["n3690028870",2,0],["n3787736362",1,0],["n3690028835",0,0]],"stats":{"hvBefore":5,"hvAfter":5,"segs":5,"verts":6,"moved":0,"lineMoved":0,"gatherMoved":0,"rounds":1,"roundCap":200,"converged":true,"fromCols":6,"fromRows":6,"cols":4,"rows":3,"emptyCols":[],"emptyRows":[],"dense":true},"cols":4,"rows":3},"force":{"cellAfter":[["n7694192090",1,2],["n4020260595",0,2],["n4020260791",0,1],["n3690028870",1,1],["n3787736362",1,0],["n3690028835",0,0]],"stats":{"hvBefore":3,"hvAfter":5,"segs":5,"verts":6,"moved":4,"lineMoved":0,"gatherMoved":0,"rounds":2,"roundCap":200,"converged":true,"fromCols":6,"fromRows":6,"cols":2,"rows":3,"emptyCols":[],"emptyRows":[],"dense":true},"cols":2,"rows":3},"lsq":{"cellAfter":[["n7694192090",3,2],["n4020260595",2,2],["n4020260791",2,1],["n3690028870",1,1],["n3787736362",1,0],["n3690028835",0,0]],"stats":{"hvBefore":3,"hvAfter":5,"segs":5,"verts":6,"moved":3,"lineMoved":0,"gatherMoved":0,"rounds":2,"roundCap":200,"converged":true,"fromCols":6,"fromRows":6,"cols":4,"rows":3,"emptyCols":[],"emptyRows":[],"dense":true},"cols":4,"rows":3},"octi":{"cellAfter":[["n7694192090",3,2],["n4020260595",2,2],["n4020260791",2,1],["n3690028870",2,0],["n3787736362",1,0],["n3690028835",0,0]],"stats":{"hvBefore":2,"hvAfter":5,"segs":5,"verts":6,"moved":4,"lineMoved":0,"gatherMoved":0,"rounds":2,"roundCap":200,"converged":true,"fromCols":6,"fromRows":6,"cols":4,"rows":3,"emptyCols":[],"emptyRows":[],"dense":true},"cols":4,"rows":3},"path":{"cellAfter":[["n7694192090",3,2],["n4020260595",2,2],["n4020260791",2,1],["n3690028870",2,0],["n3787736362",1,0],["n3690028835",0,0]],"stats":{"hvBefore":3,"hvAfter":5,"segs":5,"verts":6,"moved":2,"lineMoved":0,"gatherMoved":0,"rounds":2,"roundCap":200,"converged":true,"fromCols":6,"fromRows":6,"cols":4,"rows":3,"emptyCols":[],"emptyRows":[],"dense":true},"cols":4,"rows":3},"sat":{"cellAfter":[["n7694192090",3,2],["n4020260595",2,2],["n4020260791",2,1],["n3690028870",2,0],["n3787736362",1,0],["n3690028835",0,0]],"stats":{"hvBefore":5,"hvAfter":5,"segs":5,"verts":6,"moved":0,"lineMoved":0,"gatherMoved":0,"rounds":1,"roundCap":200,"converged":true,"fromCols":6,"fromRows":6,"cols":4,"rows":3,"emptyCols":[],"emptyRows":[],"dense":true},"cols":4,"rows":3}},"endp":{"hc":{"cellAfter":[["n7694192090",3,2],["n4020260595",2,2],["n4020260791",2,1],["n3690028870",2,0],["n3787736362",1,0],["n3690028835",0,0]],"stats":{"hvBefore":0,"hvAfter":5,"segs":5,"verts":6,"moved":4,"movedPts":4,"movedLines":0,"converged":true,"fromCols":6,"fromRows":6,"cols":4,"rows":3},"cols":4,"rows":3},"stroke":{"cellAfter":[["n7694192090",3,2],["n4020260595",2,2],["n4020260791",2,1],["n3690028870",2,0],["n3787736362",1,0],["n3690028835",0,0]],"stats":{"hvBefore":2,"hvAfter":5,"segs":5,"verts":6,"moved":4,"movedPts":4,"movedLines":0,"converged":true,"fromCols":6,"fromRows":4,"cols":4,"rows":3},"cols":4,"rows":3},"rect":{"cellAfter":[["n7694192090",0,5],["n4020260595",0,4],["n4020260791",0,3],["n3690028870",0,2],["n3787736362",0,1],["n3690028835",0,0]],"stats":{"hvBefore":5,"hvAfter":5,"segs":5,"verts":6,"moved":0,"movedPts":0,"movedLines":0,