{"algo":"hccells-v4","fingerprint":"m4l591:rg1.15","cityId":"as-ind-gurgaon","variant":"orig","shapelike":false,"hc":{"cellAfter":[["n1988848864",0,2],["n13289640468",1,1],["n1988848882",2,3],["n2533456421",3,0],["n3181132346",4,4],["n3953773598",5,5]],"stats":{"verts":6,"segs":10,"hvAfter":0,"ms":0,"base":"grid"}},"posts":{"stroke":{"cellAfter":[["n3953773598",3,3],["n3181132346",3,4],["n1988848882",2,3],["n1988848864",1,3],["n13289640468",1,2],["n2533456421",2,2]],"stats":{"hvBefore":0,"hvAfter":9,"hvdBefore":10,"hvdAfter":10,"segs":10,"verts":6,"moved":5,"passes":18,"reverted":false,"proposed":5,"revertedN":0,"batches":2,"strokes":1,"substrokes":2,"rounds":0,"clusterMoves":0,"groupsH":0,"groupsV":0,"comps":0,"fallback":0,"iters":7,"iterCap":20,"converged":true}},"rect":{"cellAfter":[["n3953773598",4,5],["n3181132346",3,4],["n1988848882",2,3],["n1988848864",0,3],["n13289640468",0,0],["n2533456421",2,0]],"stats":{"before":1041505.3919062597,"after":783684.1113168591,"rounds":3,"moved":5,"clusterMoves":1,"idealHop":2,"verts":6,"segs":10,"hvBefore":0,"hvAfter":8,"groupsH":0,"groupsV":0,"comps":0,"fallback":0,"passes":0,"reverted":false,"iters":2,"iterCap":20,"converged":true}},"milp":{"cellAfter":[["n3953773598",5,5],["n3181132346",4,3],["n1988848882",2,3],["n1988848864",0,1],["n13289640468",2,2],["n2533456421",3,2]],"stats":{"hvBefore":0,"hvAfter":3,"hvdBefore":7,"hvdAfter":7,"segs":10,"verts":6,"moved":4,"passes":6,"reverted":true,"proposed":5,"comps":3,"fallback":0,"rounds":0,"clusterMoves":0,"groupsH":0,"groupsV":0,"iters":3,"iterCap":20,"converged":true}},"force":{"cellAfter":[["n3953773598",5,5],["n3181132346",2,5],["n1988848882",0,3],["n1988848864",0,2],["n13289640468",0,0],["n2533456421",3,0]],"stats":{"hvBefore":0,"hvAfter":7,"hvdBefore":10,"hvdAfter":10,"segs":10,"verts":6,"moved":3,"passes":6,"reverted":false,"proposed":5,"revertedN":1,"batches":6,"rounds":120,"clusterMoves":0,"groupsH":0,"groupsV":0,"comps":0,"fallback":0,"iters":3,"iterCap":20,"converged":true}},"lsq":{"cellAfter":[["n3953773598",5,5],["n3181132346",4,5],["n1988848882",3,4],["n1988848864",1,2],["n13289640468",2,1],["n2533456421",3,0]],"stats":{"hvBefore":0,"hvAfter":3,"hvdBefore":10,"hvdAfter":10,"segs":10,"verts":6,"moved":4,"passes":3,"reverted":false,"proposed":0,"rounds":120,"clusterMoves":0,"groupsH":0,"groupsV":0,"comps":0,"fallback":0,"iters":2,"iterCap":20,"converged":true}},"octi":{"cellAfter":[["n3953773598",5,5],["n3181132346",4,4],["n1988848882",2,3],["n1988848864",0,2],["n13289640468",1,1],["n2533456421",3,0]],"stats":{"hvBefore":0,"hvAfter":0,"hvdBefore":3,"hvdAfter":3,"segs":10,"verts":6,"moved":0,"passes":0,"reverted":false,"proposed":2,"revertedN":2,"batches":5,"settled":5,"rounds":0,"clusterMoves":0,"groupsH":0,"groupsV":0,"comps":0,"fallback":0,"iters":1,"iterCap":20,"converged":true}},"path":{"cellAfter":[["n3953773598",5,5],["n3181132346",4,4],["n1988848882",2,3],["n1988848864",1,2],["n13289640468",1,1],["n2533456421",3,0]],"stats":{"hvBefore":0,"hvAfter":2,"hvdBefore":5,"hvdAfter":5,"segs":10,"verts":6,"moved":1,"passes":2,"reverted":false,"proposed":1,"revertedN":0,"batches":1,"chains":1,"links":1,"rounds":0,"clusterMoves":0,"groupsH":0,"groupsV":0,"comps":0,"fallback":0,"iters":2,"iterCap":20,"converged":true}},"sat":{"cellAfter":[["n3953773598",3,5],["n3181132346",2,4],["n1988848882",2,3],["n1988848864",2,0],["n13289640468",3,1],["n2533456421",4,1]],"stats":{"hvBefore":0,"hvAfter":5,"hvdBefore":10,"hvdAfter":10,"segs":10,"verts":6,"moved":5,"passes":7,"reverted":true,"proposed":3,"comps":3,"fallback":0,"rounds":0,"clusterMoves":0,"groupsH":0,"groupsV":0,"iters":3,"iterCap":20,"converged":true}}},"layouts":{},"loops":{"hc":{"cellAfter":[["n3953773598",1,3],["n3181132346",1,2],["n1988848882",1,1],["n1988848864",0,1],["n13289640468",0,0],["n2533456421",1,0]],"stats":{"hvBefore":0,"hvAfter":10,"segs":10,"verts":6,"moved":6,"lineMoved":0,"gatherMoved":0,"rounds":2,"roundCap":200,"converged":true,"fromCols":6,"fromRows":6,"cols":2,"rows":4},"cols":2,"rows":4},"stroke":{"cellAfter":[["n3953773598",2,0],["n3181132346",2,1],["n1988848882",1,1],["n1988848864",0,1],["n13289640468",0,0],["n2533456421",1,0]],"stats":{"hvBefore":9,"hvAfter":10,"segs":10,"verts":6,"moved":0,"lineMoved":2,"gatherMoved":0,"rounds":2,"roundCap":200,"converged":true,"fromCols":6,"fromRows":6,"cols":3,"rows":2},"cols":3,"rows":2},"rect":{"cellAfter":[["n3953773598",1,3],["n3181132346",1,2],["n1988848882",1,1],["n1988848864",0,1],["n13289640468",0,0],["n2533456421",1,0]],"stats":{"hvBefore":8,"hvAfter":10,"segs":10,"verts":6,"moved":2,"lineMoved":0,"gatherMoved":0,"rounds":2,"roundCap":200,"converged":true,"fromCols":6,"fromRows":6,"cols":2,"rows":4},"cols":2,"rows":4},"milp":{"cellAfter":[["n3953773598",3,1],["n3181132346",2,1],["n1988848882",0,1],["n1988848864",0,0],["n13289640468",1,0],["n2533456421",2,0]],"stats":{"hvBefore":3,"hvAfter":8,"segs":10,"verts":6,"moved":3,"lineMoved":0,"gatherMoved":1,"rounds":2,"roundCap":200,"converged":true,"fromCols":6,"fromRows":6,"cols":4,"rows":2},"cols":4,"rows":2},"force":{"cellAfter":[["n3953773598",2,2],["n3181132346",1,2],["n1988848882",0,2],["n1988848864",0,1],["n13289640468",0,0],["n2533456421",2,0]],"stats":{"hvBefore":7,"hvAfter":8,"segs":10,"verts":6,"moved":2,"lineMoved":0,"gatherMoved":0,"rounds":2,"roundCap":200,"converged":true,"fromCols":6,"fromRows":6,"cols":3,"rows":3},"cols":3,"rows":3},"lsq":{"cellAfter":[["n3953773598",2,2],["n3181132346",1,2],["n1988848882",1,1],["n1988848864",0,1],["n13289640468",0,0],["n2533456421",1,0]],"stats":{"hvBefore":3,"hvAfter":10,"segs":10,"verts":6,"moved":4,"lineMoved":0,"gatherMoved":0,"rounds":2,"roundCap":200,"converged":true,"fromCols":6,"fromRows":6,"cols":3,"rows":3},"cols":3,"rows":3},"octi":{"cellAfter":[["n3953773598",1,3],["n3181132346",1,2],["n1988848882",1,1],["n1988848864",0,1],["n13289640468",0,0],["n2533456421",1,0]],"stats":{"hvBefore":0,"hvAfter":10,"segs":10,"verts":6,"moved":6,"lineMoved":0,"gatherMoved":0,"rounds":2,"roundCap":200,"converged":true,"fromCols":6,"fromRows":6,"cols":2,"rows":4},"cols":2,"rows":4},"path":{"cellAfter":[["n3953773598",1,3],["n3181132346",1,2],["n1988848882",1,1],["n1988848864",0,1],["n13289640468",0,0],["n2533456421",1,0]],"stats":{"hvBefore":2,"hvAfter":10,"segs":10,"verts":6,"moved":5,"lineMoved":0,"gatherMoved":0,"rounds":2,"roundCap":200,"converged":true,"fromCols":6,"fromRows":6,"cols":2,"rows":4},"cols":2,"rows":4},"sat":{"cellAfter":[["n3953773598",1,2],["n3181132346",0,2],["n1988848882",0,1],["n1988848864",0,0],["n13289640468",1,0],["n2533456421",1,1]],"stats":{"hvBefore":5,"hvAfter":10,"segs":10,"verts":6,"moved":4,"lineMoved":1,"gatherMoved":0,"rounds":2,"roundCap":200,"converged":true,"fromCols":6,"fromRows":6,"cols":2,"rows":3},"cols":2,"rows":3}},"endp":{"hc":{"cellAfter":[["n3953773598",2,2],["n3181132346",1,2],["n1988848882",1,1],["n1988848864",0,1],["n13289640468",0,0],["n2533456421",1,0]],"stats":{"hvBefore":0,"hvAfter":10,"segs":10,"verts":6,"moved":6,"movedPts":6,"movedLines":0,"converged":true,"fromCols":6,"fromRows":6,"cols":3,"rows":3},"cols":3,"rows":3},"stroke":{"cellAfter":[["n3953773598",2,1],["n3181132346",2,2],["n1988848882",1,1],["n1988848864",0,1],["n13289640468",0,0],["n2533456421",1,0]],"stats":{"hvBefore":9,"hvAfter":9,"segs":10,"verts":6,"moved":0,"movedPts":0,"movedLines":0,"converged":true,"fromCols":3,"fromRows":3,"cols":3,"rows":3},"cols":3,"rows":3},"rect":{"cellAfter":[["n3953773598",2,2],["n3181132346",1,2],["n1988848882",1,1],["n1988848864",0,1],["n13289640468",0,0],["n2533456421",1,0]],"stats":{"hvBefore":8,"hvAfter":10,"segs":10,"verts":6,"moved":2,"movedPts":2,"movedLines":0,"converged":true,"fromCols":4,"fromRows":4,"cols":3,"rows":3},"cols":3,"rows":3},"milp":{"cellAfter":[["n3953773598",4,1],["n3181132346",3,1],["n1988848882",0,1],["n1988848864",0,0],["n13289640468",1,0],["n2533456421",2,0]],"stats":{"hvBefore":3,"hvAfter":8,"segs":10,"verts":6,"moved":3,"movedPts":3,"movedLines":0,