{"algo":"hccells-v4","fingerprint":"hb0m5z:rg1.15","cityId":"as-ind-noida","variant":"rot","shapelike":false,"hc":{"cellAfter":[["n4950923222",0,1],["n4849443432",1,3],["n4165777365",2,4],["n4165777372",3,5],["n4165778689",4,2],["n4849447792",5,0]],"stats":{"verts":6,"segs":5,"hvAfter":0,"ms":0,"base":"grid"}},"posts":{"stroke":{"cellAfter":[["n4849447792",4,2],["n4165778689",5,3],["n4165777372",3,3],["n4165777365",2,3],["n4849443432",2,4],["n4950923222",1,3]],"stats":{"hvBefore":0,"hvAfter":3,"hvdBefore":5,"hvdAfter":5,"segs":5,"verts":6,"moved":6,"passes":12,"reverted":false,"proposed":6,"revertedN":0,"batches":2,"strokes":1,"substrokes":2,"rounds":0,"clusterMoves":0,"groupsH":0,"groupsV":0,"comps":0,"fallback":0,"iters":5,"iterCap":20,"converged":true}},"rect":{"cellAfter":[["n4849447792",5,5],["n4165778689",4,5],["n4165777372",3,5],["n4165777365",2,5],["n4849443432",1,5],["n4950923222",0,5]],"stats":{"before":267253.6549395634,"after":184.16666666670065,"rounds":3,"moved":5,"clusterMoves":0,"idealHop":1,"verts":6,"segs":5,"hvBefore":0,"hvAfter":5,"groupsH":0,"groupsV":0,"comps":0,"fallback":0,"passes":0,"reverted":false,"iters":2,"iterCap":20,"converged":true}},"milp":{"cellAfter":[["n4849447792",5,0],["n4165778689",5,3],["n4165777372",5,5],["n4165777365",2,5],["n4849443432",0,3],["n4950923222",0,0]],"stats":{"hvBefore":0,"hvAfter":4,"hvdBefore":5,"hvdAfter":5,"segs":5,"verts":6,"moved":5,"passes":8,"reverted":false,"proposed":0,"comps":4,"fallback":0,"rounds":0,"clusterMoves":0,"groupsH":0,"groupsV":0,"iters":4,"iterCap":20,"converged":true}},"force":{"cellAfter":[["n4849447792",5,0],["n4165778689",5,3],["n4165777372",3,5],["n4165777365",2,4],["n4849443432",1,3],["n4950923222",0,3]],"stats":{"hvBefore":0,"hvAfter":2,"hvdBefore":5,"hvdAfter":5,"segs":5,"verts":6,"moved":2,"passes":6,"reverted":false,"proposed":6,"revertedN":0,"batches":6,"rounds":160,"clusterMoves":0,"groupsH":0,"groupsV":0,"comps":0,"fallback":0,"iters":4,"iterCap":20,"converged":true}},"lsq":{"cellAfter":[["n4849447792",5,0],["n4165778689",3,2],["n4165777372",3,5],["n4165777365",2,4],["n4849443432",2,3],["n4950923222",0,1]],"stats":{"hvBefore":0,"hvAfter":2,"hvdBefore":5,"hvdAfter":5,"segs":5,"verts":6,"moved":2,"passes":3,"reverted":false,"proposed":0,"rounds":120,"clusterMoves":0,"groupsH":0,"groupsV":0,"comps":0,"fallback":0,"iters":2,"iterCap":20,"converged":true}},"octi":{"cellAfter":[["n4849447792",5,0],["n4165778689",3,2],["n4165777372",3,5],["n4165777365",2,4],["n4849443432",1,3],["n4950923222",0,1]],"stats":{"hvBefore":0,"hvAfter":1,"hvdBefore":4,"hvdAfter":4,"segs":5,"verts":6,"moved":1,"passes":2,"reverted":false,"proposed":0,"revertedN":0,"batches":6,"settled":6,"rounds":0,"clusterMoves":0,"groupsH":0,"groupsV":0,"comps":0,"fallback":0,"iters":2,"iterCap":20,"converged":true}},"path":{"cellAfter":[["n4849447792",4,0],["n4165778689",4,2],["n4165777372",4,5],["n4165777365",3,3],["n4849443432",1,3],["n4950923222",0,3]],"stats":{"hvBefore":0,"hvAfter":4,"hvdBefore":4,"hvdAfter":4,"segs":5,"verts":6,"moved":4,"passes":4,"reverted":false,"proposed":2,"revertedN":0,"batches":1,"chains":1,"links":2,"rounds":0,"clusterMoves":0,"groupsH":0,"groupsV":0,"comps":0,"fallback":0,"iters":3,"iterCap":20,"converged":true}},"sat":{"cellAfter":[["n4849447792",5,0],["n4165778689",5,3],["n4165777372",5,5],["n4165777365",2,5],["n4849443432",0,3],["n4950923222",0,0]],"stats":{"hvBefore":0,"hvAfter":4,"hvdBefore":5,"hvdAfter":5,"segs":5,"verts":6,"moved":5,"passes":8,"reverted":false,"proposed":0,"comps":4,"fallback":0,"rounds":0,"clusterMoves":0,"groupsH":0,"groupsV":0,"iters":4,"iterCap":20,"converged":true}}},"layouts":{},"loops":{"hc":{"cellAfter":[["n4849447792",1,0],["n4165778689",1,1],["n4165777372",1,2],["n4165777365",0,2],["n4849443432",0,1],["n4950923222",0,0]],"stats":{"hvBefore":0,"hvAfter":5,"segs":5,"verts":6,"moved":8,"lineMoved":0,"gatherMoved":0,"rounds":3,"roundCap":200,"converged":true,"fromCols":6,"fromRows":6,"cols":2,"rows":3},"cols":2,"rows":3},"stroke":{"cellAfter":[["n4849447792",3,0],["n4165778689",3,1],["n4165777372",2,1],["n4165777365",1,1],["n4849443432",1,2],["n4950923222",0,2]],"stats":{"hvBefore":3,"hvAfter":5,"segs":5,"verts":6,"moved":2,"lineMoved":0,"gatherMoved":0,"rounds":2,"roundCap":200,"converged":true,"fromCols":6,"fromRows":6,"cols":4,"rows":3},"cols":4,"rows":3},"rect":{"cellAfter":[["n4849447792",5,0],["n4165778689",4,0],["n4165777372",3,0],["n4165777365",2,0],["n4849443432",1,0],["n4950923222",0,0]],"stats":{"hvBefore":5,"hvAfter":5,"segs":5,"verts":6,"moved":0,"lineMoved":0,"gatherMoved":0,"rounds":1,"roundCap":200,"converged":true,"fromCols":6,"fromRows":6,"cols":6,"rows":1},"cols":6,"rows":1},"milp":{"cellAfter":[["n4849447792",1,0],["n4165778689",1,1],["n4165777372",1,2],["n4165777365",0,2],["n4849443432",0,1],["n4950923222",0,0]],"stats":{"hvBefore":4,"hvAfter":5,"segs":5,"verts":6,"moved":1,"lineMoved":0,"gatherMoved":0,"rounds":2,"roundCap":200,"converged":true,"fromCols":6,"fromRows":6,"cols":2,"rows":3},"cols":2,"rows":3},"force":{"cellAfter":[["n4849447792",4,0],["n4165778689",4,1],["n4165777372",3,1],["n4165777365",2,1],["n4849443432",1,1],["n4950923222",0,1]],"stats":{"hvBefore":2,"hvAfter":5,"segs":5,"verts":6,"moved":2,"lineMoved":0,"gatherMoved":0,"rounds":2,"roundCap":200,"converged":true,"fromCols":6,"fromRows":6,"cols":5,"rows":2},"cols":5,"rows":2},"lsq":{"cellAfter":[["n4849447792",2,0],["n4165778689",2,1],["n4165777372",2,2],["n4165777365",1,2],["n4849443432",1,1],["n4950923222",0,1]],"stats":{"hvBefore":2,"hvAfter":5,"segs":5,"verts":6,"moved":4,"lineMoved":0,"gatherMoved":0,"rounds":2,"roundCap":200,"converged":true,"fromCols":6,"fromRows":6,"cols":3,"rows":3},"cols":3,"rows":3},"octi":{"cellAfter":[["n4849447792",2,0],["n4165778689",2,1],["n4165777372",2,2],["n4165777365",1,2],["n4849443432",1,1],["n4950923222",0,1]],"stats":{"hvBefore":1,"hvAfter":5,"segs":5,"verts":6,"moved":5,"lineMoved":0,"gatherMoved":0,"rounds":2,"roundCap":200,"converged":true,"fromCols":6,"fromRows":6,"cols":3,"rows":3},"cols":3,"rows":3},"path":{"cellAfter":[["n4849447792",3,0],["n4165778689",3,1],["n4165777372",3,2],["n4165777365",2,2],["n4849443432",1,2],["n4950923222",0,2]],"stats":{"hvBefore":4,"hvAfter":5,"segs":5,"verts":6,"moved":1,"lineMoved":0,"gatherMoved":0,"rounds":2,"roundCap":200,"converged":true,"fromCols":6,"fromRows":6,"cols":4,"rows":3},"cols":4,"rows":3},"sat":{"cellAfter":[["n4849447792",1,0],["n4165778689",1,1],["n4165777372",1,2],["n4165777365",0,2],["n4849443432",0,1],["n4950923222",0,0]],"stats":{"hvBefore":4,"hvAfter":5,"segs":5,"verts":6,"moved":1,"lineMoved":0,"gatherMoved":0,"rounds":2,"roundCap":200,"converged":true,"fromCols":6,"fromRows":6,"cols":2,"rows":3},"cols":2,"rows":3}},"endp":{"hc":{"cellAfter":[["n4849447792",3,0],["n4165778689",2,0],["n4165777372",2,2],["n4165777365",1,2],["n4849443432",1,1],["n4950923222",0,1]],"stats":{"hvBefore":0,"hvAfter":5,"segs":5,"verts":6,"moved":6,"movedPts":6,"movedLines":0,"converged":true,"fromCols":6,"fromRows":6,"cols":4,"rows":3},"cols":4,"rows":3},"stroke":{"cellAfter":[["n4849447792",3,0],["n4165778689",3,1],["n4165777372",2,1],["n4165777365",1,1],["n4849443432",1,2],["n4950923222",0,2]],"stats":{"hvBefore":3,"hvAfter":5,"segs":5,"verts":6,"moved":2,"movedPts":2,"movedLines":0,"converged":true,"fromCols":5,"fromRows":3,"cols":4,"rows":3},"cols":4,"rows":3},"rect":{"cellAfter":[["n4849447792",5,0],["n4165778689",4,0],["n4165777372",3,0],["n4165777365",2,0],["n4849443432",1,0],["n4950923222",0,0]],"stats":{"hvBefore":5,"hvAfter":5,"segs":5,"verts":6,"moved":0,"movedPts":0,"movedLines":0,"converged":true,"fromCols":6,"fromRows":1,"cols":6,"rows":1},"cols":6,"rows":1},"milp":{"cellAfter":[["n4849447792",1,0],["n4165778689",1,1],["n4165777372",1,2],["n4165777365",0,2],["n4849443432",0,1],["n4950923222",0,0]],"stats":{"hvBefore":4,"hvAfter":5,"segs":5,"verts":6,"moved":1,"movedPts":1,"movedLines":0,"converged":true,"fromCols":3,"fromRows":3,"cols":2,"rows":3},"cols":2,