{"algo":"hccells-v8","fingerprint":"vg0jgs:rg1.15","cityId":"as-ind-pune","variant":"orig","shapelike":false,"hc":{"cellAfter":[["n9572921031",0,0],["n9599243853",1,6],["n7944584963",2,1],["n9599243857",3,5],["n11097510274",4,4],["n7944597710",5,7],["n7944584984",6,3],["n11699340657",7,2]],"stats":{"verts":8,"segs":7,"hvAfter":0,"ms":0,"base":"grid"}},"posts":{"stroke":{"cellAfter":[["n11699340657",7,4],["n7944584984",6,4],["n11097510274",4,4],["n9599243857",3,4],["n9599243853",1,4],["n7944597710",4,7],["n7944584963",4,1],["n9572921031",4,0]],"stats":{"hvBefore":0,"hvAfter":7,"hvdBefore":7,"hvdAfter":7,"segs":7,"verts":8,"moved":7,"passes":7,"reverted":false,"proposed":7,"revertedN":0,"batches":2,"strokes":2,"substrokes":2,"rounds":0,"clusterMoves":0,"groupsH":0,"groupsV":0,"comps":0,"fallback":0,"iters":3,"iterCap":20,"converged":true}},"rect":{"cellAfter":[["n11699340657",7,2],["n7944584984",6,3],["n11097510274",5,4],["n9599243857",3,5],["n9599243853",1,6],["n7944597710",6,6],["n7944584963",4,3],["n9572921031",3,2]],"stats":{"before":262601.9354222335,"after":197230.36630794796,"rounds":3,"moved":4,"clusterMoves":0,"idealHop":1,"verts":8,"segs":7,"hvBefore":0,"hvAfter":0,"groupsH":0,"groupsV":0,"comps":0,"fallback":0,"passes":0,"reverted":false,"iters":2,"iterCap":20,"converged":true}},"milp":{"cellAfter":[["n11699340657",7,0],["n7944584984",7,2],["n11097510274",5,4],["n9599243857",2,7],["n9599243853",0,7],["n7944597710",7,6],["n7944584963",1,1],["n9572921031",0,0]],"stats":{"hvBefore":0,"hvAfter":2,"hvdBefore":6,"hvdAfter":6,"segs":7,"verts":8,"moved":7,"passes":3,"reverted":false,"proposed":0,"comps":2,"fallback":0,"rounds":0,"clusterMoves":0,"groupsH":0,"groupsV":0,"iters":2,"iterCap":20,"converged":true}},"force":{"cellAfter":[["n11699340657",7,2],["n7944584984",7,5],["n11097510274",4,6],["n9599243857",4,7],["n9599243853",1,7],["n7944597710",5,7],["n7944584963",4,3],["n9572921031",0,0]],"stats":{"hvBefore":0,"hvAfter":4,"hvdBefore":5,"hvdAfter":5,"segs":7,"verts":8,"moved":5,"passes":12,"reverted":false,"proposed":8,"revertedN":3,"batches":8,"rounds":120,"clusterMoves":0,"groupsH":0,"groupsV":0,"comps":0,"fallback":0,"iters":3,"iterCap":20,"converged":true}},"lsq":{"cellAfter":[["n11699340657",7,2],["n7944584984",6,2],["n11097510274",4,4],["n9599243857",3,6],["n9599243853",2,6],["n7944597710",4,7],["n7944584963",2,2],["n9572921031",0,0]],"stats":{"hvBefore":0,"hvAfter":3,"hvdBefore":6,"hvdAfter":6,"segs":7,"verts":8,"moved":5,"passes":3,"reverted":false,"proposed":0,"rounds":120,"clusterMoves":0,"groupsH":0,"groupsV":0,"comps":0,"fallback":0,"iters":2,"iterCap":20,"converged":true}},"octi":{"cellAfter":[["n11699340657",6,2],["n7944584984",6,4],["n11097510274",4,4],["n9599243857",3,4],["n9599243853",1,6],["n7944597710",4,7],["n7944584963",2,1],["n9572921031",0,0]],"stats":{"hvBefore":0,"hvAfter":4,"hvdBefore":5,"hvdAfter":5,"segs":7,"verts":8,"moved":4,"passes":8,"reverted":false,"proposed":0,"revertedN":0,"batches":8,"settled":8,"rounds":0,"clusterMoves":0,"groupsH":0,"groupsV":0,"comps":0,"fallback":0,"iters":2,"iterCap":20,"converged":true}},"path":{"cellAfter":[["n11699340657",7,1],["n7944584984",6,3],["n11097510274",4,4],["n9599243857",3,5],["n9599243853",1,7],["n7944597710",6,6],["n7944584963",1,2],["n9572921031",0,1]],"stats":{"hvBefore":0,"hvAfter":0,"hvdBefore":4,"hvdAfter":4,"segs":7,"verts":8,"moved":5,"passes":4,"reverted":false,"proposed":0,"revertedN":0,"batches":2,"chains":2,"links":2,"rounds":0,"clusterMoves":0,"groupsH":0,"groupsV":0,"comps":0,"fallback":0,"iters":2,"iterCap":20,"converged":true}},"sat":{"cellAfter":[["n11699340657",7,0],["n7944584984",7,2],["n11097510274",5,4],["n9599243857",2,7],["n9599243853",0,7],["n7944597710",7,6],["n7944584963",1,1],["n9572921031",0,0]],"stats":{"hvBefore":0,"hvAfter":2,"hvdBefore":6,"hvdAfter":6,"segs":7,"verts":8,"moved":7,"passes":3,"reverted":false,"proposed":0,"comps":2,"fallback":0,"rounds":0,"clusterMoves":0,"groupsH":0,"groupsV":0,"iters":2,"iterCap":20,"converged":true}}},"layouts":{},"loops":{"hc":{"cellAfter":[["n11699340657",3,1],["n7944584984",2,1],["n11097510274",2,2],["n9599243857",1,2],["n9599243853",0,2],["n7944597710",2,3],["n7944584963",1,1],["n9572921031",1,0]],"stats":{"hvBefore":0,"hvAfter":6,"segs":7,"verts":8,"moved":8,"lineMoved":2,"gatherMoved":0,"rounds":2,"roundCap":200,"converged":true,"fromCols":8,"fromRows":8,"cols":4,"rows":4,"emptyCols":[],"emptyRows":[],"dense":true},"cols":4,"rows":4},"stroke":{"cellAfter":[["n11699340657",4,2],["n7944584984",3,2],["n11097510274",2,2],["n9599243857",1,2],["n9599243853",0,2],["n7944597710",2,3],["n7944584963",2,1],["n9572921031",2,0]],"stats":{"hvBefore":7,"hvAfter":7,"segs":7,"verts":8,"moved":0,"lineMoved":0,"gatherMoved":0,"rounds":1,"roundCap":200,"converged":true,"fromCols":8,"fromRows":8,"cols":5,"rows":4,"emptyCols":[],"emptyRows":[],"dense":true},"cols":5,"rows":4},"rect":{"cellAfter":[["n11699340657",2,0],["n7944584984",2,1],["n11097510274",2,2],["n9599243857",1,2],["n9599243853",0,2],["n7944597710",2,3],["n7944584963",1,1],["n9572921031",1,0]],"stats":{"hvBefore":0,"hvAfter":6,"segs":7,"verts":8,"moved":4,"lineMoved":0,"gatherMoved":0,"rounds":2,"roundCap":200,"converged":true,"fromCols":8,"fromRows":8,"cols":3,"rows":4,"emptyCols":[],"emptyRows":[],"dense":true},"cols":3,"rows":4},"milp":{"cellAfter":[["n11699340657",2,0],["n7944584984",2,1],["n11097510274",2,2],["n9599243857",1,2],["n9599243853",0,2],["n7944597710",2,3],["n7944584963",1,1],["n9572921031",1,0]],"stats":{"hvBefore":2,"hvAfter":6,"segs":7,"verts":8,"moved":3,"lineMoved":3,"gatherMoved":0,"rounds":2,"roundCap":200,"converged":true,"fromCols":8,"fromRows":8,"cols":3,"rows":4,"emptyCols":[],"emptyRows":[],"dense":true},"cols":3,"rows":4},"force":{"cellAfter":[["n11699340657",2,0],["n7944584984",2,1],["n11097510274",1,1],["n9599243857",1,2],["n9599243853",0,2],["n7944597710",2,2],["n7944584963",1,0],["n9572921031",0,0]],"stats":{"hvBefore":4,"hvAfter":6,"segs":7,"verts":8,"moved":4,"lineMoved":2,"gatherMoved":0,"rounds":2,"roundCap":200,"converged":true,"fromCols":8,"fromRows":8,"cols":3,"rows":3,"emptyCols":[],"emptyRows":[],"dense":true},"cols":3,"rows":3},"lsq":{"cellAfter":[["n11699340657",3,1],["n7944584984",2,1],["n11097510274",1,1],["n9599243857",1,2],["n9599243853",0,2],["n7944597710",2,2],["n7944584963",0,1],["n9572921031",0,0]],"stats":{"hvBefore":3,"hvAfter":6,"segs":7,"verts":8,"moved":3,"lineMoved":1,"gatherMoved":1,"rounds":2,"roundCap":200,"converged":true,"fromCols":8,"fromRows":8,"cols":4,"rows":3,"emptyCols":[],"emptyRows":[],"dense":true},"cols":4,"rows":3},"octi":{"cellAfter":[["n11699340657",3,0],["n7944584984",3,1],["n11097510274",2,1],["n9599243857",1,1],["n9599243853",0,1],["n7944597710",2,2],["n7944584963",2,0],["n9572921031",1,0]],"stats":{"hvBefore":4,"hvAfter":7,"segs":7,"verts":8,"moved":3,"lineMoved":2,"gatherMoved":0,"rounds":2,"roundCap":200,"converged":true,"fromCols":8,"fromRows":8,"cols":4,"rows":3,"emptyCols":[],"emptyRows":[],"dense":true},"cols":4,"rows":3},"path":{"cellAfter":[["n11699340657",1,0],["n7944584984",1,1],["n11097510274",1,2],["n9599243857",0,2],["n9599243853",0,3],["n7944597710",1,3],["n7944584963",0,1],["n9572921031",0,0]],"stats":{"hvBefore":0,"hvAfter":6,"segs":7,"verts":8,"moved":4,"lineMoved":1,"gatherMoved":0,"rounds":2,"roundCap":200,"converged":true,"fromCols":8,"fromRows":8,"cols":2,"rows":4,"emptyCols":[],"emptyRows":[],"dense":true},"cols":2,"rows":4},"sat":{"cellAfter":[["n11699340657",2,0],["n7944584984",2,1],["n11097510274",2,2],["n9599243857",1,2],["n9599243853",0,2],["n7944597710",2,3],["n7944584963",1,1],["n9572921031",1,0]],"stats":{"hvBefore":2,"hvAfter":6,"segs":7,"verts":8,"moved":3,"lineMoved":3,"gatherMoved":0,"rounds":2,"roundCap":200,"converged":true,"fromCols":8,"fromRows":8,"cols":3,"rows":4,"emptyCols":[],"emptyRows":[],"dense":true},"cols":3,"rows":4}},