{"algo":"hccells-v8","fingerprint":"hb0m5z:rg1.15","cityId":"as-ind-noida","variant":"orig","shapelike":false,"hc":{"cellAfter":[["n4950923222",0,0],["n4849443432",1,1],["n4165777365",2,2],["n4165777372",3,5],["n4165778689",4,4],["n4849447792",5,3]],"stats":{"verts":6,"segs":5,"hvAfter":0,"ms":0,"base":"grid"}},"posts":{"stroke":{"cellAfter":[["n4849447792",5,5],["n4165778689",4,5],["n4165777372",2,5],["n4165777365",2,2],["n4849443432",2,1],["n4950923222",2,0]],"stats":{"hvBefore":0,"hvAfter":5,"hvdBefore":5,"hvdAfter":5,"segs":5,"verts":6,"moved":5,"passes":8,"reverted":false,"proposed":4,"revertedN":0,"batches":3,"strokes":1,"substrokes":3,"rounds":0,"clusterMoves":0,"groupsH":0,"groupsV":0,"comps":0,"fallback":0,"iters":3,"iterCap":20,"converged":true}},"rect":{"cellAfter":[["n4849447792",5,5],["n4165778689",4,5],["n4165777372",3,5],["n4165777365",2,5],["n4849443432",1,5],["n4950923222",0,5]],"stats":{"before":278381.81556261313,"after":184.16666666670065,"rounds":3,"moved":5,"clusterMoves":0,"idealHop":1,"verts":6,"segs":5,"hvBefore":0,"hvAfter":5,"groupsH":0,"groupsV":0,"comps":0,"fallback":0,"passes":0,"reverted":false,"iters":2,"iterCap":20,"converged":true}},"milp":{"cellAfter":[["n4849447792",5,3],["n4165778689",5,5],["n4165777372",3,5],["n4165777365",1,3],["n4849443432",0,1],["n4950923222",0,0]],"stats":{"hvBefore":0,"hvAfter":3,"hvdBefore":4,"hvdAfter":4,"segs":5,"verts":6,"moved":3,"passes":4,"reverted":true,"proposed":3,"comps":2,"fallback":0,"rounds":0,"clusterMoves":0,"groupsH":0,"groupsV":0,"iters":2,"iterCap":20,"converged":true}},"force":{"cellAfter":[["n4849447792",5,3],["n4165778689",5,4],["n4165777372",5,5],["n4165777365",2,2],["n4849443432",2,0],["n4950923222",0,0]],"stats":{"hvBefore":0,"hvAfter":4,"hvdBefore":5,"hvdAfter":5,"segs":5,"verts":6,"moved":3,"passes":8,"reverted":false,"proposed":5,"revertedN":0,"batches":6,"rounds":160,"clusterMoves":0,"groupsH":0,"groupsV":0,"comps":0,"fallback":0,"iters":4,"iterCap":20,"converged":true}},"lsq":{"cellAfter":[["n4849447792",4,3],["n4165778689",4,4],["n4165777372",3,5],["n4165777365",3,1],["n4849443432",1,1],["n4950923222",1,0]],"stats":{"hvBefore":0,"hvAfter":4,"hvdBefore":5,"hvdAfter":5,"segs":5,"verts":6,"moved":3,"passes":3,"reverted":false,"proposed":0,"rounds":120,"clusterMoves":0,"groupsH":0,"groupsV":0,"comps":0,"fallback":0,"iters":2,"iterCap":20,"converged":true}},"octi":{"cellAfter":[["n4849447792",4,3],["n4165778689",4,5],["n4165777372",2,5],["n4165777365",2,2],["n4849443432",1,1],["n4950923222",0,0]],"stats":{"hvBefore":0,"hvAfter":3,"hvdBefore":5,"hvdAfter":5,"segs":5,"verts":6,"moved":3,"passes":6,"reverted":false,"proposed":0,"revertedN":0,"batches":6,"settled":6,"rounds":0,"clusterMoves":0,"groupsH":0,"groupsV":0,"comps":0,"fallback":0,"iters":2,"iterCap":20,"converged":true}},"path":{"cellAfter":[["n4849447792",4,3],["n4165778689",5,3],["n4165777372",5,5],["n4165777365",3,2],["n4849443432",2,0],["n4950923222",1,0]],"stats":{"hvBefore":0,"hvAfter":3,"hvdBefore":3,"hvdAfter":3,"segs":5,"verts":6,"moved":6,"passes":7,"reverted":false,"proposed":3,"revertedN":0,"batches":1,"chains":1,"links":1,"rounds":0,"clusterMoves":0,"groupsH":0,"groupsV":0,"comps":0,"fallback":0,"iters":4,"iterCap":20,"converged":true}},"sat":{"cellAfter":[["n4849447792",5,3],["n4165778689",5,5],["n4165777372",3,5],["n4165777365",1,3],["n4849443432",0,1],["n4950923222",0,0]],"stats":{"hvBefore":0,"hvAfter":3,"hvdBefore":4,"hvdAfter":4,"segs":5,"verts":6,"moved":3,"passes":4,"reverted":true,"proposed":3,"comps":2,"fallback":0,"rounds":0,"clusterMoves":0,"groupsH":0,"groupsV":0,"iters":2,"iterCap":20,"converged":true}}},"layouts":{},"loops":{"hc":{"cellAfter":[["n4849447792",2,1],["n4165778689",2,2],["n4165777372",1,2],["n4165777365",1,1],["n4849443432",1,0],["n4950923222",0,0]],"stats":{"hvBefore":0,"hvAfter":5,"segs":5,"verts":6,"moved":4,"lineMoved":0,"gatherMoved":1,"rounds":2,"roundCap":200,"converged":true,"fromCols":6,"fromRows":6,"cols":3,"rows":3,"emptyCols":[],"emptyRows":[],"dense":true},"cols":3,"rows":3},"stroke":{"cellAfter":[["n4849447792",2,3],["n4165778689",1,3],["n4165777372",0,3],["n4165777365",0,2],["n4849443432",0,1],["n4950923222",0,0]],"stats":{"hvBefore":5,"hvAfter":5,"segs":5,"verts":6,"moved":0,"lineMoved":0,"gatherMoved":0,"rounds":1,"roundCap":200,"converged":true,"fromCols":6,"fromRows":6,"cols":3,"rows":4,"emptyCols":[],"emptyRows":[],"dense":true},"cols":3,"rows":4},"rect":{"cellAfter":[["n4849447792",5,0],["n4165778689",4,0],["n4165777372",3,0],["n4165777365",2,0],["n4849443432",1,0],["n4950923222",0,0]],"stats":{"hvBefore":5,"hvAfter":5,"segs":5,"verts":6,"moved":0,"lineMoved":0,"gatherMoved":0,"rounds":1,"roundCap":200,"converged":true,"fromCols":6,"fromRows":6,"cols":6,"rows":1,"emptyCols":[],"emptyRows":[],"dense":true},"cols":6,"rows":1},"milp":{"cellAfter":[["n4849447792",2,1],["n4165778689",2,2],["n4165777372",1,2],["n4165777365",0,2],["n4849443432",0,1],["n4950923222",0,0]],"stats":{"hvBefore":3,"hvAfter":5,"segs":5,"verts":6,"moved":1,"lineMoved":0,"gatherMoved":1,"rounds":2,"roundCap":200,"converged":true,"fromCols":6,"fromRows":6,"cols":3,"rows":3,"emptyCols":[],"emptyRows":[],"dense":true},"cols":3,"rows":3},"force":{"cellAfter":[["n4849447792",2,1],["n4165778689",2,2],["n4165777372",1,2],["n4165777365",1,1],["n4849443432",1,0],["n4950923222",0,0]],"stats":{"hvBefore":4,"hvAfter":5,"segs":5,"verts":6,"moved":1,"lineMoved":0,"gatherMoved":1,"rounds":2,"roundCap":200,"converged":true,"fromCols":6,"fromRows":6,"cols":3,"rows":3,"emptyCols":[],"emptyRows":[],"dense":true},"cols":3,"rows":3},"lsq":{"cellAfter":[["n4849447792",2,1],["n4165778689",2,2],["n4165777372",1,2],["n4165777365",1,1],["n4849443432",0,1],["n4950923222",0,0]],"stats":{"hvBefore":4,"hvAfter":5,"segs":5,"verts":6,"moved":1,"lineMoved":0,"gatherMoved":1,"rounds":2,"roundCap":200,"converged":true,"fromCols":6,"fromRows":6,"cols":3,"rows":3,"emptyCols":[],"emptyRows":[],"dense":true},"cols":3,"rows":3},"octi":{"cellAfter":[["n4849447792",2,1],["n4165778689",2,2],["n4165777372",1,2],["n4165777365",1,1],["n4849443432",1,0],["n4950923222",0,0]],"stats":{"hvBefore":3,"hvAfter":5,"segs":5,"verts":6,"moved":2,"lineMoved":0,"gatherMoved":1,"rounds":2,"roundCap":200,"converged":true,"fromCols":6,"fromRows":6,"cols":3,"rows":3,"emptyCols":[],"emptyRows":[],"dense":true},"cols":3,"rows":3},"path":{"cellAfter":[["n4849447792",2,0],["n4165778689",3,0],["n4165777372",3,1],["n4165777365",1,1],["n4849443432",1,0],["n4950923222",0,0]],"stats":{"hvBefore":3,"hvAfter":5,"segs":5,"verts":6,"moved":2,"lineMoved":1,"gatherMoved":2,"rounds":3,"roundCap":200,"converged":true,"fromCols":6,"fromRows":6,"cols":4,"rows":2,"emptyCols":[],"emptyRows":[],"dense":true},"cols":4,"rows":2},"sat":{"cellAfter":[["n4849447792",2,1],["n4165778689",2,2],["n4165777372",1,2],["n4165777365",0,2],["n4849443432",0,1],["n4950923222",0,0]],"stats":{"hvBefore":3,"hvAfter":5,"segs":5,"verts":6,"moved":1,"lineMoved":0,"gatherMoved":1,"rounds":2,"roundCap":200,"converged":true,"fromCols":6,"fromRows":6,"cols":3,"rows":3,"emptyCols":[],"emptyRows":[],"dense":true},"cols":3,"rows":3}},"endp":{"hc":{"cellAfter":[["n4849447792",2,2],["n4165778689",2,3],["n4165777372",1,3],["n4165777365",1,1],["n4849443432",1,0],["n4950923222",0,0]],"stats":{"hvBefore":0,"hvAfter":5,"segs":5,"verts":6,"moved":4,"movedPts":4,"movedLines":0,"converged":true,"fromCols":6,"fromRows":6,"cols":3,"rows":4},"cols":3,"rows":4},"stroke":{"cellAfter":[["n4849447792",2,3],["n4165778689",1,3],["n4165777372",0,3],["n4165777365",0,2],["n4849443432",0,1],["n4950923222",0,0]],"stats":{"hvBefore":5,"hvAfter":5,"segs":5,"verts":6,"moved":0,"movedPts":0,"movedLines":0,"converged":true,"fromCols":3,"fromRows":4,"cols":3,"rows":4},"cols":3,"rows":4},"rect":{"cellAfter":[["n4849447792",5,0],["n4165778689",4,0],["n4165777372",3,0],["n4165777365",2,0],["n4849443432",1,0],["n4950923222",0,0]],"stats":{"hvBefore":5,"hvAfter":5,"segs":5,"verts":6,"moved":0,"movedPts":0,"movedLines":0,