{"algo":"hccells-v4","fingerprint":"zqjc2q:rg1.15","cityId":"as-iri-shiraz","variant":"rot","shapelike":false,"hc":{"cellAfter":[["n3893392193",0,4],["n815622281",1,0],["n3893392187",2,3],["n815613519",3,1],["n3893392082",4,2],["n306435241",5,5],["n306435238",6,6],["n306435235",7,7]],"stats":{"verts":8,"segs":7,"hvAfter":0,"ms":0,"base":"grid"}},"posts":{"stroke":{"cellAfter":[["n815622281",4,0],["n815613519",4,1],["n3893392082",4,2],["n306435241",4,3],["n306435238",5,3],["n306435235",6,4],["n3893392187",3,2],["n3893392193",3,1]],"stats":{"hvBefore":0,"hvAfter":6,"hvdBefore":7,"hvdAfter":7,"segs":7,"verts":8,"moved":7,"passes":52,"reverted":false,"proposed":5,"revertedN":0,"batches":2,"strokes":2,"substrokes":2,"rounds":0,"clusterMoves":0,"groupsH":0,"groupsV":0,"comps":0,"fallback":0,"iters":20,"iterCap":20,"converged":false}},"rect":{"cellAfter":[["n815622281",4,0],["n815613519",4,1],["n3893392082",4,2],["n306435241",6,5],["n306435238",6,6],["n306435235",6,7],["n3893392187",2,3],["n3893392193",0,4]],"stats":{"before":304814.0953338805,"after":133399.43698327735,"rounds":4,"moved":4,"clusterMoves":0,"idealHop":1,"verts":8,"segs":7,"hvBefore":0,"hvAfter":4,"groupsH":0,"groupsV":0,"comps":0,"fallback":0,"passes":0,"reverted":false,"iters":2,"iterCap":20,"converged":true}},"milp":{"cellAfter":[["n815622281",0,0],["n815613519",1,0],["n3893392082",3,2],["n306435241",6,5],["n306435238",7,6],["n306435235",7,7],["n3893392187",1,4],["n3893392193",0,6]],"stats":{"hvBefore":0,"hvAfter":2,"hvdBefore":6,"hvdAfter":6,"segs":7,"verts":8,"moved":7,"passes":4,"reverted":false,"proposed":2,"comps":2,"fallback":0,"rounds":0,"clusterMoves":0,"groupsH":0,"groupsV":0,"iters":2,"iterCap":20,"converged":true}},"force":{"cellAfter":[["n815622281",1,0],["n815613519",3,1],["n3893392082",4,2],["n306435241",5,5],["n306435238",6,6],["n306435235",7,7],["n3893392187",0,3],["n3893392193",0,4]],"stats":{"hvBefore":0,"hvAfter":1,"hvdBefore":4,"hvdAfter":4,"segs":7,"verts":8,"moved":1,"passes":2,"reverted":false,"proposed":8,"revertedN":3,"batches":8,"rounds":80,"clusterMoves":0,"groupsH":0,"groupsV":0,"comps":0,"fallback":0,"iters":2,"iterCap":20,"converged":true}},"lsq":{"cellAfter":[["n815622281",1,0],["n815613519",3,1],["n3893392082",4,1],["n306435241",4,5],["n306435238",5,6],["n306435235",6,7],["n3893392187",2,3],["n3893392193",0,5]],"stats":{"hvBefore":0,"hvAfter":2,"hvdBefore":6,"hvdAfter":6,"segs":7,"verts":8,"moved":5,"passes":3,"reverted":false,"proposed":1,"rounds":120,"clusterMoves":0,"groupsH":0,"groupsV":0,"comps":0,"fallback":0,"iters":2,"iterCap":20,"converged":true}},"octi":{"cellAfter":[["n815622281",1,0],["n815613519",3,1],["n3893392082",4,2],["n306435241",5,5],["n306435238",6,6],["n306435235",7,7],["n3893392187",2,2],["n3893392193",0,4]],"stats":{"hvBefore":0,"hvAfter":1,"hvdBefore":5,"hvdAfter":5,"segs":7,"verts":8,"moved":1,"passes":2,"reverted":false,"proposed":3,"revertedN":2,"batches":8,"settled":8,"rounds":0,"clusterMoves":0,"groupsH":0,"groupsV":0,"comps":0,"fallback":0,"iters":2,"iterCap":20,"converged":true}},"path":{"cellAfter":[["n815622281",1,0],["n815613519",2,2],["n3893392082",3,3],["n306435241",5,5],["n306435238",6,6],["n306435235",7,7],["n3893392187",2,4],["n3893392193",3,4]],"stats":{"hvBefore":0,"hvAfter":1,"hvdBefore":6,"hvdAfter":6,"segs":7,"verts":8,"moved":4,"passes":10,"reverted":false,"proposed":1,"revertedN":0,"batches":2,"chains":2,"links":2,"rounds":0,"clusterMoves":0,"groupsH":0,"groupsV":0,"comps":0,"fallback":0,"iters":5,"iterCap":20,"converged":true}},"sat":{"cellAfter":[["n815622281",0,0],["n815613519",1,0],["n3893392082",3,2],["n306435241",6,5],["n306435238",7,6],["n306435235",7,7],["n3893392187",1,4],["n3893392193",0,6]],"stats":{"hvBefore":0,"hvAfter":2,"hvdBefore":6,"hvdAfter":6,"segs":7,"verts":8,"moved":7,"passes":4,"reverted":false,"proposed":2,"comps":2,"fallback":0,"rounds":0,"clusterMoves":0,"groupsH":0,"groupsV":0,"iters":2,"iterCap":20,"converged":true}}},"layouts":{},"loops":{"hc":{"cellAfter":[["n815622281",2,0],["n815613519",2,1],["n3893392082",2,2],["n306435241",2,3],["n306435238",3,3],["n306435235",3,4],["n3893392187",1,2],["n3893392193",0,2]],"stats":{"hvBefore":0,"hvAfter":7,"segs":7,"verts":8,"moved":8,"lineMoved":0,"gatherMoved":0,"rounds":2,"roundCap":200,"converged":true,"fromCols":8,"fromRows":8,"cols":4,"rows":5},"cols":4,"rows":5},"stroke":{"cellAfter":[["n815622281",1,0],["n815613519",1,1],["n3893392082",1,2],["n306435241",1,3],["n306435238",2,3],["n306435235",3,3],["n3893392187",0,2],["n3893392193",0,1]],"stats":{"hvBefore":6,"hvAfter":7,"segs":7,"verts":8,"moved":1,"lineMoved":0,"gatherMoved":0,"rounds":2,"roundCap":200,"converged":true,"fromCols":8,"fromRows":8,"cols":4,"rows":4},"cols":4,"rows":4},"rect":{"cellAfter":[["n815622281",1,0],["n815613519",1,1],["n3893392082",1,2],["n306435241",1,3],["n306435238",2,3],["n306435235",2,4],["n3893392187",0,2],["n3893392193",0,3]],"stats":{"hvBefore":4,"hvAfter":7,"segs":7,"verts":8,"moved":4,"lineMoved":1,"gatherMoved":0,"rounds":2,"roundCap":200,"converged":true,"fromCols":8,"fromRows":8,"cols":3,"rows":5},"cols":3,"rows":5},"milp":{"cellAfter":[["n815622281",0,0],["n815613519",1,0],["n3893392082",2,0],["n306435241",2,1],["n306435238",3,1],["n306435235",3,2],["n3893392187",0,1],["n3893392193",0,2]],"stats":{"hvBefore":2,"hvAfter":6,"segs":7,"verts":8,"moved":6,"lineMoved":1,"gatherMoved":0,"rounds":2,"roundCap":200,"converged":true,"fromCols":8,"fromRows":8,"cols":4,"rows":3},"cols":4,"rows":3},"force":{"cellAfter":[["n815622281",1,0],["n815613519",1,1],["n3893392082",1,2],["n306435241",1,3],["n306435238",2,3],["n306435235",2,4],["n3893392187",0,2],["n3893392193",0,3]],"stats":{"hvBefore":1,"hvAfter":7,"segs":7,"verts":8,"moved":6,"lineMoved":1,"gatherMoved":0,"rounds":2,"roundCap":200,"converged":true,"fromCols":8,"fromRows":8,"cols":3,"rows":5},"cols":3,"rows":5},"lsq":{"cellAfter":[["n815622281",0,0],["n815613519",1,0],["n3893392082",2,0],["n306435241",2,1],["n306435238",3,1],["n306435235",3,2],["n3893392187",1,1],["n3893392193",0,1]],"stats":{"hvBefore":2,"hvAfter":6,"segs":7,"verts":8,"moved":6,"lineMoved":0,"gatherMoved":0,"rounds":2,"roundCap":200,"converged":true,"fromCols":8,"fromRows":8,"cols":4,"rows":3},"cols":4,"rows":3},"octi":{"cellAfter":[["n815622281",2,0],["n815613519",2,1],["n3893392082",2,2],["n306435241",2,3],["n306435238",3,3],["n306435235",3,4],["n3893392187",1,2],["n3893392193",0,2]],"stats":{"hvBefore":1,"hvAfter":7,"segs":7,"verts":8,"moved":7,"lineMoved":0,"gatherMoved":0,"rounds":2,"roundCap":200,"converged":true,"fromCols":8,"fromRows":8,"cols":4,"rows":5},"cols":4,"rows":5},"path":{"cellAfter":[["n815622281",0,0],["n815613519",0,1],["n3893392082",2,1],["n306435241",2,2],["n306435238",3,2],["n306435235",3,3],["n3893392187",0,2],["n3893392193",1,2]],"stats":{"hvBefore":1,"hvAfter":6,"segs":7,"verts":8,"moved":5,"lineMoved":2,"gatherMoved":0,"rounds":3,"roundCap":200,"converged":true,"fromCols":8,"fromRows":8,"cols":4,"rows":4},"cols":4,"rows":4},"sat":{"cellAfter":[["n815622281",0,0],["n815613519",1,0],["n3893392082",2,0],["n306435241",2,1],["n306435238",3,1],["n306435235",3,2],["n3893392187",0,1],["n3893392193",0,2]],"stats":{"hvBefore":2,"hvAfter":6,"segs":7,"verts":8,"moved":6,"lineMoved":1,"gatherMoved":0,"rounds":2,"roundCap":200,"converged":true,"fromCols":8,"fromRows":8,"cols":4,"rows":3},"cols":4,"rows":3}},"endp":{"hc":{"cellAfter":[["n815622281",1,0],["n815613519",2,0],["n3893392082",2,1],["n306435241",2,3],["n306435238",3,3],["n306435235",3,4],["n3893392187",0,1],["n3893392193",0,2]],"stats":{"hvBefore":0,"hvAfter":7,"segs":7,"verts":8,"moved":8,"movedPts":8,"movedLines":0,"converged":true,"fromCols":8,"fromRows":8,"cols":4,"rows":5},"cols":4,"rows":5},"stroke":{"cellAfter":[["n815622281",1,0],["n815613519",1,1],["n3893392082",1,2],["n306435241",1,3],["n306435238",2,3],["n306435235",3,3],["n3893392187",0,2],["n3893392193",0,1]],"stats":{"hvBefore":6,"hvAfter":7,"segs":7,"verts":8,"moved":1,"movedPts":1,"movedLines":0,