{"algo":"hccells-v4","fingerprint":"1lc4qh4:rg1.15","cityId":"as-ind-nagpur","variant":"rot","shapelike":false,"hc":{"cellAfter":[["n11369581746",0,2],["n11368300696",1,8],["n11371112354",2,3],["n11368300693",3,7],["n11368300689",4,4],["n7944686237",5,1],["n7944685774",6,5],["n7944685834",7,0],["n7944687085",8,6]],"stats":{"verts":9,"segs":8,"hvAfter":0,"ms":0,"base":"grid"}},"posts":{"stroke":{"cellAfter":[["n11368300696",4,6],["n11368300693",5,5],["n11368300689",4,4],["n7944686237",4,3],["n7944685834",3,3],["n7944685774",5,4],["n7944687085",6,5],["n11371112354",3,4],["n11369581746",2,3]],"stats":{"hvBefore":0,"hvAfter":4,"hvdBefore":8,"hvdAfter":8,"segs":8,"verts":9,"moved":8,"passes":94,"reverted":false,"proposed":9,"revertedN":0,"batches":4,"strokes":3,"substrokes":4,"rounds":0,"clusterMoves":0,"groupsH":0,"groupsV":0,"comps":0,"fallback":0,"iters":20,"iterCap":20,"converged":false}},"rect":{"cellAfter":[["n11368300696",2,8],["n11368300693",3,6],["n11368300689",4,4],["n7944686237",5,1],["n7944685834",5,0],["n7944685774",6,5],["n7944687085",8,6],["n11371112354",2,3],["n11369581746",0,2]],"stats":{"before":278378.54760773096,"after":178072.21212272366,"rounds":3,"moved":3,"clusterMoves":0,"idealHop":1,"verts":9,"segs":8,"hvBefore":0,"hvAfter":1,"groupsH":0,"groupsV":0,"comps":0,"fallback":0,"passes":0,"reverted":false,"iters":2,"iterCap":20,"converged":true}},"milp":{"cellAfter":[["n11368300696",3,8],["n11368300693",4,8],["n11368300689",4,3],["n7944686237",4,0],["n7944685834",5,0],["n7944685774",8,7],["n7944687085",8,8],["n11371112354",1,1],["n11369581746",0,0]],"stats":{"hvBefore":0,"hvAfter":5,"hvdBefore":7,"hvdAfter":7,"segs":8,"verts":9,"moved":9,"passes":6,"reverted":true,"proposed":6,"comps":2,"fallback":0,"rounds":0,"clusterMoves":0,"groupsH":0,"groupsV":0,"iters":2,"iterCap":20,"converged":true}},"force":{"cellAfter":[["n11368300696",1,8],["n11368300693",1,7],["n11368300689",4,5],["n7944686237",5,1],["n7944685834",5,0],["n7944685774",6,5],["n7944687085",6,8],["n11371112354",2,3],["n11369581746",0,1]],"stats":{"hvBefore":0,"hvAfter":4,"hvdBefore":6,"hvdAfter":6,"segs":8,"verts":9,"moved":5,"passes":10,"reverted":false,"proposed":9,"revertedN":3,"batches":9,"rounds":80,"clusterMoves":0,"groupsH":0,"groupsV":0,"comps":0,"fallback":0,"iters":2,"iterCap":20,"converged":true}},"lsq":{"cellAfter":[["n11368300696",2,8],["n11368300693",4,7],["n11368300689",4,4],["n7944686237",4,1],["n7944685834",6,0],["n7944685774",6,6],["n7944687085",7,7],["n11371112354",2,2],["n11369581746",1,1]],"stats":{"hvBefore":0,"hvAfter":2,"hvdBefore":6,"hvdAfter":6,"segs":8,"verts":9,"moved":8,"passes":3,"reverted":false,"proposed":0,"rounds":120,"clusterMoves":0,"groupsH":0,"groupsV":0,"comps":0,"fallback":0,"iters":2,"iterCap":20,"converged":true}},"octi":{"cellAfter":[["n11368300696",1,7],["n11368300693",3,7],["n11368300689",3,4],["n7944686237",3,1],["n7944685834",7,1],["n7944685774",6,4],["n7944687085",8,6],["n11371112354",2,3],["n11369581746",0,2]],"stats":{"hvBefore":0,"hvAfter":5,"hvdBefore":7,"hvdAfter":7,"segs":8,"verts":9,"moved":5,"passes":10,"reverted":false,"proposed":0,"revertedN":0,"batches":9,"settled":9,"rounds":0,"clusterMoves":0,"groupsH":0,"groupsV":0,"comps":0,"fallback":0,"iters":2,"iterCap":20,"converged":true}},"path":{"cellAfter":[["n11368300696",1,8],["n11368300693",2,6],["n11368300689",4,4],["n7944686237",6,2],["n7944685834",7,0],["n7944685774",6,4],["n7944687085",8,4],["n11371112354",2,4],["n11369581746",0,4]],"stats":{"hvBefore":0,"hvAfter":4,"hvdBefore":6,"hvdAfter":6,"segs":8,"verts":9,"moved":6,"passes":5,"reverted":false,"proposed":0,"revertedN":0,"batches":2,"chains":2,"links":2,"rounds":0,"clusterMoves":0,"groupsH":0,"groupsV":0,"comps":0,"fallback":0,"iters":2,"iterCap":20,"converged":true}},"sat":{"cellAfter":[["n11368300696",3,8],["n11368300693",4,8],["n11368300689",4,3],["n7944686237",4,0],["n7944685834",5,0],["n7944685774",8,7],["n7944687085",8,8],["n11371112354",1,1],["n11369581746",0,0]],"stats":{"hvBefore":0,"hvAfter":5,"hvdBefore":7,"hvdAfter":7,"segs":8,"verts":9,"moved":9,"passes":6,"reverted":true,"proposed":6,"comps":2,"fallback":0,"rounds":0,"clusterMoves":0,"groupsH":0,"groupsV":0,"iters":2,"iterCap":20,"converged":true}}},"layouts":{},"loops":{"hc":{"cellAfter":[["n11368300696",0,2],["n11368300693",1,2],["n11368300689",1,1],["n7944686237",2,0],["n7944685834",3,0],["n7944685774",2,1],["n7944687085",3,1],["n11371112354",1,0],["n11369581746",0,0]],"stats":{"hvBefore":0,"hvAfter":7,"segs":8,"verts":9,"moved":7,"lineMoved":2,"gatherMoved":1,"rounds":2,"roundCap":200,"converged":true,"fromCols":9,"fromRows":9,"cols":4,"rows":3},"cols":4,"rows":3},"stroke":{"cellAfter":[["n11368300696",2,3],["n11368300693",2,2],["n11368300689",2,1],["n7944686237",2,0],["n7944685834",1,0],["n7944685774",3,1],["n7944687085",3,2],["n11371112354",1,1],["n11369581746",0,1]],"stats":{"hvBefore":4,"hvAfter":8,"segs":8,"verts":9,"moved":3,"lineMoved":0,"gatherMoved":0,"rounds":2,"roundCap":200,"converged":true,"fromCols":9,"fromRows":9,"cols":4,"rows":4},"cols":4,"rows":4},"rect":{"cellAfter":[["n11368300696",2,4],["n11368300693",2,3],["n11368300689",2,2],["n7944686237",2,1],["n7944685834",2,0],["n7944685774",3,2],["n7944687085",4,2],["n11371112354",1,2],["n11369581746",0,2]],"stats":{"hvBefore":1,"hvAfter":8,"segs":8,"verts":9,"moved":6,"lineMoved":1,"gatherMoved":0,"rounds":2,"roundCap":200,"converged":true,"fromCols":9,"fromRows":9,"cols":5,"rows":5},"cols":5,"rows":5},"milp":{"cellAfter":[["n11368300696",1,2],["n11368300693",2,2],["n11368300689",2,1],["n7944686237",2,0],["n7944685834",3,0],["n7944685774",3,1],["n7944687085",3,2],["n11371112354",1,1],["n11369581746",0,1]],"stats":{"hvBefore":5,"hvAfter":8,"segs":8,"verts":9,"moved":3,"lineMoved":1,"gatherMoved":1,"rounds":2,"roundCap":200,"converged":true,"fromCols":9,"fromRows":9,"cols":4,"rows":3},"cols":4,"rows":3},"force":{"cellAfter":[["n11368300696",0,3],["n11368300693",0,2],["n11368300689",2,2],["n7944686237",2,1],["n7944685834",2,0],["n7944685774",3,2],["n7944687085",3,3],["n11371112354",1,1],["n11369581746",0,1]],"stats":{"hvBefore":4,"hvAfter":7,"segs":8,"verts":9,"moved":3,"lineMoved":2,"gatherMoved":0,"rounds":2,"roundCap":200,"converged":true,"fromCols":9,"fromRows":9,"cols":4,"rows":4},"cols":4,"rows":4},"lsq":{"cellAfter":[["n11368300696",1,3],["n11368300693",2,3],["n11368300689",2,2],["n7944686237",2,1],["n7944685834",2,0],["n7944685774",3,2],["n7944687085",4,2],["n11371112354",1,2],["n11369581746",0,2]],"stats":{"hvBefore":2,"hvAfter":8,"segs":8,"verts":9,"moved":6,"lineMoved":0,"gatherMoved":0,"rounds":2,"roundCap":200,"converged":true,"fromCols":9,"fromRows":9,"cols":5,"rows":4},"cols":5,"rows":4},"octi":{"cellAfter":[["n11368300696",1,2],["n11368300693",2,2],["n11368300689",2,1],["n7944686237",2,0],["n7944685834",3,0],["n7944685774",3,1],["n7944687085",4,1],["n11371112354",1,1],["n11369581746",0,1]],"stats":{"hvBefore":5,"hvAfter":8,"segs":8,"verts":9,"moved":5,"lineMoved":1,"gatherMoved":0,"rounds":2,"roundCap":200,"converged":true,"fromCols":9,"fromRows":9,"cols":5,"rows":3},"cols":5,"rows":3},"path":{"cellAfter":[["n11368300696",0,4],["n11368300693",0,3],["n11368300689",2,2],["n7944686237",2,1],["n7944685834",2,0],["n7944685774",3,2],["n7944687085",4,2],["n11371112354",1,2],["n11369581746",0,2]],"stats":{"hvBefore":4,"hvAfter":7,"segs":8,"verts":9,"moved":3,"lineMoved":1,"gatherMoved":0,"rounds":2,"roundCap":200,"converged":true,"fromCols":9,"fromRows":9,"cols":5,"rows":5},"cols":5,"rows":5},"sat":{"cellAfter":[["n11368300696",1,2],["n11368300693",2,2],["n11368300689",2,1],["n7944686237",2,0],["n7944685834",3,0],["n7944685774",3,1],["n7944687085",3,2],["n11371112354",1,1],["n11369581746",0,1]],"stats":{"hvBefore":5,"hvAfter":8,"segs":8,"verts":9,"moved":3,"lineMoved":1,"gatherMoved":1,"rounds":2,"roundCap":200,"converged":true,"fromCols":9,"fromRows":9,"cols":4,"rows":3},"cols":4,"rows":3}},