{"algo":"hccells-v4","fingerprint":"1csbr7p:rg1.15","cityId":"as-iri-mashhad","variant":"rot","shapelike":false,"hc":{"cellAfter":[["n8943834107",0,0],["n3808279927",1,3],["n2810462553",2,1],["n1229578067",3,5],["n3867875263",4,2],["n3867898062",5,9],["n3867949162",6,8],["n3170118329",7,6],["n1229578063",8,7],["n3808291107",9,4]],"stats":{"verts":10,"segs":9,"hvAfter":0,"ms":0,"base":"grid"}},"posts":{"stroke":{"cellAfter":[["n3808291107",9,6],["n1229578063",8,6],["n3170118329",7,6],["n1229578067",6,6],["n3808279927",5,6],["n3867875263",5,4],["n2810462553",4,3],["n8943834107",3,2],["n3867949162",8,7],["n3867898062",9,8]],"stats":{"hvBefore":0,"hvAfter":4,"hvdBefore":9,"hvdAfter":9,"segs":9,"verts":10,"moved":9,"passes":60,"reverted":false,"proposed":7,"revertedN":0,"batches":3,"strokes":3,"substrokes":3,"rounds":0,"clusterMoves":0,"groupsH":0,"groupsV":0,"comps":0,"fallback":0,"iters":20,"iterCap":20,"converged":false}},"rect":{"cellAfter":[["n3808291107",6,4],["n1229578063",5,4],["n3170118329",4,4],["n1229578067",3,4],["n3808279927",2,4],["n3867875263",4,3],["n2810462553",4,2],["n8943834107",4,1],["n3867949162",4,5],["n3867898062",4,6]],"stats":{"before":495103.063277015,"after":326.6666666667109,"rounds":4,"moved":10,"clusterMoves":4,"idealHop":1,"verts":10,"segs":9,"hvBefore":0,"hvAfter":9,"groupsH":0,"groupsV":0,"comps":0,"fallback":0,"passes":0,"reverted":false,"iters":2,"iterCap":20,"converged":true}},"milp":{"cellAfter":[["n3808291107",9,3],["n1229578063",9,5],["n3170118329",7,5],["n1229578067",3,5],["n3808279927",0,5],["n3867875263",3,2],["n2810462553",1,0],["n8943834107",0,0],["n3867949162",3,9],["n3867898062",0,9]],"stats":{"hvBefore":0,"hvAfter":6,"hvdBefore":8,"hvdAfter":8,"segs":9,"verts":10,"moved":8,"passes":10,"reverted":false,"proposed":0,"comps":5,"fallback":0,"rounds":0,"clusterMoves":0,"groupsH":0,"groupsV":0,"iters":5,"iterCap":20,"converged":true}},"force":{"cellAfter":[["n3808291107",9,4],["n1229578063",8,7],["n3170118329",7,6],["n1229578067",3,5],["n3808279927",1,3],["n3867875263",4,2],["n2810462553",4,0],["n8943834107",0,0],["n3867949162",6,8],["n3867898062",5,9]],"stats":{"hvBefore":0,"hvAfter":2,"hvdBefore":5,"hvdAfter":5,"segs":9,"verts":10,"moved":1,"passes":2,"reverted":false,"proposed":10,"revertedN":7,"batches":10,"rounds":80,"clusterMoves":0,"groupsH":0,"groupsV":0,"comps":0,"fallback":0,"iters":2,"iterCap":20,"converged":true}},"lsq":{"cellAfter":[["n3808291107",9,4],["n1229578063",8,7],["n3170118329",8,6],["n1229578067",3,6],["n3808279927",1,4],["n3867875263",4,2],["n2810462553",3,2],["n8943834107",1,0],["n3867949162",6,8],["n3867898062",5,9]],"stats":{"hvBefore":0,"hvAfter":3,"hvdBefore":8,"hvdAfter":8,"segs":9,"verts":10,"moved":5,"passes":5,"reverted":false,"proposed":1,"rounds":180,"clusterMoves":0,"groupsH":0,"groupsV":0,"comps":0,"fallback":0,"iters":3,"iterCap":20,"converged":true}},"octi":{"cellAfter":[["n3808291107",8,4],["n1229578063",8,7],["n3170118329",7,6],["n1229578067",3,5],["n3808279927",1,3],["n3867875263",4,2],["n2810462553",2,1],["n8943834107",0,0],["n3867949162",6,8],["n3867898062",5,9]],"stats":{"hvBefore":0,"hvAfter":1,"hvdBefore":4,"hvdAfter":4,"segs":9,"verts":10,"moved":1,"passes":2,"reverted":false,"proposed":3,"revertedN":3,"batches":10,"settled":10,"rounds":0,"clusterMoves":0,"groupsH":0,"groupsV":0,"comps":0,"fallback":0,"iters":2,"iterCap":20,"converged":true}},"path":{"cellAfter":[["n3808291107",9,6],["n1229578063",8,6],["n3170118329",6,6],["n1229578067",4,5],["n3808279927",1,3],["n3867875263",2,3],["n2810462553",0,1],["n8943834107",0,0],["n3867949162",7,7],["n3867898062",7,8]],"stats":{"hvBefore":0,"hvAfter":4,"hvdBefore":6,"hvdAfter":6,"segs":9,"verts":10,"moved":8,"passes":12,"reverted":false,"proposed":2,"revertedN":0,"batches":2,"chains":2,"links":3,"rounds":0,"clusterMoves":0,"groupsH":0,"groupsV":0,"comps":0,"fallback":0,"iters":5,"iterCap":20,"converged":true}},"sat":{"cellAfter":[["n3808291107",9,3],["n1229578063",9,5],["n3170118329",7,5],["n1229578067",3,5],["n3808279927",0,5],["n3867875263",3,2],["n2810462553",1,0],["n8943834107",0,0],["n3867949162",3,9],["n3867898062",0,9]],"stats":{"hvBefore":0,"hvAfter":6,"hvdBefore":8,"hvdAfter":8,"segs":9,"verts":10,"moved":8,"passes":10,"reverted":false,"proposed":0,"comps":5,"fallback":0,"rounds":0,"clusterMoves":0,"groupsH":0,"groupsV":0,"iters":5,"iterCap":20,"converged":true}}},"layouts":{},"loops":{"hc":{"cellAfter":[["n3808291107",3,2],["n1229578063",2,2],["n3170118329",2,1],["n1229578067",1,1],["n3808279927",0,1],["n3867875263",2,0],["n2810462553",1,0],["n8943834107",0,0],["n3867949162",1,2],["n3867898062",0,2]],"stats":{"hvBefore":0,"hvAfter":8,"segs":9,"verts":10,"moved":10,"lineMoved":4,"gatherMoved":3,"rounds":3,"roundCap":200,"converged":true,"fromCols":10,"fromRows":10,"cols":4,"rows":3},"cols":4,"rows":3},"stroke":{"cellAfter":[["n3808291107",4,3],["n1229578063",3,3],["n3170118329",2,3],["n1229578067",1,3],["n3808279927",0,3],["n3867875263",0,2],["n2810462553",0,1],["n8943834107",0,0],["n3867949162",4,4],["n3867898062",4,5]],"stats":{"hvBefore":4,"hvAfter":7,"segs":9,"verts":10,"moved":3,"lineMoved":1,"gatherMoved":0,"rounds":2,"roundCap":200,"converged":true,"fromCols":10,"fromRows":10,"cols":5,"rows":6},"cols":5,"rows":6},"rect":{"cellAfter":[["n3808291107",4,3],["n1229578063",3,3],["n3170118329",2,3],["n1229578067",1,3],["n3808279927",0,3],["n3867875263",2,2],["n2810462553",2,1],["n8943834107",2,0],["n3867949162",2,4],["n3867898062",2,5]],"stats":{"hvBefore":9,"hvAfter":9,"segs":9,"verts":10,"moved":0,"lineMoved":0,"gatherMoved":0,"rounds":1,"roundCap":200,"converged":true,"fromCols":10,"fromRows":10,"cols":5,"rows":6},"cols":5,"rows":6},"milp":{"cellAfter":[["n3808291107",3,1],["n1229578063",3,2],["n3170118329",2,2],["n1229578067",1,2],["n3808279927",0,2],["n3867875263",2,1],["n2810462553",2,0],["n8943834107",1,0],["n3867949162",2,3],["n3867898062",1,3]],"stats":{"hvBefore":6,"hvAfter":9,"segs":9,"verts":10,"moved":5,"lineMoved":1,"gatherMoved":0,"rounds":3,"roundCap":200,"converged":true,"fromCols":10,"fromRows":10,"cols":4,"rows":4},"cols":4,"rows":4},"force":{"cellAfter":[["n3808291107",4,2],["n1229578063",3,2],["n3170118329",3,1],["n1229578067",0,2],["n3808279927",0,1],["n3867875263",1,1],["n2810462553",1,0],["n8943834107",0,0],["n3867949162",2,2],["n3867898062",1,2]],"stats":{"hvBefore":2,"hvAfter":7,"segs":9,"verts":10,"moved":7,"lineMoved":2,"gatherMoved":1,"rounds":2,"roundCap":200,"converged":true,"fromCols":10,"fromRows":10,"cols":5,"rows":3},"cols":5,"rows":3},"lsq":{"cellAfter":[["n3808291107",3,1],["n1229578063",3,2],["n3170118329",2,2],["n1229578067",1,2],["n3808279927",0,2],["n3867875263",2,1],["n2810462553",0,1],["n8943834107",0,0],["n3867949162",2,3],["n3867898062",2,4]],"stats":{"hvBefore":3,"hvAfter":9,"segs":9,"verts":10,"moved":7,"lineMoved":3,"gatherMoved":0,"rounds":2,"roundCap":200,"converged":true,"fromCols":10,"fromRows":10,"cols":4,"rows":5},"cols":4,"rows":5},"octi":{"cellAfter":[["n3808291107",4,0],["n1229578063",4,1],["n3170118329",3,1],["n1229578067",1,1],["n3808279927",0,1],["n3867875263",3,0],["n2810462553",2,0],["n8943834107",1,0],["n3867949162",3,2],["n3867898062",3,3]],"stats":{"hvBefore":1,"hvAfter":9,"segs":9,"verts":10,"moved":10,"lineMoved":1,"gatherMoved":1,"rounds":3,"roundCap":200,"converged":true,"fromCols":10,"fromRows":10,"cols":5,"rows":4},"cols":5,"rows":4},"path":{"cellAfter":[["n3808291107",4,2],["n1229578063",3,2],["n3170118329",2,2],["n1229578067",1,2],["n3808279927",0,2],["n3867875263",2,1],["n2810462553",0,1],["n8943834107",0,0],["n3867949162",2,3],["n3867898062",2,4]],"stats":{"hvBefore":4,"hvAfter":9,"segs":9,"verts":10,"moved":5,"lineMoved":2,"gatherMoved":0,"rounds":2,"roundCap":200,"converged":true,"fromCols":10,"fromRows":10,"cols":5,"rows":5},"cols":5,"rows":5},