{"algo":"hccells-v4","fingerprint":"1csbr7p:rg1.15","cityId":"as-iri-mashhad","variant":"orig","shapelike":false,"hc":{"cellAfter":[["n8943834107",0,0],["n2810462553",1,1],["n3808279927",2,7],["n3867875263",3,2],["n1229578067",4,6],["n3867949162",5,8],["n3170118329",6,5],["n3867898062",7,9],["n1229578063",8,4],["n3808291107",9,3]],"stats":{"verts":10,"segs":9,"hvAfter":0,"ms":0,"base":"grid"}},"posts":{"stroke":{"cellAfter":[["n3808291107",7,5],["n1229578063",7,6],["n3170118329",6,5],["n1229578067",5,5],["n3808279927",4,4],["n3867875263",3,2],["n2810462553",2,1],["n8943834107",1,0],["n3867949162",6,7],["n3867898062",6,9]],"stats":{"hvBefore":0,"hvAfter":4,"hvdBefore":9,"hvdAfter":9,"segs":9,"verts":10,"moved":8,"passes":48,"reverted":false,"proposed":8,"revertedN":0,"batches":4,"strokes":3,"substrokes":4,"rounds":0,"clusterMoves":0,"groupsH":0,"groupsV":0,"comps":0,"fallback":0,"iters":20,"iterCap":20,"converged":false}},"rect":{"cellAfter":[["n3808291107",7,6],["n1229578063",5,6],["n3170118329",3,6],["n1229578067",2,6],["n3808279927",1,6],["n3867875263",2,3],["n2810462553",2,2],["n8943834107",2,1],["n3867949162",3,8],["n3867898062",3,9]],"stats":{"before":422121.01379578665,"after":55805.649822970845,"rounds":4,"moved":10,"clusterMoves":4,"idealHop":1,"verts":10,"segs":9,"hvBefore":0,"hvAfter":8,"groupsH":0,"groupsV":0,"comps":0,"fallback":0,"passes":0,"reverted":false,"iters":2,"iterCap":20,"converged":true}},"milp":{"cellAfter":[["n3808291107",9,1],["n1229578063",7,3],["n3170118329",5,5],["n1229578067",3,7],["n3808279927",1,9],["n3867875263",2,2],["n2810462553",0,1],["n8943834107",0,0],["n3867949162",7,9],["n3867898062",9,9]],"stats":{"hvBefore":0,"hvAfter":2,"hvdBefore":7,"hvdAfter":7,"segs":9,"verts":10,"moved":9,"passes":4,"reverted":true,"proposed":3,"comps":2,"fallback":0,"rounds":0,"clusterMoves":0,"groupsH":0,"groupsV":0,"iters":2,"iterCap":20,"converged":true}},"force":{"cellAfter":[["n3808291107",9,3],["n1229578063",8,4],["n3170118329",6,5],["n1229578067",2,6],["n3808279927",2,7],["n3867875263",3,2],["n2810462553",1,1],["n8943834107",0,0],["n3867949162",5,8],["n3867898062",5,9]],"stats":{"hvBefore":0,"hvAfter":2,"hvdBefore":5,"hvdAfter":5,"segs":9,"verts":10,"moved":2,"passes":4,"reverted":false,"proposed":9,"revertedN":3,"batches":10,"rounds":80,"clusterMoves":0,"groupsH":0,"groupsV":0,"comps":0,"fallback":0,"iters":2,"iterCap":20,"converged":true}},"lsq":{"cellAfter":[["n3808291107",8,2],["n1229578063",8,3],["n3170118329",6,5],["n1229578067",4,7],["n3808279927",3,8],["n3867875263",3,2],["n2810462553",1,0],["n8943834107",0,0],["n3867949162",6,8],["n3867898062",7,9]],"stats":{"hvBefore":0,"hvAfter":3,"hvdBefore":9,"hvdAfter":9,"segs":9,"verts":10,"moved":6,"passes":3,"reverted":false,"proposed":0,"rounds":120,"clusterMoves":0,"groupsH":0,"groupsV":0,"comps":0,"fallback":0,"iters":2,"iterCap":20,"converged":true}},"octi":{"cellAfter":[["n3808291107",9,3],["n1229578063",8,4],["n3170118329",6,4],["n1229578067",4,6],["n3808279927",2,7],["n3867875263",3,2],["n2810462553",1,1],["n8943834107",0,0],["n3867949162",6,8],["n3867898062",7,9]],"stats":{"hvBefore":0,"hvAfter":2,"hvdBefore":6,"hvdAfter":6,"segs":9,"verts":10,"moved":2,"passes":4,"reverted":false,"proposed":1,"revertedN":1,"batches":10,"settled":10,"rounds":0,"clusterMoves":0,"groupsH":0,"groupsV":0,"comps":0,"fallback":0,"iters":2,"iterCap":20,"converged":true}},"path":{"cellAfter":[["n3808291107",8,2],["n1229578063",7,3],["n3170118329",5,6],["n1229578067",4,6],["n3808279927",3,8],["n3867875263",2,3],["n2810462553",1,1],["n8943834107",0,1],["n3867949162",6,7],["n3867898062",8,8]],"stats":{"hvBefore":0,"hvAfter":2,"hvdBefore":5,"hvdAfter":5,"segs":9,"verts":10,"moved":8,"passes":6,"reverted":false,"proposed":0,"revertedN":0,"batches":2,"chains":2,"links":2,"rounds":0,"clusterMoves":0,"groupsH":0,"groupsV":0,"comps":0,"fallback":0,"iters":3,"iterCap":20,"converged":true}},"sat":{"cellAfter":[["n3808291107",9,1],["n1229578063",7,3],["n3170118329",5,5],["n1229578067",3,7],["n3808279927",1,9],["n3867875263",2,2],["n2810462553",0,1],["n8943834107",0,0],["n3867949162",7,9],["n3867898062",9,9]],"stats":{"hvBefore":0,"hvAfter":2,"hvdBefore":7,"hvdAfter":7,"segs":9,"verts":10,"moved":9,"passes":4,"reverted":true,"proposed":3,"comps":2,"fallback":0,"rounds":0,"clusterMoves":0,"groupsH":0,"groupsV":0,"iters":2,"iterCap":20,"converged":true}}},"layouts":{},"loops":{"hc":{"cellAfter":[["n3808291107",3,1],["n1229578063",2,1],["n3170118329",2,2],["n1229578067",1,2],["n3808279927",0,2],["n3867875263",1,1],["n2810462553",0,1],["n8943834107",0,0],["n3867949162",2,3],["n3867898062",2,4]],"stats":{"hvBefore":0,"hvAfter":8,"segs":9,"verts":10,"moved":7,"lineMoved":2,"gatherMoved":2,"rounds":2,"roundCap":200,"converged":true,"fromCols":10,"fromRows":10,"cols":4,"rows":5},"cols":4,"rows":5},"stroke":{"cellAfter":[["n3808291107",2,2],["n1229578063",2,3],["n3170118329",1,3],["n1229578067",0,3],["n3808279927",0,2],["n3867875263",1,1],["n2810462553",0,1],["n8943834107",0,0],["n3867949162",1,4],["n3867898062",1,5]],"stats":{"hvBefore":4,"hvAfter":9,"segs":9,"verts":10,"moved":4,"lineMoved":3,"gatherMoved":0,"rounds":3,"roundCap":200,"converged":true,"fromCols":10,"fromRows":10,"cols":3,"rows":6},"cols":3,"rows":6},"rect":{"cellAfter":[["n3808291107",4,3],["n1229578063",3,3],["n3170118329",2,3],["n1229578067",1,3],["n3808279927",0,3],["n3867875263",2,2],["n2810462553",2,1],["n8943834107",2,0],["n3867949162",2,4],["n3867898062",2,5]],"stats":{"hvBefore":8,"hvAfter":9,"segs":9,"verts":10,"moved":0,"lineMoved":1,"gatherMoved":0,"rounds":2,"roundCap":200,"converged":true,"fromCols":10,"fromRows":10,"cols":5,"rows":6},"cols":5,"rows":6},"milp":{"cellAfter":[["n3808291107",3,0],["n1229578063",2,0],["n3170118329",2,1],["n1229578067",2,2],["n3808279927",1,2],["n3867875263",1,1],["n2810462553",0,1],["n8943834107",0,0],["n3867949162",3,1],["n3867898062",4,1]],"stats":{"hvBefore":2,"hvAfter":9,"segs":9,"verts":10,"moved":8,"lineMoved":4,"gatherMoved":1,"rounds":3,"roundCap":200,"converged":true,"fromCols":10,"fromRows":10,"cols":5,"rows":3},"cols":5,"rows":3},"force":{"cellAfter":[["n3808291107",2,1],["n1229578063",2,2],["n3170118329",2,3],["n1229578067",0,3],["n3808279927",0,4],["n3867875263",1,1],["n2810462553",0,1],["n8943834107",0,0],["n3867949162",2,4],["n3867898062",2,5]],"stats":{"hvBefore":2,"hvAfter":8,"segs":9,"verts":10,"moved":5,"lineMoved":3,"gatherMoved":1,"rounds":2,"roundCap":200,"converged":true,"fromCols":10,"fromRows":10,"cols":3,"rows":6},"cols":3,"rows":6},"lsq":{"cellAfter":[["n3808291107",4,1],["n1229578063",4,2],["n3170118329",3,2],["n1229578067",2,2],["n3808279927",1,2],["n3867875263",1,1],["n2810462553",1,0],["n8943834107",0,0],["n3867949162",3,3],["n3867898062",3,4]],"stats":{"hvBefore":3,"hvAfter":8,"segs":9,"verts":10,"moved":5,"lineMoved":0,"gatherMoved":0,"rounds":2,"roundCap":200,"converged":true,"fromCols":10,"fromRows":10,"cols":5,"rows":5},"cols":5,"rows":5},"octi":{"cellAfter":[["n3808291107",3,1],["n1229578063",3,2],["n3170118329",2,2],["n1229578067",1,2],["n3808279927",0,2],["n3867875263",2,1],["n2810462553",0,1],["n8943834107",0,0],["n3867949162",2,3],["n3867898062",2,4]],"stats":{"hvBefore":2,"hvAfter":9,"segs":9,"verts":10,"moved":7,"lineMoved":1,"gatherMoved":2,"rounds":3,"roundCap":200,"converged":true,"fromCols":10,"fromRows":10,"cols":4,"rows":5},"cols":4,"rows":5},"path":{"cellAfter":[["n3808291107",2,1],["n1229578063",2,2],["n3170118329",1,2],["n1229578067",0,2],["n3808279927",0,3],["n3867875263",1,1],["n2810462553",1,0],["n8943834107",0,0],["n3867949162",1,3],["n3867898062",2,3]],"stats":{"hvBefore":2,"hvAfter":9,"segs":9,"verts":10,"moved":8,"lineMoved":5,"gatherMoved":0,"rounds":3,"roundCap":200,"converged":true,"fromCols":10,"fromRows":10,"cols":3,"rows":4},"cols":3,"rows":4},