{"algo":"hccells-v8","fingerprint":"1dlzy47:rg1.15","cityId":"as-ind-kochi","variant":"orig","shapelike":false,"hc":{"cellAfter":[["n4903755539",0,3],["n4903755240",1,2],["n840310419",2,4],["n4903755245",3,1],["n4903755238",4,0],["n11699277186",5,5]],"stats":{"verts":6,"segs":5,"hvAfter":0,"ms":0,"base":"grid"}},"posts":{"stroke":{"cellAfter":[["n4903755238",4,1],["n4903755245",3,1],["n4903755240",1,1],["n4903755539",1,4],["n840310419",2,4],["n11699277186",5,4]],"stats":{"hvBefore":0,"hvAfter":5,"hvdBefore":5,"hvdAfter":5,"segs":5,"verts":6,"moved":4,"passes":6,"reverted":false,"proposed":7,"revertedN":0,"batches":4,"strokes":1,"substrokes":4,"rounds":0,"clusterMoves":0,"groupsH":0,"groupsV":0,"comps":0,"fallback":0,"iters":2,"iterCap":20,"converged":true}},"rect":{"cellAfter":[["n4903755238",0,0],["n4903755245",0,1],["n4903755240",0,2],["n4903755539",0,3],["n840310419",0,4],["n11699277186",0,5]],"stats":{"before":278108.2617895681,"after":197.500000000017,"rounds":4,"moved":5,"clusterMoves":1,"idealHop":1,"verts":6,"segs":5,"hvBefore":0,"hvAfter":5,"groupsH":0,"groupsV":0,"comps":0,"fallback":0,"passes":0,"reverted":false,"iters":2,"iterCap":20,"converged":true}},"milp":{"cellAfter":[["n4903755238",5,0],["n4903755245",3,0],["n4903755240",0,0],["n4903755539",0,3],["n840310419",2,5],["n11699277186",5,5]],"stats":{"hvBefore":0,"hvAfter":4,"hvdBefore":5,"hvdAfter":5,"segs":5,"verts":6,"moved":4,"passes":6,"reverted":false,"proposed":0,"comps":3,"fallback":0,"rounds":0,"clusterMoves":0,"groupsH":0,"groupsV":0,"iters":3,"iterCap":20,"converged":true}},"force":{"cellAfter":[["n4903755238",4,0],["n4903755245",3,0],["n4903755240",3,2],["n4903755539",2,5],["n840310419",4,5],["n11699277186",5,5]],"stats":{"hvBefore":0,"hvAfter":4,"hvdBefore":4,"hvdAfter":4,"segs":5,"verts":6,"moved":4,"passes":10,"reverted":false,"proposed":6,"revertedN":1,"batches":6,"rounds":160,"clusterMoves":0,"groupsH":0,"groupsV":0,"comps":0,"fallback":0,"iters":4,"iterCap":20,"converged":true}},"lsq":{"cellAfter":[["n4903755238",4,0],["n4903755245",3,0],["n4903755240",1,2],["n4903755539",1,4],["n840310419",1,5],["n11699277186",5,5]],"stats":{"hvBefore":0,"hvAfter":4,"hvdBefore":5,"hvdAfter":5,"segs":5,"verts":6,"moved":3,"passes":3,"reverted":false,"proposed":0,"rounds":120,"clusterMoves":0,"groupsH":0,"groupsV":0,"comps":0,"fallback":0,"iters":2,"iterCap":20,"converged":true}},"octi":{"cellAfter":[["n4903755238",3,0],["n4903755245",3,2],["n4903755240",0,2],["n4903755539",0,4],["n840310419",2,4],["n11699277186",5,4]],"stats":{"hvBefore":0,"hvAfter":5,"hvdBefore":5,"hvdAfter":5,"segs":5,"verts":6,"moved":5,"passes":10,"reverted":false,"proposed":0,"revertedN":0,"batches":6,"settled":6,"rounds":0,"clusterMoves":0,"groupsH":0,"groupsV":0,"comps":0,"fallback":0,"iters":2,"iterCap":20,"converged":true}},"path":{"cellAfter":[["n4903755238",5,0],["n4903755245",4,1],["n4903755240",2,3],["n4903755539",1,4],["n840310419",2,4],["n11699277186",5,5]],"stats":{"hvBefore":0,"hvAfter":1,"hvdBefore":4,"hvdAfter":4,"segs":5,"verts":6,"moved":4,"passes":2,"reverted":false,"proposed":2,"revertedN":0,"batches":1,"chains":1,"links":2,"rounds":0,"clusterMoves":0,"groupsH":0,"groupsV":0,"comps":0,"fallback":0,"iters":2,"iterCap":20,"converged":true}},"sat":{"cellAfter":[["n4903755238",5,0],["n4903755245",3,0],["n4903755240",0,0],["n4903755539",0,3],["n840310419",2,5],["n11699277186",5,5]],"stats":{"hvBefore":0,"hvAfter":4,"hvdBefore":5,"hvdAfter":5,"segs":5,"verts":6,"moved":4,"passes":6,"reverted":false,"proposed":0,"comps":3,"fallback":0,"rounds":0,"clusterMoves":0,"groupsH":0,"groupsV":0,"iters":3,"iterCap":20,"converged":true}}},"layouts":{},"loops":{"hc":{"cellAfter":[["n4903755238",1,0],["n4903755245",1,1],["n4903755240",0,1],["n4903755539",0,2],["n840310419",1,2],["n11699277186",2,2]],"stats":{"hvBefore":0,"hvAfter":5,"segs":5,"verts":6,"moved":5,"lineMoved":1,"gatherMoved":0,"rounds":2,"roundCap":200,"converged":true,"fromCols":6,"fromRows":6,"cols":3,"rows":3,"emptyCols":[],"emptyRows":[],"dense":true},"cols":3,"rows":3},"stroke":{"cellAfter":[["n4903755238",3,0],["n4903755245",2,0],["n4903755240",0,0],["n4903755539",0,1],["n840310419",1,1],["n11699277186",2,1]],"stats":{"hvBefore":5,"hvAfter":5,"segs":5,"verts":6,"moved":2,"lineMoved":0,"gatherMoved":0,"rounds":2,"roundCap":200,"converged":true,"fromCols":6,"fromRows":6,"cols":4,"rows":2,"emptyCols":[],"emptyRows":[],"dense":true},"cols":4,"rows":2},"rect":{"cellAfter":[["n4903755238",0,0],["n4903755245",0,1],["n4903755240",0,2],["n4903755539",0,3],["n840310419",0,4],["n11699277186",0,5]],"stats":{"hvBefore":5,"hvAfter":5,"segs":5,"verts":6,"moved":0,"lineMoved":0,"gatherMoved":0,"rounds":1,"roundCap":200,"converged":true,"fromCols":6,"fromRows":6,"cols":1,"rows":6,"emptyCols":[],"emptyRows":[],"dense":true},"cols":1,"rows":6},"milp":{"cellAfter":[["n4903755238",3,0],["n4903755245",2,0],["n4903755240",0,0],["n4903755539",0,1],["n840310419",1,1],["n11699277186",2,1]],"stats":{"hvBefore":4,"hvAfter":5,"segs":5,"verts":6,"moved":2,"lineMoved":0,"gatherMoved":0,"rounds":2,"roundCap":200,"converged":true,"fromCols":6,"fromRows":6,"cols":4,"rows":2,"emptyCols":[],"emptyRows":[],"dense":true},"cols":4,"rows":2},"force":{"cellAfter":[["n4903755238",2,0],["n4903755245",1,0],["n4903755240",0,0],["n4903755539",0,1],["n840310419",2,1],["n11699277186",3,1]],"stats":{"hvBefore":4,"hvAfter":5,"segs":5,"verts":6,"moved":1,"lineMoved":0,"gatherMoved":0,"rounds":2,"roundCap":200,"converged":true,"fromCols":6,"fromRows":6,"cols":4,"rows":2,"emptyCols":[],"emptyRows":[],"dense":true},"cols":4,"rows":2},"lsq":{"cellAfter":[["n4903755238",2,0],["n4903755245",1,0],["n4903755240",0,0],["n4903755539",0,1],["n840310419",0,2],["n11699277186",1,2]],"stats":{"hvBefore":4,"hvAfter":5,"segs":5,"verts":6,"moved":3,"lineMoved":0,"gatherMoved":0,"rounds":2,"roundCap":200,"converged":true,"fromCols":6,"fromRows":6,"cols":3,"rows":3,"emptyCols":[],"emptyRows":[],"dense":true},"cols":3,"rows":3},"octi":{"cellAfter":[["n4903755238",1,0],["n4903755245",1,1],["n4903755240",0,1],["n4903755539",0,2],["n840310419",1,2],["n11699277186",2,2]],"stats":{"hvBefore":5,"hvAfter":5,"segs":5,"verts":6,"moved":1,"lineMoved":1,"gatherMoved":0,"rounds":2,"roundCap":200,"converged":true,"fromCols":6,"fromRows":6,"cols":3,"rows":3,"emptyCols":[],"emptyRows":[],"dense":true},"cols":3,"rows":3},"path":{"cellAfter":[["n4903755238",1,0],["n4903755245",1,1],["n4903755240",0,1],["n4903755539",0,2],["n840310419",1,2],["n11699277186",2,2]],"stats":{"hvBefore":1,"hvAfter":5,"segs":5,"verts":6,"moved":3,"lineMoved":1,"gatherMoved":0,"rounds":2,"roundCap":200,"converged":true,"fromCols":6,"fromRows":6,"cols":3,"rows":3,"emptyCols":[],"emptyRows":[],"dense":true},"cols":3,"rows":3},"sat":{"cellAfter":[["n4903755238",3,0],["n4903755245",2,0],["n4903755240",0,0],["n4903755539",0,1],["n840310419",1,1],["n11699277186",2,1]],"stats":{"hvBefore":4,"hvAfter":5,"segs":5,"verts":6,"moved":2,"lineMoved":0,"gatherMoved":0,"rounds":2,"roundCap":200,"converged":true,"fromCols":6,"fromRows":6,"cols":4,"rows":2,"emptyCols":[],"emptyRows":[],"dense":true},"cols":4,"rows":2}},"endp":{"hc":{"cellAfter":[["n4903755238",2,0],["n4903755245",2,1],["n4903755240",0,1],["n4903755539",0,2],["n840310419",1,2],["n11699277186",2,2]],"stats":{"hvBefore":0,"hvAfter":5,"segs":5,"verts":6,"moved":5,"movedPts":5,"movedLines":0,"converged":true,"fromCols":6,"fromRows":6,"cols":3,"rows":3},"cols":3,"rows":3},"stroke":{"cellAfter":[["n4903755238",3,0],["n4903755245",2,0],["n4903755240",0,0],["n4903755539",0,1],["n840310419",1,1],["n11699277186",2,1]],"stats":{"hvBefore":5,"hvAfter":5,"segs":5,"verts":6,"moved":2,"movedPts":2,"movedLines":0,"converged":true,"fromCols":5,"fromRows":2,"cols":4,"rows":2},"cols":4,"rows":2},"rect":{"cellAfter":[["n4903755238",0,0],["n4903755245",0,1],["n4903755240",0,2],["n4903755539",0,3],["n840310419",0,4],["n11699277186",0,5]],"stats":{"hvBefore":5,"hvAfter":5,"segs":5,"verts":6,"moved":0,"movedPts":0,"movedLines":0,