{"algo":"hccells-v8","fingerprint":"m4l591:rg1.15","cityId":"as-ind-gurgaon","variant":"rot","shapelike":false,"hc":{"cellAfter":[["n3953773598",0,5],["n3181132346",1,4],["n1988848864",2,2],["n13289640468",3,1],["n1988848882",4,3],["n2533456421",5,0]],"stats":{"verts":6,"segs":10,"hvAfter":0,"ms":0,"base":"grid"}},"posts":{"stroke":{"cellAfter":[["n3953773598",1,5],["n3181132346",2,5],["n1988848882",4,3],["n1988848864",3,3],["n13289640468",3,1],["n2533456421",5,1]],"stats":{"hvBefore":0,"hvAfter":7,"hvdBefore":8,"hvdAfter":8,"segs":10,"verts":6,"moved":4,"passes":4,"reverted":false,"proposed":8,"revertedN":0,"batches":1,"strokes":1,"substrokes":1,"rounds":0,"clusterMoves":0,"groupsH":0,"groupsV":0,"comps":0,"fallback":0,"iters":3,"iterCap":20,"converged":true}},"rect":{"cellAfter":[["n3953773598",4,5],["n3181132346",4,4],["n1988848882",4,3],["n1988848864",2,3],["n13289640468",2,0],["n2533456421",4,0]],"stats":{"before":1073624.7472303698,"after":728191.0148762319,"rounds":3,"moved":5,"clusterMoves":1,"idealHop":2,"verts":6,"segs":10,"hvBefore":0,"hvAfter":10,"groupsH":0,"groupsV":0,"comps":0,"fallback":0,"passes":0,"reverted":false,"iters":2,"iterCap":20,"converged":true}},"milp":{"cellAfter":[["n3953773598",0,5],["n3181132346",1,4],["n1988848882",3,2],["n1988848864",3,1],["n13289640468",5,1],["n2533456421",5,2]],"stats":{"hvBefore":0,"hvAfter":8,"hvdBefore":10,"hvdAfter":10,"segs":10,"verts":6,"moved":4,"passes":7,"reverted":true,"proposed":4,"comps":3,"fallback":0,"rounds":0,"clusterMoves":0,"groupsH":0,"groupsV":0,"iters":3,"iterCap":20,"converged":true}},"force":{"cellAfter":[["n3953773598",0,5],["n3181132346",0,4],["n1988848882",5,2],["n1988848864",4,2],["n13289640468",4,0],["n2533456421",5,0]],"stats":{"hvBefore":0,"hvAfter":9,"hvdBefore":9,"hvdAfter":9,"segs":10,"verts":6,"moved":4,"passes":10,"reverted":false,"proposed":6,"revertedN":0,"batches":6,"rounds":160,"clusterMoves":0,"groupsH":0,"groupsV":0,"comps":0,"fallback":0,"iters":4,"iterCap":20,"converged":true}},"lsq":{"cellAfter":[["n3953773598",1,5],["n3181132346",1,4],["n1988848882",5,3],["n1988848864",3,3],["n13289640468",3,2],["n2533456421",5,0]],"stats":{"hvBefore":0,"hvAfter":7,"hvdBefore":9,"hvdAfter":9,"segs":10,"verts":6,"moved":4,"passes":3,"reverted":false,"proposed":2,"rounds":120,"clusterMoves":0,"groupsH":0,"groupsV":0,"comps":0,"fallback":0,"iters":2,"iterCap":20,"converged":true}},"octi":{"cellAfter":[["n3953773598",0,4],["n3181132346",2,4],["n1988848882",2,3],["n1988848864",2,2],["n13289640468",3,1],["n2533456421",5,0]],"stats":{"hvBefore":0,"hvAfter":4,"hvdBefore":8,"hvdAfter":8,"segs":10,"verts":6,"moved":3,"passes":6,"reverted":false,"proposed":0,"revertedN":0,"batches":5,"settled":5,"rounds":0,"clusterMoves":0,"groupsH":0,"groupsV":0,"comps":0,"fallback":0,"iters":3,"iterCap":20,"converged":true}},"path":{"cellAfter":[["n3953773598",1,4],["n3181132346",2,4],["n1988848882",4,3],["n1988848864",3,3],["n13289640468",3,2],["n2533456421",5,1]],"stats":{"hvBefore":0,"hvAfter":5,"hvdBefore":5,"hvdAfter":5,"segs":10,"verts":6,"moved":5,"passes":6,"reverted":false,"proposed":4,"revertedN":0,"batches":1,"chains":1,"links":1,"rounds":0,"clusterMoves":0,"groupsH":0,"groupsV":0,"comps":0,"fallback":0,"iters":4,"iterCap":20,"converged":true}},"sat":{"cellAfter":[["n3953773598",0,5],["n3181132346",1,4],["n1988848882",3,2],["n1988848864",3,1],["n13289640468",5,1],["n2533456421",5,2]],"stats":{"hvBefore":0,"hvAfter":8,"hvdBefore":10,"hvdAfter":10,"segs":10,"verts":6,"moved":4,"passes":6,"reverted":false,"proposed":0,"comps":3,"fallback":0,"rounds":0,"clusterMoves":0,"groupsH":0,"groupsV":0,"iters":3,"iterCap":20,"converged":true}}},"layouts":{},"loops":{"hc":{"cellAfter":[["n3953773598",0,2],["n3181132346",1,2],["n1988848882",1,1],["n1988848864",0,1],["n13289640468",0,0],["n2533456421",1,0]],"stats":{"hvBefore":0,"hvAfter":10,"segs":10,"verts":6,"moved":4,"lineMoved":2,"gatherMoved":0,"rounds":2,"roundCap":200,"converged":true,"fromCols":6,"fromRows":6,"cols":2,"rows":3,"emptyCols":[],"emptyRows":[],"dense":true},"cols":2,"rows":3},"stroke":{"cellAfter":[["n3953773598",0,2],["n3181132346",1,2],["n1988848882",1,1],["n1988848864",0,1],["n13289640468",0,0],["n2533456421",1,0]],"stats":{"hvBefore":7,"hvAfter":10,"segs":10,"verts":6,"moved":1,"lineMoved":2,"gatherMoved":0,"rounds":2,"roundCap":200,"converged":true,"fromCols":6,"fromRows":6,"cols":2,"rows":3,"emptyCols":[],"emptyRows":[],"dense":true},"cols":2,"rows":3},"rect":{"cellAfter":[["n3953773598",1,3],["n3181132346",1,2],["n1988848882",1,1],["n1988848864",0,1],["n13289640468",0,0],["n2533456421",1,0]],"stats":{"hvBefore":10,"hvAfter":10,"segs":10,"verts":6,"moved":0,"lineMoved":0,"gatherMoved":0,"rounds":1,"roundCap":200,"converged":true,"fromCols":6,"fromRows":6,"cols":2,"rows":4,"emptyCols":[],"emptyRows":[],"dense":true},"cols":2,"rows":4},"milp":{"cellAfter":[["n3953773598",0,2],["n3181132346",0,1],["n1988848882",1,1],["n1988848864",1,0],["n13289640468",2,0],["n2533456421",2,1]],"stats":{"hvBefore":8,"hvAfter":10,"segs":10,"verts":6,"moved":1,"lineMoved":0,"gatherMoved":0,"rounds":2,"roundCap":200,"converged":true,"fromCols":6,"fromRows":6,"cols":3,"rows":3,"emptyCols":[],"emptyRows":[],"dense":true},"cols":3,"rows":3},"force":{"cellAfter":[["n3953773598",1,3],["n3181132346",1,2],["n1988848882",1,1],["n1988848864",0,1],["n13289640468",0,0],["n2533456421",1,0]],"stats":{"hvBefore":9,"hvAfter":10,"segs":10,"verts":6,"moved":0,"lineMoved":2,"gatherMoved":0,"rounds":2,"roundCap":200,"converged":true,"fromCols":6,"fromRows":6,"cols":2,"rows":4,"emptyCols":[],"emptyRows":[],"dense":true},"cols":2,"rows":4},"lsq":{"cellAfter":[["n3953773598",1,3],["n3181132346",1,2],["n1988848882",1,1],["n1988848864",0,1],["n13289640468",0,0],["n2533456421",1,0]],"stats":{"hvBefore":7,"hvAfter":10,"segs":10,"verts":6,"moved":1,"lineMoved":2,"gatherMoved":0,"rounds":2,"roundCap":200,"converged":true,"fromCols":6,"fromRows":6,"cols":2,"rows":4,"emptyCols":[],"emptyRows":[],"dense":true},"cols":2,"rows":4},"octi":{"cellAfter":[["n3953773598",0,2],["n3181132346",1,2],["n1988848882",1,1],["n1988848864",0,1],["n13289640468",0,0],["n2533456421",1,0]],"stats":{"hvBefore":4,"hvAfter":10,"segs":10,"verts":6,"moved":4,"lineMoved":0,"gatherMoved":0,"rounds":2,"roundCap":200,"converged":true,"fromCols":6,"fromRows":6,"cols":2,"rows":3,"emptyCols":[],"emptyRows":[],"dense":true},"cols":2,"rows":3},"path":{"cellAfter":[["n3953773598",0,2],["n3181132346",1,2],["n1988848882",1,1],["n1988848864",0,1],["n13289640468",0,0],["n2533456421",1,0]],"stats":{"hvBefore":5,"hvAfter":10,"segs":10,"verts":6,"moved":2,"lineMoved":2,"gatherMoved":0,"rounds":2,"roundCap":200,"converged":true,"fromCols":6,"fromRows":6,"cols":2,"rows":3,"emptyCols":[],"emptyRows":[],"dense":true},"cols":2,"rows":3},"sat":{"cellAfter":[["n3953773598",0,2],["n3181132346",0,1],["n1988848882",1,1],["n1988848864",1,0],["n13289640468",2,0],["n2533456421",2,1]],"stats":{"hvBefore":8,"hvAfter":10,"segs":10,"verts":6,"moved":1,"lineMoved":0,"gatherMoved":0,"rounds":2,"roundCap":200,"converged":true,"fromCols":6,"fromRows":6,"cols":3,"rows":3,"emptyCols":[],"emptyRows":[],"dense":true},"cols":3,"rows":3}},"endp":{"hc":{"cellAfter":[["n3953773598",0,2],["n3181132346",1,2],["n1988848882",3,1],["n1988848864",2,1],["n13289640468",2,0],["n2533456421",3,0]],"stats":{"hvBefore":0,"hvAfter":9,"segs":10,"verts":6,"moved":4,"movedPts":4,"movedLines":0,"converged":true,"fromCols":6,"fromRows":6,"cols":4,"rows":3},"cols":4,"rows":3},"stroke":{"cellAfter":[["n3953773598",0,2],["n3181132346",1,2],["n1988848882",3,1],["n1988848864",2,1],["n13289640468",2,0],["n2533456421",3,0]],"stats":{"hvBefore":7,"hvAfter":9,"segs":10,"verts":6,"moved":1,"movedPts":1,"movedLines":0,"converged":true,"fromCols":5,"fromRows":3,"cols":4,"rows":3},"cols":4,"rows":3},"rect":{"cellAfter":[["n3953773598",1,3],["n3181132346",1,2],["n1988848882",1,1],["n1988848864",0,1],["n13289640468",0,0],["n2533456421",1,0]],"stats":{"hvBefore":10,"hvAfter":10,