{"algo":"hccells-v8","fingerprint":"1rr8s84:rg1.15","cityId":"as-jpn-sendai","variant":"rot","shapelike":false,"hc":{"cellAfter":[["n2748877942",0,2],["n2748877938",1,4],["n264415745",2,8],["n264415884",3,3],["n264416312",4,7],["n264416384",5,1],["n5214080988",6,0],["n3880061720",7,5],["n3880060318",8,6]],"stats":{"verts":9,"segs":8,"hvAfter":0,"ms":0,"base":"grid"}},"posts":{"stroke":{"cellAfter":[["n2748877938",1,4],["n2748877942",1,3],["n264415884",3,3],["n3880061720",7,3],["n3880060318",8,3],["n264416312",3,7],["n264415745",3,8],["n264416384",5,1],["n5214080988",6,0]],"stats":{"hvBefore":0,"hvAfter":6,"hvdBefore":8,"hvdAfter":8,"segs":8,"verts":9,"moved":5,"passes":9,"reverted":false,"proposed":7,"revertedN":0,"batches":4,"strokes":3,"substrokes":4,"rounds":0,"clusterMoves":0,"groupsH":0,"groupsV":0,"comps":0,"fallback":0,"iters":3,"iterCap":20,"converged":true}},"rect":{"cellAfter":[["n2748877938",2,2],["n2748877942",3,2],["n264415884",4,2],["n3880061720",6,4],["n3880060318",8,6],["n264416312",4,5],["n264415745",4,8],["n264416384",5,1],["n5214080988",6,0]],"stats":{"before":484857.5921621896,"after":158595.86428643018,"rounds":3,"moved":6,"clusterMoves":1,"idealHop":1,"verts":9,"segs":8,"hvBefore":0,"hvAfter":4,"groupsH":0,"groupsV":0,"comps":0,"fallback":0,"passes":0,"reverted":false,"iters":2,"iterCap":20,"converged":true}},"milp":{"cellAfter":[["n2748877938",0,5],["n2748877942",0,3],["n264415884",4,3],["n3880061720",6,6],["n3880060318",8,8],["n264416312",2,6],["n264415745",0,8],["n264416384",7,0],["n5214080988",8,0]],"stats":{"hvBefore":0,"hvAfter":3,"hvdBefore":6,"hvdAfter":6,"segs":8,"verts":9,"moved":9,"passes":5,"reverted":true,"proposed":5,"comps":2,"fallback":0,"rounds":0,"clusterMoves":0,"groupsH":0,"groupsV":0,"iters":2,"iterCap":20,"converged":true}},"force":{"cellAfter":[["n2748877938",0,6],["n2748877942",0,4],["n264415884",1,5],["n3880061720",8,5],["n3880060318",8,6],["n264416312",4,8],["n264415745",2,8],["n264416384",5,1],["n5214080988",6,0]],"stats":{"hvBefore":0,"hvAfter":4,"hvdBefore":8,"hvdAfter":8,"segs":8,"verts":9,"moved":5,"passes":12,"reverted":false,"proposed":9,"revertedN":3,"batches":9,"rounds":160,"clusterMoves":0,"groupsH":0,"groupsV":0,"comps":0,"fallback":0,"iters":4,"iterCap":20,"converged":true}},"lsq":{"cellAfter":[["n2748877938",2,4],["n2748877942",0,2],["n264415884",3,2],["n3880061720",7,6],["n3880060318",8,6],["n264416312",3,7],["n264415745",2,7],["n264416384",5,0],["n5214080988",6,0]],"stats":{"hvBefore":0,"hvAfter":5,"hvdBefore":8,"hvdAfter":8,"segs":8,"verts":9,"moved":6,"passes":5,"reverted":false,"proposed":0,"rounds":180,"clusterMoves":0,"groupsH":0,"groupsV":0,"comps":0,"fallback":0,"iters":3,"iterCap":20,"converged":true}},"octi":{"cellAfter":[["n2748877938",1,4],["n2748877942",0,3],["n264415884",3,3],["n3880061720",7,3],["n3880060318",7,6],["n264416312",3,7],["n264415745",2,8],["n264416384",5,1],["n5214080988",6,0]],"stats":{"hvBefore":0,"hvAfter":4,"hvdBefore":8,"hvdAfter":8,"segs":8,"verts":9,"moved":4,"passes":8,"reverted":false,"proposed":0,"revertedN":0,"batches":9,"settled":9,"rounds":0,"clusterMoves":0,"groupsH":0,"groupsV":0,"comps":0,"fallback":0,"iters":2,"iterCap":20,"converged":true}},"path":{"cellAfter":[["n2748877938",1,5],["n2748877942",0,4],["n264415884",4,4],["n3880061720",7,5],["n3880060318",8,5],["n264416312",2,6],["n264415745",1,7],["n264416384",6,2],["n5214080988",7,1]],"stats":{"hvBefore":0,"hvAfter":2,"hvdBefore":7,"hvdAfter":7,"segs":8,"verts":9,"moved":8,"passes":4,"reverted":false,"proposed":1,"revertedN":0,"batches":2,"chains":2,"links":2,"rounds":0,"clusterMoves":0,"groupsH":0,"groupsV":0,"comps":0,"fallback":0,"iters":2,"iterCap":20,"converged":true}},"sat":{"cellAfter":[["n2748877938",0,5],["n2748877942",0,3],["n264415884",4,3],["n3880061720",6,6],["n3880060318",8,8],["n264416312",2,6],["n264415745",0,8],["n264416384",7,0],["n5214080988",8,0]],"stats":{"hvBefore":0,"hvAfter":3,"hvdBefore":6,"hvdAfter":6,"segs":8,"verts":9,"moved":9,"passes":5,"reverted":true,"proposed":5,"comps":2,"fallback":0,"rounds":0,"clusterMoves":0,"groupsH":0,"groupsV":0,"iters":2,"iterCap":20,"converged":true}}},"layouts":{},"loops":{"hc":{"cellAfter":[["n2748877938",0,1],["n2748877942",0,2],["n264415884",1,2],["n3880061720",2,2],["n3880060318",3,2],["n264416312",1,3],["n264415745",0,3],["n264416384",1,1],["n5214080988",1,0]],"stats":{"hvBefore":0,"hvAfter":8,"segs":8,"verts":9,"moved":10,"lineMoved":1,"gatherMoved":1,"rounds":2,"roundCap":200,"converged":true,"fromCols":9,"fromRows":9,"cols":4,"rows":4,"emptyCols":[],"emptyRows":[],"dense":true},"cols":4,"rows":4},"stroke":{"cellAfter":[["n2748877938",0,2],["n2748877942",0,1],["n264415884",2,1],["n3880061720",3,1],["n3880060318",4,1],["n264416312",2,2],["n264415745",1,2],["n264416384",2,0],["n5214080988",3,0]],"stats":{"hvBefore":6,"hvAfter":8,"segs":8,"verts":9,"moved":3,"lineMoved":1,"gatherMoved":1,"rounds":2,"roundCap":200,"converged":true,"fromCols":9,"fromRows":9,"cols":5,"rows":3,"emptyCols":[],"emptyRows":[],"dense":true},"cols":5,"rows":3},"rect":{"cellAfter":[["n2748877938",0,1],["n2748877942",1,1],["n264415884",2,1],["n3880061720",3,1],["n3880060318",3,2],["n264416312",2,2],["n264415745",2,3],["n264416384",2,0],["n5214080988",3,0]],"stats":{"hvBefore":4,"hvAfter":8,"segs":8,"verts":9,"moved":4,"lineMoved":0,"gatherMoved":0,"rounds":2,"roundCap":200,"converged":true,"fromCols":9,"fromRows":9,"cols":4,"rows":4,"emptyCols":[],"emptyRows":[],"dense":true},"cols":4,"rows":4},"milp":{"cellAfter":[["n2748877938",0,2],["n2748877942",0,1],["n264415884",1,1],["n3880061720",2,2],["n3880060318",2,3],["n264416312",1,3],["n264415745",0,3],["n264416384",2,1],["n5214080988",2,0]],"stats":{"hvBefore":3,"hvAfter":7,"segs":8,"verts":9,"moved":4,"lineMoved":2,"gatherMoved":0,"rounds":2,"roundCap":200,"converged":true,"fromCols":9,"fromRows":9,"cols":3,"rows":4,"emptyCols":[],"emptyRows":[],"dense":true},"cols":3,"rows":4},"force":{"cellAfter":[["n2748877938",0,2],["n2748877942",0,1],["n264415884",2,1],["n3880061720",3,1],["n3880060318",3,2],["n264416312",2,2],["n264415745",1,2],["n264416384",2,0],["n5214080988",3,0]],"stats":{"hvBefore":4,"hvAfter":8,"segs":8,"verts":9,"moved":8,"lineMoved":2,"gatherMoved":0,"rounds":2,"roundCap":200,"converged":true,"fromCols":9,"fromRows":9,"cols":4,"rows":3,"emptyCols":[],"emptyRows":[],"dense":true},"cols":4,"rows":3},"lsq":{"cellAfter":[["n2748877938",0,2],["n2748877942",0,1],["n264415884",2,1],["n3880061720",3,1],["n3880060318",4,1],["n264416312",2,2],["n264415745",1,2],["n264416384",2,0],["n5214080988",3,0]],"stats":{"hvBefore":5,"hvAfter":8,"segs":8,"verts":9,"moved":3,"lineMoved":4,"gatherMoved":0,"rounds":2,"roundCap":200,"converged":true,"fromCols":9,"fromRows":9,"cols":5,"rows":3,"emptyCols":[],"emptyRows":[],"dense":true},"cols":5,"rows":3},"octi":{"cellAfter":[["n2748877938",0,2],["n2748877942",0,1],["n264415884",2,1],["n3880061720",3,1],["n3880060318",3,2],["n264416312",2,2],["n264415745",1,2],["n264416384",2,0],["n5214080988",3,0]],"stats":{"hvBefore":4,"hvAfter":8,"segs":8,"verts":9,"moved":6,"lineMoved":2,"gatherMoved":0,"rounds":2,"roundCap":200,"converged":true,"fromCols":9,"fromRows":9,"cols":4,"rows":3,"emptyCols":[],"emptyRows":[],"dense":true},"cols":4,"rows":3},"path":{"cellAfter":[["n2748877938",0,1],["n2748877942",1,1],["n264415884",2,1],["n3880061720",3,1],["n3880060318",4,1],["n264416312",2,2],["n264415745",1,2],["n264416384",2,0],["n5214080988",3,0]],"stats":{"hvBefore":2,"hvAfter":8,"segs":8,"verts":9,"moved":5,"lineMoved":0,"gatherMoved":0,"rounds":2,"roundCap":200,"converged":true,"fromCols":9,"fromRows":9,"cols":5,"rows":3,"emptyCols":[],"emptyRows":[],"dense":true},"cols":5,"rows":3},"sat":{"cellAfter":[["n2748877938",0,2],["n2748877942",0,1],["n264415884",1,1],["n3880061720",2,2],["n3880060318",2,3],["n264416312",1,3],["n264415745",0,3],["n264416384",2,1],["n5214080988",2,0]],"stats":{"hvBefore":3,"hvAfter":7,"segs":8,"verts":9,"moved":4,"lineMoved":2,"gatherMoved":0,"rounds":2,