{"algo":"hccells-v4","fingerprint":"16dkhao:rg1.15","cityId":"as-jpn-kobe","variant":"rot","shapelike":false,"hc":{"cellAfter":[["n3721936227",0,0],["n519686539",1,2],["n519689481",2,6],["n519694499",3,5],["n519695206",4,7],["n519699425",5,3],["n519699233",6,4],["n5214409621",7,1]],"stats":{"verts":8,"segs":7,"hvAfter":0,"ms":0,"base":"grid"}},"posts":{"stroke":{"cellAfter":[["n519699233",4,7],["n519695206",3,7],["n519689481",2,6],["n519694499",3,6],["n519699425",4,6],["n5214409621",6,6],["n519686539",1,6],["n3721936227",1,5]],"stats":{"hvBefore":0,"hvAfter":6,"hvdBefore":7,"hvdAfter":7,"segs":7,"verts":8,"moved":7,"passes":30,"reverted":false,"proposed":7,"revertedN":0,"batches":3,"strokes":3,"substrokes":3,"rounds":0,"clusterMoves":0,"groupsH":0,"groupsV":0,"comps":0,"fallback":0,"iters":7,"iterCap":20,"converged":true}},"rect":{"cellAfter":[["n519699233",3,7],["n519695206",2,7],["n519689481",1,7],["n519694499",3,5],["n519699425",5,3],["n5214409621",7,1],["n519686539",1,6],["n3721936227",1,5]],"stats":{"before":381943.43758810015,"after":241026.92524129243,"rounds":3,"moved":5,"clusterMoves":1,"idealHop":1,"verts":8,"segs":7,"hvBefore":0,"hvAfter":4,"groupsH":0,"groupsV":0,"comps":0,"fallback":0,"passes":0,"reverted":false,"iters":2,"iterCap":20,"converged":true}},"milp":{"cellAfter":[["n519699233",7,6],["n519695206",6,6],["n519689481",2,6],["n519694499",4,4],["n519699425",7,1],["n5214409621",7,0],["n519686539",0,3],["n3721936227",0,0]],"stats":{"hvBefore":0,"hvAfter":4,"hvdBefore":6,"hvdAfter":6,"segs":7,"verts":8,"moved":6,"passes":6,"reverted":false,"proposed":0,"comps":3,"fallback":0,"rounds":0,"clusterMoves":0,"groupsH":0,"groupsV":0,"iters":3,"iterCap":20,"converged":true}},"force":{"cellAfter":[["n519699233",6,4],["n519695206",6,7],["n519689481",2,6],["n519694499",3,5],["n519699425",5,3],["n5214409621",7,1],["n519686539",1,2],["n3721936227",1,0]],"stats":{"hvBefore":0,"hvAfter":2,"hvdBefore":5,"hvdAfter":5,"segs":7,"verts":8,"moved":2,"passes":4,"reverted":false,"proposed":8,"revertedN":2,"batches":8,"rounds":80,"clusterMoves":0,"groupsH":0,"groupsV":0,"comps":0,"fallback":0,"iters":2,"iterCap":20,"converged":true}},"lsq":{"cellAfter":[["n519699233",6,4],["n519695206",3,7],["n519689481",2,6],["n519694499",3,5],["n519699425",5,3],["n5214409621",7,1],["n519686539",2,2],["n3721936227",0,0]],"stats":{"hvBefore":0,"hvAfter":1,"hvdBefore":7,"hvdAfter":7,"segs":7,"verts":8,"moved":2,"passes":3,"reverted":false,"proposed":0,"rounds":120,"clusterMoves":0,"groupsH":0,"groupsV":0,"comps":0,"fallback":0,"iters":2,"iterCap":20,"converged":true}},"octi":{"cellAfter":[["n519699233",6,4],["n519695206",4,6],["n519689481",2,6],["n519694499",3,5],["n519699425",5,3],["n5214409621",7,1],["n519686539",1,2],["n3721936227",1,0]],"stats":{"hvBefore":0,"hvAfter":2,"hvdBefore":6,"hvdAfter":6,"segs":7,"verts":8,"moved":2,"passes":4,"reverted":false,"proposed":2,"revertedN":1,"batches":8,"settled":8,"rounds":0,"clusterMoves":0,"groupsH":0,"groupsV":0,"comps":0,"fallback":0,"iters":2,"iterCap":20,"converged":true}},"path":{"cellAfter":[["n519699233",6,5],["n519695206",4,5],["n519689481",2,5],["n519694499",3,3],["n519699425",5,3],["n5214409621",7,5],["n519686539",2,2],["n3721936227",2,0]],"stats":{"hvBefore":0,"hvAfter":5,"hvdBefore":6,"hvdAfter":6,"segs":7,"verts":8,"moved":7,"passes":8,"reverted":false,"proposed":2,"revertedN":0,"batches":2,"chains":2,"links":3,"rounds":0,"clusterMoves":0,"groupsH":0,"groupsV":0,"comps":0,"fallback":0,"iters":3,"iterCap":20,"converged":true}},"sat":{"cellAfter":[["n519699233",7,6],["n519695206",6,6],["n519689481",2,6],["n519694499",4,4],["n519699425",7,1],["n5214409621",7,0],["n519686539",0,3],["n3721936227",0,0]],"stats":{"hvBefore":0,"hvAfter":4,"hvdBefore":6,"hvdAfter":6,"segs":7,"verts":8,"moved":6,"passes":6,"reverted":false,"proposed":0,"comps":3,"fallback":0,"rounds":0,"clusterMoves":0,"groupsH":0,"groupsV":0,"iters":3,"iterCap":20,"converged":true}}},"layouts":{},"loops":{"hc":{"cellAfter":[["n519699233",1,3],["n519695206",0,3],["n519689481",0,2],["n519694499",1,2],["n519699425",2,2],["n5214409621",2,1],["n519686539",0,1],["n3721936227",0,0]],"stats":{"hvBefore":0,"hvAfter":7,"segs":7,"verts":8,"moved":12,"lineMoved":0,"gatherMoved":2,"rounds":4,"roundCap":200,"converged":true,"fromCols":8,"fromRows":8,"cols":3,"rows":4},"cols":3,"rows":4},"stroke":{"cellAfter":[["n519699233",2,2],["n519695206",1,2],["n519689481",1,1],["n519694499",2,1],["n519699425",3,1],["n5214409621",4,1],["n519686539",0,1],["n3721936227",0,0]],"stats":{"hvBefore":6,"hvAfter":7,"segs":7,"verts":8,"moved":2,"lineMoved":0,"gatherMoved":0,"rounds":2,"roundCap":200,"converged":true,"fromCols":8,"fromRows":8,"cols":5,"rows":3},"cols":5,"rows":3},"rect":{"cellAfter":[["n519699233",2,3],["n519695206",1,3],["n519689481",0,3],["n519694499",1,1],["n519699425",2,1],["n5214409621",2,0],["n519686539",0,2],["n3721936227",0,1]],"stats":{"hvBefore":4,"hvAfter":6,"segs":7,"verts":8,"moved":3,"lineMoved":2,"gatherMoved":0,"rounds":3,"roundCap":200,"converged":true,"fromCols":8,"fromRows":8,"cols":3,"rows":4},"cols":3,"rows":4},"milp":{"cellAfter":[["n519699233",2,3],["n519695206",1,3],["n519689481",0,3],["n519694499",1,1],["n519699425",2,1],["n5214409621",2,0],["n519686539",0,2],["n3721936227",0,1]],"stats":{"hvBefore":4,"hvAfter":6,"segs":7,"verts":8,"moved":4,"lineMoved":0,"gatherMoved":1,"rounds":2,"roundCap":200,"converged":true,"fromCols":8,"fromRows":8,"cols":3,"rows":4},"cols":3,"rows":4},"force":{"cellAfter":[["n519699233",2,1],["n519695206",2,2],["n519689481",0,2],["n519694499",1,1],["n519699425",1,0],["n5214409621",2,0],["n519686539",0,1],["n3721936227",0,0]],"stats":{"hvBefore":2,"hvAfter":6,"segs":7,"verts":8,"moved":7,"lineMoved":3,"gatherMoved":0,"rounds":2,"roundCap":200,"converged":true,"fromCols":8,"fromRows":8,"cols":3,"rows":3},"cols":3,"rows":3},"lsq":{"cellAfter":[["n519699233",1,3],["n519695206",0,3],["n519689481",0,2],["n519694499",1,2],["n519699425",1,1],["n5214409621",2,1],["n519686539",0,1],["n3721936227",0,0]],"stats":{"hvBefore":1,"hvAfter":7,"segs":7,"verts":8,"moved":9,"lineMoved":0,"gatherMoved":1,"rounds":4,"roundCap":200,"converged":true,"fromCols":8,"fromRows":8,"cols":3,"rows":4},"cols":3,"rows":4},"octi":{"cellAfter":[["n519699233",3,1],["n519695206",3,2],["n519689481",1,2],["n519694499",2,1],["n519699425",2,0],["n5214409621",3,0],["n519686539",1,0],["n3721936227",0,0]],"stats":{"hvBefore":2,"hvAfter":6,"segs":7,"verts":8,"moved":8,"lineMoved":2,"gatherMoved":1,"rounds":3,"roundCap":200,"converged":true,"fromCols":8,"fromRows":8,"cols":4,"rows":3},"cols":4,"rows":3},"path":{"cellAfter":[["n519699233",2,2],["n519695206",1,2],["n519689481",0,2],["n519694499",1,1],["n519699425",3,1],["n5214409621",3,2],["n519686539",0,1],["n3721936227",0,0]],"stats":{"hvBefore":5,"hvAfter":6,"segs":7,"verts":8,"moved":2,"lineMoved":1,"gatherMoved":1,"rounds":2,"roundCap":200,"converged":true,"fromCols":8,"fromRows":8,"cols":4,"rows":3},"cols":4,"rows":3},"sat":{"cellAfter":[["n519699233",2,3],["n519695206",1,3],["n519689481",0,3],["n519694499",1,1],["n519699425",2,1],["n5214409621",2,0],["n519686539",0,2],["n3721936227",0,1]],"stats":{"hvBefore":4,"hvAfter":6,"segs":7,"verts":8,"moved":4,"lineMoved":0,"gatherMoved":1,"rounds":2,"roundCap":200,"converged":true,"fromCols":8,"fromRows":8,"cols":3,"rows":4},"cols":3,"rows":4}},"endp":{"hc":{"cellAfter":[["n519699233",1,3],["n519695206",0,3],["n519689481",0,2],["n519694499",1,2],["n519699425",1,0],["n5214409621",2,0],["n519686539",0,1],["n3721936227",0,0]],"stats":{"hvBefore":0,"hvAfter":7,"segs":7,"verts":8,"moved":13,"movedPts":13,"movedLines":0,"converged":true,"fromCols":8,"fromRows":8,"cols":3,"rows":4},"cols":3,"rows":4},"stroke":{"cellAfter":[["n519699233",2,2],["n519695206",1,2],["n519689481",1,1],["n519694499",2,1],["n519699425",3,1],["n5214409621",4,1],["n519686539",0,1],["n3721936227",0,0]],"stats":{"hvBefore":6,"hvAfter":7,"segs":7,"verts":8,"moved":2,"movedPts":2,"movedLines":0,"converged":true,