{"algo":"hccells-v8","fingerprint":"16dkhao:rg1.15","cityId":"as-jpn-kobe","variant":"orig","shapelike":false,"hc":{"cellAfter":[["n3721936227",0,1],["n519686539",1,4],["n519689481",2,7],["n519694499",3,5],["n5214409621",4,0],["n519695206",5,6],["n519699425",6,2],["n519699233",7,3]],"stats":{"verts":8,"segs":7,"hvAfter":0,"ms":0,"base":"grid"}},"posts":{"stroke":{"cellAfter":[["n519699233",4,7],["n519695206",3,7],["n519689481",2,7],["n519694499",2,5],["n519699425",2,2],["n5214409621",2,0],["n519686539",0,5],["n3721936227",0,4]],"stats":{"hvBefore":0,"hvAfter":6,"hvdBefore":7,"hvdAfter":7,"segs":7,"verts":8,"moved":7,"passes":16,"reverted":false,"proposed":7,"revertedN":0,"batches":3,"strokes":3,"substrokes":3,"rounds":0,"clusterMoves":0,"groupsH":0,"groupsV":0,"comps":0,"fallback":0,"iters":5,"iterCap":20,"converged":true}},"rect":{"cellAfter":[["n519699233",7,7],["n519695206",6,7],["n519689481",5,7],["n519694499",5,6],["n519699425",5,5],["n5214409621",5,4],["n519686539",4,7],["n3721936227",3,7]],"stats":{"before":464913.96822278865,"after":63421.59493035744,"rounds":3,"moved":8,"clusterMoves":3,"idealHop":1,"verts":8,"segs":7,"hvBefore":0,"hvAfter":7,"groupsH":0,"groupsV":0,"comps":0,"fallback":0,"passes":0,"reverted":false,"iters":2,"iterCap":20,"converged":true}},"milp":{"cellAfter":[["n519699233",7,7],["n519695206",4,7],["n519689481",0,7],["n519694499",3,4],["n519699425",5,2],["n5214409621",5,0],["n519686539",0,3],["n3721936227",0,0]],"stats":{"hvBefore":0,"hvAfter":5,"hvdBefore":7,"hvdAfter":7,"segs":7,"verts":8,"moved":8,"passes":6,"reverted":true,"proposed":1,"comps":3,"fallback":0,"rounds":0,"clusterMoves":0,"groupsH":0,"groupsV":0,"iters":3,"iterCap":20,"converged":true}},"force":{"cellAfter":[["n519699233",7,3],["n519695206",7,4],["n519689481",0,7],["n519694499",3,5],["n519699425",7,0],["n5214409621",4,0],["n519686539",0,2],["n3721936227",0,1]],"stats":{"hvBefore":0,"hvAfter":4,"hvdBefore":4,"hvdAfter":4,"segs":7,"verts":8,"moved":4,"passes":10,"reverted":false,"proposed":7,"revertedN":2,"batches":8,"rounds":120,"clusterMoves":0,"groupsH":0,"groupsV":0,"comps":0,"fallback":0,"iters":3,"iterCap":20,"converged":true}},"lsq":{"cellAfter":[["n519699233",7,4],["n519695206",4,7],["n519689481",1,7],["n519694499",3,5],["n519699425",6,2],["n5214409621",4,0],["n519686539",1,3],["n3721936227",1,0]],"stats":{"hvBefore":0,"hvAfter":3,"hvdBefore":7,"hvdAfter":7,"segs":7,"verts":8,"moved":5,"passes":3,"reverted":false,"proposed":0,"rounds":120,"clusterMoves":0,"groupsH":0,"groupsV":0,"comps":0,"fallback":0,"iters":2,"iterCap":20,"converged":true}},"octi":{"cellAfter":[["n519699233",7,3],["n519695206",5,7],["n519689481",1,7],["n519694499",3,5],["n519699425",6,2],["n5214409621",4,0],["n519686539",1,4],["n3721936227",1,1]],"stats":{"hvBefore":0,"hvAfter":3,"hvdBefore":6,"hvdAfter":6,"segs":7,"verts":8,"moved":3,"passes":6,"reverted":false,"proposed":0,"revertedN":0,"batches":8,"settled":8,"rounds":0,"clusterMoves":0,"groupsH":0,"groupsV":0,"comps":0,"fallback":0,"iters":2,"iterCap":20,"converged":true}},"path":{"cellAfter":[["n519699233",7,6],["n519695206",5,6],["n519689481",2,6],["n519694499",4,5],["n519699425",4,2],["n5214409621",3,0],["n519686539",2,4],["n3721936227",2,1]],"stats":{"hvBefore":0,"hvAfter":5,"hvdBefore":5,"hvdAfter":5,"segs":7,"verts":8,"moved":7,"passes":7,"reverted":false,"proposed":5,"revertedN":0,"batches":2,"chains":2,"links":3,"rounds":0,"clusterMoves":0,"groupsH":0,"groupsV":0,"comps":0,"fallback":0,"iters":3,"iterCap":20,"converged":true}},"sat":{"cellAfter":[["n519699233",7,7],["n519695206",4,7],["n519689481",0,7],["n519694499",3,4],["n519699425",5,2],["n5214409621",5,0],["n519686539",0,3],["n3721936227",0,0]],"stats":{"hvBefore":0,"hvAfter":5,"hvdBefore":7,"hvdAfter":7,"segs":7,"verts":8,"moved":8,"passes":6,"reverted":true,"proposed":1,"comps":3,"fallback":0,"rounds":0,"clusterMoves":0,"groupsH":0,"groupsV":0,"iters":3,"iterCap":20,"converged":true}}},"layouts":{},"loops":{"hc":{"cellAfter":[["n519699233",2,2],["n519695206",2,3],["n519689481",1,3],["n519694499",1,2],["n519699425",1,1],["n5214409621",1,0],["n519686539",0,3],["n3721936227",0,2]],"stats":{"hvBefore":0,"hvAfter":7,"segs":7,"verts":8,"moved":8,"lineMoved":3,"gatherMoved":0,"rounds":2,"roundCap":200,"converged":true,"fromCols":8,"fromRows":8,"cols":3,"rows":4,"emptyCols":[],"emptyRows":[],"dense":true},"cols":3,"rows":4},"stroke":{"cellAfter":[["n519699233",3,3],["n519695206",2,3],["n519689481",1,3],["n519694499",1,2],["n519699425",1,1],["n5214409621",1,0],["n519686539",0,3],["n3721936227",0,2]],"stats":{"hvBefore":6,"hvAfter":7,"segs":7,"verts":8,"moved":2,"lineMoved":0,"gatherMoved":0,"rounds":2,"roundCap":200,"converged":true,"fromCols":8,"fromRows":8,"cols":4,"rows":4,"emptyCols":[],"emptyRows":[],"dense":true},"cols":4,"rows":4},"rect":{"cellAfter":[["n519699233",4,3],["n519695206",3,3],["n519689481",2,3],["n519694499",2,2],["n519699425",2,1],["n5214409621",2,0],["n519686539",1,3],["n3721936227",0,3]],"stats":{"hvBefore":7,"hvAfter":7,"segs":7,"verts":8,"moved":0,"lineMoved":0,"gatherMoved":0,"rounds":1,"roundCap":200,"converged":true,"fromCols":8,"fromRows":8,"cols":5,"rows":4,"emptyCols":[],"emptyRows":[],"dense":true},"cols":5,"rows":4},"milp":{"cellAfter":[["n519699233",3,2],["n519695206",2,2],["n519689481",1,2],["n519694499",1,1],["n519699425",2,1],["n5214409621",2,0],["n519686539",0,2],["n3721936227",0,1]],"stats":{"hvBefore":5,"hvAfter":7,"segs":7,"verts":8,"moved":3,"lineMoved":3,"gatherMoved":0,"rounds":2,"roundCap":200,"converged":true,"fromCols":8,"fromRows":8,"cols":4,"rows":3,"emptyCols":[],"emptyRows":[],"dense":true},"cols":4,"rows":3},"force":{"cellAfter":[["n519699233",2,2],["n519695206",2,3],["n519689481",1,3],["n519694499",1,2],["n519699425",1,1],["n5214409621",1,0],["n519686539",0,3],["n3721936227",0,2]],"stats":{"hvBefore":4,"hvAfter":7,"segs":7,"verts":8,"moved":2,"lineMoved":7,"gatherMoved":0,"rounds":2,"roundCap":200,"converged":true,"fromCols":8,"fromRows":8,"cols":3,"rows":4,"emptyCols":[],"emptyRows":[],"dense":true},"cols":3,"rows":4},"lsq":{"cellAfter":[["n519699233",2,1],["n519695206",2,2],["n519689481",1,2],["n519694499",1,1],["n519699425",1,0],["n5214409621",2,0],["n519686539",0,2],["n3721936227",0,1]],"stats":{"hvBefore":3,"hvAfter":7,"segs":7,"verts":8,"moved":6,"lineMoved":5,"gatherMoved":0,"rounds":2,"roundCap":200,"converged":true,"fromCols":8,"fromRows":8,"cols":3,"rows":3,"emptyCols":[],"emptyRows":[],"dense":true},"cols":3,"rows":3},"octi":{"cellAfter":[["n519699233",2,2],["n519695206",2,3],["n519689481",1,3],["n519694499",1,2],["n519699425",1,1],["n5214409621",1,0],["n519686539",0,3],["n3721936227",0,2]],"stats":{"hvBefore":3,"hvAfter":7,"segs":7,"verts":8,"moved":8,"lineMoved":3,"gatherMoved":0,"rounds":2,"roundCap":200,"converged":true,"fromCols":8,"fromRows":8,"cols":3,"rows":4,"emptyCols":[],"emptyRows":[],"dense":true},"cols":3,"rows":4},"path":{"cellAfter":[["n519699233",3,2],["n519695206",2,2],["n519689481",0,2],["n519694499",2,1],["n519699425",1,1],["n5214409621",1,0],["n519686539",0,1],["n3721936227",0,0]],"stats":{"hvBefore":5,"hvAfter":6,"segs":7,"verts":8,"moved":4,"lineMoved":0,"gatherMoved":1,"rounds":2,"roundCap":200,"converged":true,"fromCols":8,"fromRows":8,"cols":4,"rows":3,"emptyCols":[],"emptyRows":[],"dense":true},"cols":4,"rows":3},"sat":{"cellAfter":[["n519699233",3,2],["n519695206",2,2],["n519689481",1,2],["n519694499",1,1],["n519699425",2,1],["n5214409621",2,0],["n519686539",0,2],["n3721936227",0,1]],"stats":{"hvBefore":5,"hvAfter":7,"segs":7,"verts":8,"moved":3,"lineMoved":3,"gatherMoved":0,"rounds":2,"roundCap":200,"converged":true,"fromCols":8,"fromRows":8,"cols":4,"rows":3,"emptyCols":[],"emptyRows":[],"dense":true},"cols":4,"rows":3}},"endp":{"hc":{"cellAfter":[["n519699233",3,4],["n519695206",3,5],["n519689481",1,5],["n519694499",1,4],["n519699425",2,1],["n5214409621",2,0],["n519686539",0,3],["n3721936227",0,2]],"stats":{"hvBefore":0,"hvAfter":5,"segs":7,"verts":8,"moved":8,"movedPts":8,