{"algo":"hccells-v8","fingerprint":"18ke8dd:rg1.15","cityId":"as-jpn-kyoto","variant":"orig","shapelike":false,"hc":{"cellAfter":[["n1211248352",0,2],["n4426712038",1,8],["n339087272",2,1],["n339087268",3,3],["n339087210",4,6],["n339086117",5,4],["n339087234",6,0],["n339086175",7,9],["n339086163",8,7],["n339086160",9,5]],"stats":{"verts":10,"segs":9,"hvAfter":0,"ms":0,"base":"grid"}},"posts":{"stroke":{"cellAfter":[["n339087234",3,0],["n339087272",3,1],["n339087268",3,3],["n339087210",3,6],["n4426712038",3,8],["n339086117",4,3],["n339086160",4,5],["n339086163",4,7],["n339086175",4,9],["n1211248352",2,3]],"stats":{"hvBefore":0,"hvAfter":9,"hvdBefore":9,"hvdAfter":9,"segs":9,"verts":10,"moved":9,"passes":20,"reverted":false,"proposed":10,"revertedN":0,"batches":4,"strokes":3,"substrokes":4,"rounds":0,"clusterMoves":0,"groupsH":0,"groupsV":0,"comps":0,"fallback":0,"iters":4,"iterCap":20,"converged":true}},"rect":{"cellAfter":[["n339087234",8,1],["n339087272",8,2],["n339087268",8,3],["n339087210",8,4],["n4426712038",8,5],["n339086117",9,3],["n339086160",9,4],["n339086163",9,5],["n339086175",9,6],["n1211248352",4,3]],"stats":{"before":575771.262770263,"after":94868.35479958872,"rounds":4,"moved":10,"clusterMoves":1,"idealHop":1,"verts":10,"segs":9,"hvBefore":0,"hvAfter":9,"groupsH":0,"groupsV":0,"comps":0,"fallback":0,"passes":0,"reverted":false,"iters":2,"iterCap":20,"converged":true}},"milp":{"cellAfter":[["n339087234",7,0],["n339087272",4,0],["n339087268",4,2],["n339087210",4,7],["n4426712038",3,9],["n339086117",6,4],["n339086160",8,7],["n339086163",6,9],["n339086175",5,9],["n1211248352",1,0]],"stats":{"hvBefore":0,"hvAfter":4,"hvdBefore":6,"hvdAfter":6,"segs":9,"verts":10,"moved":10,"passes":6,"reverted":true,"proposed":7,"comps":2,"fallback":0,"rounds":0,"clusterMoves":0,"groupsH":0,"groupsV":0,"iters":2,"iterCap":20,"converged":true}},"force":{"cellAfter":[["n339087234",6,0],["n339087272",2,0],["n339087268",3,3],["n339087210",8,8],["n4426712038",1,8],["n339086117",6,4],["n339086160",9,7],["n339086163",9,9],["n339086175",7,9],["n1211248352",2,2]],"stats":{"hvBefore":0,"hvAfter":4,"hvdBefore":7,"hvdAfter":7,"segs":9,"verts":10,"moved":6,"passes":14,"reverted":false,"proposed":10,"revertedN":2,"batches":10,"rounds":160,"clusterMoves":0,"groupsH":0,"groupsV":0,"comps":0,"fallback":0,"iters":4,"iterCap":20,"converged":true}},"lsq":{"cellAfter":[["n339087234",6,1],["n339087272",2,1],["n339087268",4,3],["n339087210",4,6],["n4426712038",1,9],["n339086117",6,5],["n339086160",9,5],["n339086163",8,6],["n339086175",6,8],["n1211248352",0,3]],"stats":{"hvBefore":0,"hvAfter":4,"hvdBefore":9,"hvdAfter":9,"segs":9,"verts":10,"moved":7,"passes":3,"reverted":false,"proposed":0,"rounds":120,"clusterMoves":0,"groupsH":0,"groupsV":0,"comps":0,"fallback":0,"iters":2,"iterCap":20,"converged":true}},"octi":{"cellAfter":[["n339087234",6,1],["n339087272",2,1],["n339087268",3,2],["n339087210",3,6],["n4426712038",1,8],["n339086117",5,4],["n339086160",9,4],["n339086163",9,7],["n339086175",7,9],["n1211248352",0,2]],"stats":{"hvBefore":0,"hvAfter":5,"hvdBefore":9,"hvdAfter":9,"segs":9,"verts":10,"moved":5,"passes":10,"reverted":false,"proposed":0,"revertedN":0,"batches":10,"settled":10,"rounds":0,"clusterMoves":0,"groupsH":0,"groupsV":0,"comps":0,"fallback":0,"iters":2,"iterCap":20,"converged":true}},"path":{"cellAfter":[["n339087234",3,2],["n339087272",2,2],["n339087268",3,3],["n339087210",3,7],["n4426712038",2,7],["n339086117",5,4],["n339086160",8,5],["n339086163",8,7],["n339086175",8,9],["n1211248352",0,2]],"stats":{"hvBefore":0,"hvAfter":5,"hvdBefore":6,"hvdAfter":6,"segs":9,"verts":10,"moved":6,"passes":11,"reverted":false,"proposed":5,"revertedN":0,"batches":2,"chains":2,"links":3,"rounds":0,"clusterMoves":0,"groupsH":0,"groupsV":0,"comps":0,"fallback":0,"iters":5,"iterCap":20,"converged":true}},"sat":{"cellAfter":[["n339087234",7,0],["n339087272",4,0],["n339087268",4,2],["n339087210",4,7],["n4426712038",3,9],["n339086117",6,4],["n339086160",8,7],["n339086163",6,9],["n339086175",5,9],["n1211248352",1,0]],"stats":{"hvBefore":0,"hvAfter":4,"hvdBefore":6,"hvdAfter":6,"segs":9,"verts":10,"moved":10,"passes":6,"reverted":true,"proposed":7,"comps":2,"fallback":0,"rounds":0,"clusterMoves":0,"groupsH":0,"groupsV":0,"iters":2,"iterCap":20,"converged":true}}},"layouts":{},"loops":{"hc":{"cellAfter":[["n339087234",2,0],["n339087272",1,0],["n339087268",1,1],["n339087210",1,2],["n4426712038",0,2],["n339086117",2,1],["n339086160",3,1],["n339086163",3,2],["n339086175",3,3],["n1211248352",0,1]],"stats":{"hvBefore":0,"hvAfter":9,"segs":9,"verts":10,"moved":10,"lineMoved":1,"gatherMoved":0,"rounds":2,"roundCap":200,"converged":true,"fromCols":10,"fromRows":10,"cols":4,"rows":4,"emptyCols":[],"emptyRows":[],"dense":true},"cols":4,"rows":4},"stroke":{"cellAfter":[["n339087234",1,0],["n339087272",1,1],["n339087268",1,2],["n339087210",1,3],["n4426712038",1,4],["n339086117",2,2],["n339086160",2,3],["n339086163",2,4],["n339086175",2,5],["n1211248352",0,2]],"stats":{"hvBefore":9,"hvAfter":9,"segs":9,"verts":10,"moved":2,"lineMoved":0,"gatherMoved":1,"rounds":2,"roundCap":200,"converged":true,"fromCols":10,"fromRows":10,"cols":3,"rows":6,"emptyCols":[],"emptyRows":[],"dense":true},"cols":3,"rows":6},"rect":{"cellAfter":[["n339087234",1,0],["n339087272",1,1],["n339087268",1,2],["n339087210",1,3],["n4426712038",1,4],["n339086117",2,2],["n339086160",2,3],["n339086163",2,4],["n339086175",2,5],["n1211248352",0,2]],"stats":{"hvBefore":9,"hvAfter":9,"segs":9,"verts":10,"moved":0,"lineMoved":0,"gatherMoved":0,"rounds":1,"roundCap":200,"converged":true,"fromCols":10,"fromRows":10,"cols":3,"rows":6,"emptyCols":[],"emptyRows":[],"dense":true},"cols":3,"rows":6},"milp":{"cellAfter":[["n339087234",2,0],["n339087272",1,0],["n339087268",1,1],["n339087210",1,2],["n4426712038",0,2],["n339086117",3,1],["n339086160",3,2],["n339086163",3,3],["n339086175",2,3],["n1211248352",0,1]],"stats":{"hvBefore":4,"hvAfter":9,"segs":9,"verts":10,"moved":8,"lineMoved":1,"gatherMoved":0,"rounds":2,"roundCap":200,"converged":true,"fromCols":10,"fromRows":10,"cols":4,"rows":4,"emptyCols":[],"emptyRows":[],"dense":true},"cols":4,"rows":4},"force":{"cellAfter":[["n339087234",2,0],["n339087272",1,0],["n339087268",1,1],["n339087210",1,2],["n4426712038",0,2],["n339086117",2,1],["n339086160",3,1],["n339086163",3,2],["n339086175",2,2],["n1211248352",0,1]],"stats":{"hvBefore":4,"hvAfter":9,"segs":9,"verts":10,"moved":8,"lineMoved":2,"gatherMoved":1,"rounds":2,"roundCap":200,"converged":true,"fromCols":10,"fromRows":10,"cols":4,"rows":3,"emptyCols":[],"emptyRows":[],"dense":true},"cols":4,"rows":3},"lsq":{"cellAfter":[["n339087234",2,0],["n339087272",1,0],["n339087268",1,1],["n339087210",1,2],["n4426712038",0,2],["n339086117",2,1],["n339086160",3,1],["n339086163",3,2],["n339086175",2,2],["n1211248352",0,1]],"stats":{"hvBefore":4,"hvAfter":9,"segs":9,"verts":10,"moved":8,"lineMoved":1,"gatherMoved":0,"rounds":2,"roundCap":200,"converged":true,"fromCols":10,"fromRows":10,"cols":4,"rows":3,"emptyCols":[],"emptyRows":[],"dense":true},"cols":4,"rows":3},"octi":{"cellAfter":[["n339087234",2,0],["n339087272",1,0],["n339087268",1,1],["n339087210",1,2],["n4426712038",0,2],["n339086117",2,1],["n339086160",3,1],["n339086163",3,2],["n339086175",3,3],["n1211248352",0,1]],"stats":{"hvBefore":5,"hvAfter":9,"segs":9,"verts":10,"moved":10,"lineMoved":1,"gatherMoved":0,"rounds":2,"roundCap":200,"converged":true,"fromCols":10,"fromRows":10,"cols":4,"rows":4,"emptyCols":[],"emptyRows":[],"dense":true},"cols":4,"rows":4},"path":{"cellAfter":[["n339087234",2,0],["n339087272",1,0],["n339087268",1,1],["n339087210",1,2],["n4426712038",0,2],["n339086117",2,1],["n339086160",2,2],["n339086163",2,3],["n339086175",2,4],["n1211248352",0,1]],"stats":{"hvBefore":5,"hvAfter":9,"segs":9,"verts":10,"moved":2,"lineMoved":2,"gatherMoved":0,"rounds":2,"roundCap":200,"converged":true,"fromCols":10,"fromRows":10,"cols":3,"rows":5,"emptyCols":[],"emptyRows":[],"dense":true},"cols":3,