{"algo":"hccells-v8","fingerprint":"187626f:rg1.15","cityId":"as-kaz-astana","variant":"orig","shapelike":false,"hc":{"cellAfter":[["n13081694253",0,4],["n13081694256",1,3],["n13081694259",2,0],["n13081694249",3,5],["n13612447948",4,1],["n13081694266",5,2]],"stats":{"verts":6,"segs":5,"hvAfter":0,"ms":0,"base":"grid"}},"posts":{"stroke":{"cellAfter":[["n13081694266",5,2],["n13612447948",4,1],["n13081694259",1,1],["n13081694256",1,3],["n13081694253",1,5],["n13081694249",3,5]],"stats":{"hvBefore":0,"hvAfter":4,"hvdBefore":5,"hvdAfter":5,"segs":5,"verts":6,"moved":2,"passes":8,"reverted":false,"proposed":11,"revertedN":0,"batches":3,"strokes":1,"substrokes":3,"rounds":0,"clusterMoves":0,"groupsH":0,"groupsV":0,"comps":0,"fallback":0,"iters":2,"iterCap":20,"converged":true}},"rect":{"cellAfter":[["n13081694266",4,3],["n13612447948",3,3],["n13081694259",2,3],["n13081694256",1,3],["n13081694253",1,4],["n13081694249",1,5]],"stats":{"before":384269.93575618847,"after":94768.3547995887,"rounds":4,"moved":5,"clusterMoves":1,"idealHop":1,"verts":6,"segs":5,"hvBefore":0,"hvAfter":5,"groupsH":0,"groupsV":0,"comps":0,"fallback":0,"passes":0,"reverted":false,"iters":2,"iterCap":20,"converged":true}},"milp":{"cellAfter":[["n13081694266",5,4],["n13612447948",3,1],["n13081694259",1,0],["n13081694256",1,1],["n13081694253",1,4],["n13081694249",4,5]],"stats":{"hvBefore":0,"hvAfter":2,"hvdBefore":2,"hvdAfter":2,"segs":5,"verts":6,"moved":6,"passes":3,"reverted":false,"proposed":0,"comps":2,"fallback":0,"rounds":0,"clusterMoves":0,"groupsH":0,"groupsV":0,"iters":2,"iterCap":20,"converged":true}},"force":{"cellAfter":[["n13081694266",5,2],["n13612447948",4,1],["n13081694259",4,0],["n13081694256",0,3],["n13081694253",0,5],["n13081694249",3,5]],"stats":{"hvBefore":0,"hvAfter":3,"hvdBefore":4,"hvdAfter":4,"segs":5,"verts":6,"moved":3,"passes":6,"reverted":false,"proposed":5,"revertedN":1,"batches":6,"rounds":120,"clusterMoves":0,"groupsH":0,"groupsV":0,"comps":0,"fallback":0,"iters":3,"iterCap":20,"converged":true}},"lsq":{"cellAfter":[["n13081694266",4,2],["n13612447948",4,1],["n13081694259",2,1],["n13081694256",2,3],["n13081694253",2,4],["n13081694249",4,4]],"stats":{"hvBefore":0,"hvAfter":5,"hvdBefore":5,"hvdAfter":5,"segs":5,"verts":6,"moved":5,"passes":5,"reverted":false,"proposed":0,"rounds":180,"clusterMoves":0,"groupsH":0,"groupsV":0,"comps":0,"fallback":0,"iters":3,"iterCap":20,"converged":true}},"octi":{"cellAfter":[["n13081694266",4,2],["n13612447948",4,0],["n13081694259",1,0],["n13081694256",1,3],["n13081694253",0,4],["n13081694249",3,4]],"stats":{"hvBefore":0,"hvAfter":4,"hvdBefore":5,"hvdAfter":5,"segs":5,"verts":6,"moved":4,"passes":8,"reverted":false,"proposed":0,"revertedN":0,"batches":6,"settled":6,"rounds":0,"clusterMoves":0,"groupsH":0,"groupsV":0,"comps":0,"fallback":0,"iters":2,"iterCap":20,"converged":true}},"path":{"cellAfter":[["n13081694266",4,3],["n13612447948",4,2],["n13081694259",1,1],["n13081694256",2,3],["n13081694253",2,5],["n13081694249",3,4]],"stats":{"hvBefore":0,"hvAfter":2,"hvdBefore":3,"hvdAfter":3,"segs":5,"verts":6,"moved":6,"passes":4,"reverted":false,"proposed":5,"revertedN":0,"batches":1,"chains":1,"links":1,"rounds":0,"clusterMoves":0,"groupsH":0,"groupsV":0,"comps":0,"fallback":0,"iters":3,"iterCap":20,"converged":true}},"sat":{"cellAfter":[["n13081694266",5,4],["n13612447948",3,1],["n13081694259",1,0],["n13081694256",1,1],["n13081694253",1,4],["n13081694249",4,5]],"stats":{"hvBefore":0,"hvAfter":2,"hvdBefore":2,"hvdAfter":2,"segs":5,"verts":6,"moved":6,"passes":3,"reverted":false,"proposed":0,"comps":2,"fallback":0,"rounds":0,"clusterMoves":0,"groupsH":0,"groupsV":0,"iters":2,"iterCap":20,"converged":true}}},"layouts":{},"loops":{"hc":{"cellAfter":[["n13081694266",3,0],["n13612447948",2,0],["n13081694259",1,0],["n13081694256",0,0],["n13081694253",0,1],["n13081694249",1,1]],"stats":{"hvBefore":0,"hvAfter":5,"segs":5,"verts":6,"moved":6,"lineMoved":0,"gatherMoved":1,"rounds":2,"roundCap":200,"converged":true,"fromCols":6,"fromRows":6,"cols":4,"rows":2,"emptyCols":[],"emptyRows":[],"dense":true},"cols":4,"rows":2},"stroke":{"cellAfter":[["n13081694266",2,0],["n13612447948",1,0],["n13081694259",0,0],["n13081694256",0,1],["n13081694253",0,2],["n13081694249",1,2]],"stats":{"hvBefore":4,"hvAfter":5,"segs":5,"verts":6,"moved":1,"lineMoved":0,"gatherMoved":1,"rounds":2,"roundCap":200,"converged":true,"fromCols":6,"fromRows":6,"cols":3,"rows":3,"emptyCols":[],"emptyRows":[],"dense":true},"cols":3,"rows":3},"rect":{"cellAfter":[["n13081694266",3,0],["n13612447948",2,0],["n13081694259",1,0],["n13081694256",0,0],["n13081694253",0,1],["n13081694249",0,2]],"stats":{"hvBefore":5,"hvAfter":5,"segs":5,"verts":6,"moved":0,"lineMoved":0,"gatherMoved":0,"rounds":1,"roundCap":200,"converged":true,"fromCols":6,"fromRows":6,"cols":4,"rows":3,"emptyCols":[],"emptyRows":[],"dense":true},"cols":4,"rows":3},"milp":{"cellAfter":[["n13081694266",1,1],["n13612447948",1,0],["n13081694259",0,0],["n13081694256",0,1],["n13081694253",0,2],["n13081694249",1,2]],"stats":{"hvBefore":2,"hvAfter":5,"segs":5,"verts":6,"moved":3,"lineMoved":1,"gatherMoved":0,"rounds":2,"roundCap":200,"converged":true,"fromCols":6,"fromRows":6,"cols":2,"rows":3,"emptyCols":[],"emptyRows":[],"dense":true},"cols":2,"rows":3},"force":{"cellAfter":[["n13081694266",2,0],["n13612447948",1,0],["n13081694259",0,0],["n13081694256",0,1],["n13081694253",0,2],["n13081694249",1,2]],"stats":{"hvBefore":3,"hvAfter":5,"segs":5,"verts":6,"moved":3,"lineMoved":0,"gatherMoved":1,"rounds":2,"roundCap":200,"converged":true,"fromCols":6,"fromRows":6,"cols":3,"rows":3,"emptyCols":[],"emptyRows":[],"dense":true},"cols":3,"rows":3},"lsq":{"cellAfter":[["n13081694266",1,1],["n13612447948",1,0],["n13081694259",0,0],["n13081694256",0,1],["n13081694253",0,2],["n13081694249",1,2]],"stats":{"hvBefore":5,"hvAfter":5,"segs":5,"verts":6,"moved":0,"lineMoved":0,"gatherMoved":1,"rounds":2,"roundCap":200,"converged":true,"fromCols":6,"fromRows":6,"cols":2,"rows":3,"emptyCols":[],"emptyRows":[],"dense":true},"cols":2,"rows":3},"octi":{"cellAfter":[["n13081694266",1,1],["n13612447948",1,0],["n13081694259",0,0],["n13081694256",0,1],["n13081694253",0,2],["n13081694249",1,2]],"stats":{"hvBefore":4,"hvAfter":5,"segs":5,"verts":6,"moved":3,"lineMoved":1,"gatherMoved":1,"rounds":2,"roundCap":200,"converged":true,"fromCols":6,"fromRows":6,"cols":2,"rows":3,"emptyCols":[],"emptyRows":[],"dense":true},"cols":2,"rows":3},"path":{"cellAfter":[["n13081694266",3,1],["n13612447948",3,0],["n13081694259",0,0],["n13081694256",0,1],["n13081694253",1,1],["n13081694249",2,1]],"stats":{"hvBefore":2,"hvAfter":5,"segs":5,"verts":6,"moved":3,"lineMoved":1,"gatherMoved":0,"rounds":2,"roundCap":200,"converged":true,"fromCols":6,"fromRows":6,"cols":4,"rows":2,"emptyCols":[],"emptyRows":[],"dense":true},"cols":4,"rows":2},"sat":{"cellAfter":[["n13081694266",1,1],["n13612447948",1,0],["n13081694259",0,0],["n13081694256",0,1],["n13081694253",0,2],["n13081694249",1,2]],"stats":{"hvBefore":2,"hvAfter":5,"segs":5,"verts":6,"moved":3,"lineMoved":1,"gatherMoved":0,"rounds":2,"roundCap":200,"converged":true,"fromCols":6,"fromRows":6,"cols":2,"rows":3,"emptyCols":[],"emptyRows":[],"dense":true},"cols":2,"rows":3}},"endp":{"hc":{"cellAfter":[["n13081694266",4,0],["n13612447948",3,0],["n13081694259",2,0],["n13081694256",0,0],["n13081694253",0,1],["n13081694249",1,1]],"stats":{"hvBefore":0,"hvAfter":5,"segs":5,"verts":6,"moved":6,"movedPts":6,"movedLines":0,"converged":true,"fromCols":6,"fromRows":6,"cols":5,"rows":2},"cols":5,"rows":2},"stroke":{"cellAfter":[["n13081694266",3,0],["n13612447948",2,0],["n13081694259",0,0],["n13081694256",0,1],["n13081694253",0,2],["n13081694249",1,2]],"stats":{"hvBefore":4,"hvAfter":5,"segs":5,"verts":6,"moved":1,"movedPts":1,"movedLines":0,"converged":true,"fromCols":4,"fromRows":4,"cols":4,"rows":3},"cols":4,"rows":3},