{"algo":"hccells-v8","fingerprint":"6hkgiq:rg1.15","cityId":"as-prk-pyongyang","variant":"rot","shapelike":false,"hc":{"cellAfter":[["n7038058951",0,3],["n532205266",1,5],["n10020857709",2,4],["n10020463976",3,2],["n10020463974",4,0],["n10020463979",5,1]],"stats":{"verts":6,"segs":5,"hvAfter":0,"ms":0,"base":"grid"}},"posts":{"stroke":{"cellAfter":[["n10020463979",5,2],["n10020463976",3,2],["n7038058951",0,2],["n10020463974",3,0],["n10020857709",3,4],["n532205266",3,5]],"stats":{"hvBefore":0,"hvAfter":5,"hvdBefore":5,"hvdAfter":5,"segs":5,"verts":6,"moved":5,"passes":4,"reverted":false,"proposed":5,"revertedN":0,"batches":2,"strokes":2,"substrokes":2,"rounds":0,"clusterMoves":0,"groupsH":0,"groupsV":0,"comps":0,"fallback":0,"iters":2,"iterCap":20,"converged":true}},"rect":{"cellAfter":[["n10020463979",5,2],["n10020463976",3,2],["n7038058951",0,2],["n10020463974",3,1],["n10020857709",3,3],["n532205266",3,4]],"stats":{"before":233330.86636644928,"after":86.66666666669045,"rounds":3,"moved":5,"clusterMoves":1,"idealHop":1,"verts":6,"segs":5,"hvBefore":0,"hvAfter":5,"groupsH":0,"groupsV":0,"comps":0,"fallback":0,"passes":0,"reverted":false,"iters":2,"iterCap":20,"converged":true}},"milp":{"cellAfter":[["n10020463979",5,2],["n10020463976",4,2],["n7038058951",0,2],["n10020463974",4,1],["n10020857709",2,4],["n532205266",0,5]],"stats":{"hvBefore":0,"hvAfter":3,"hvdBefore":4,"hvdAfter":4,"segs":5,"verts":6,"moved":5,"passes":3,"reverted":false,"proposed":0,"comps":2,"fallback":0,"rounds":0,"clusterMoves":0,"groupsH":0,"groupsV":0,"iters":2,"iterCap":20,"converged":true}},"force":{"cellAfter":[["n10020463979",5,0],["n10020463976",3,2],["n7038058951",2,3],["n10020463974",4,0],["n10020857709",2,4],["n532205266",1,5]],"stats":{"hvBefore":0,"hvAfter":0,"hvdBefore":3,"hvdAfter":3,"segs":5,"verts":6,"moved":2,"passes":4,"reverted":false,"proposed":6,"revertedN":0,"batches":6,"rounds":120,"clusterMoves":0,"groupsH":0,"groupsV":0,"comps":0,"fallback":0,"iters":3,"iterCap":20,"converged":true}},"lsq":{"cellAfter":[["n10020463979",5,1],["n10020463976",4,2],["n7038058951",0,2],["n10020463974",5,0],["n10020857709",2,4],["n532205266",1,4]],"stats":{"hvBefore":0,"hvAfter":2,"hvdBefore":4,"hvdAfter":4,"segs":5,"verts":6,"moved":4,"passes":5,"reverted":false,"proposed":1,"rounds":180,"clusterMoves":0,"groupsH":0,"groupsV":0,"comps":0,"fallback":0,"iters":3,"iterCap":20,"converged":true}},"octi":{"cellAfter":[["n10020463979",5,1],["n10020463976",3,1],["n7038058951",0,1],["n10020463974",4,0],["n10020857709",3,4],["n532205266",1,4]],"stats":{"hvBefore":0,"hvAfter":4,"hvdBefore":5,"hvdAfter":5,"segs":5,"verts":6,"moved":4,"passes":8,"reverted":false,"proposed":0,"revertedN":0,"batches":6,"settled":6,"rounds":0,"clusterMoves":0,"groupsH":0,"groupsV":0,"comps":0,"fallback":0,"iters":2,"iterCap":20,"converged":true}},"path":{"cellAfter":[["n10020463979",4,1],["n10020463976",3,2],["n7038058951",1,4],["n10020463974",3,0],["n10020857709",3,4],["n532205266",3,5]],"stats":{"hvBefore":0,"hvAfter":3,"hvdBefore":5,"hvdAfter":5,"segs":5,"verts":6,"moved":5,"passes":4,"reverted":false,"proposed":2,"revertedN":0,"batches":2,"chains":3,"links":3,"rounds":0,"clusterMoves":0,"groupsH":0,"groupsV":0,"comps":0,"fallback":0,"iters":2,"iterCap":20,"converged":true}},"sat":{"cellAfter":[["n10020463979",5,2],["n10020463976",4,2],["n7038058951",0,2],["n10020463974",4,1],["n10020857709",2,4],["n532205266",0,5]],"stats":{"hvBefore":0,"hvAfter":3,"hvdBefore":4,"hvdAfter":4,"segs":5,"verts":6,"moved":5,"passes":3,"reverted":false,"proposed":0,"comps":2,"fallback":0,"rounds":0,"clusterMoves":0,"groupsH":0,"groupsV":0,"iters":2,"iterCap":20,"converged":true}}},"layouts":{},"loops":{"hc":{"cellAfter":[["n10020463979",2,1],["n10020463976",1,1],["n7038058951",0,1],["n10020463974",1,0],["n10020857709",1,2],["n532205266",0,2]],"stats":{"hvBefore":0,"hvAfter":5,"segs":5,"verts":6,"moved":6,"lineMoved":0,"gatherMoved":0,"rounds":2,"roundCap":200,"converged":true,"fromCols":6,"fromRows":6,"cols":3,"rows":3,"emptyCols":[],"emptyRows":[],"dense":true},"cols":3,"rows":3},"stroke":{"cellAfter":[["n10020463979",2,1],["n10020463976",1,1],["n7038058951",0,1],["n10020463974",1,0],["n10020857709",1,2],["n532205266",1,3]],"stats":{"hvBefore":5,"hvAfter":5,"segs":5,"verts":6,"moved":0,"lineMoved":0,"gatherMoved":0,"rounds":1,"roundCap":200,"converged":true,"fromCols":6,"fromRows":6,"cols":3,"rows":4,"emptyCols":[],"emptyRows":[],"dense":true},"cols":3,"rows":4},"rect":{"cellAfter":[["n10020463979",2,1],["n10020463976",1,1],["n7038058951",0,1],["n10020463974",1,0],["n10020857709",1,2],["n532205266",1,3]],"stats":{"hvBefore":5,"hvAfter":5,"segs":5,"verts":6,"moved":0,"lineMoved":0,"gatherMoved":0,"rounds":1,"roundCap":200,"converged":true,"fromCols":6,"fromRows":6,"cols":3,"rows":4,"emptyCols":[],"emptyRows":[],"dense":true},"cols":3,"rows":4},"milp":{"cellAfter":[["n10020463979",2,1],["n10020463976",1,1],["n7038058951",0,1],["n10020463974",1,0],["n10020857709",1,2],["n532205266",0,2]],"stats":{"hvBefore":3,"hvAfter":5,"segs":5,"verts":6,"moved":1,"lineMoved":0,"gatherMoved":0,"rounds":2,"roundCap":200,"converged":true,"fromCols":6,"fromRows":6,"cols":3,"rows":3,"emptyCols":[],"emptyRows":[],"dense":true},"cols":3,"rows":3},"force":{"cellAfter":[["n10020463979",2,1],["n10020463976",1,1],["n7038058951",0,1],["n10020463974",1,0],["n10020857709",1,2],["n532205266",0,2]],"stats":{"hvBefore":0,"hvAfter":5,"segs":5,"verts":6,"moved":5,"lineMoved":0,"gatherMoved":0,"rounds":2,"roundCap":200,"converged":true,"fromCols":6,"fromRows":6,"cols":3,"rows":3,"emptyCols":[],"emptyRows":[],"dense":true},"cols":3,"rows":3},"lsq":{"cellAfter":[["n10020463979",2,1],["n10020463976",1,1],["n7038058951",0,1],["n10020463974",1,0],["n10020857709",1,2],["n532205266",0,2]],"stats":{"hvBefore":2,"hvAfter":5,"segs":5,"verts":6,"moved":5,"lineMoved":0,"gatherMoved":0,"rounds":2,"roundCap":200,"converged":true,"fromCols":6,"fromRows":6,"cols":3,"rows":3,"emptyCols":[],"emptyRows":[],"dense":true},"cols":3,"rows":3},"octi":{"cellAfter":[["n10020463979",2,1],["n10020463976",1,1],["n7038058951",0,1],["n10020463974",1,0],["n10020857709",1,2],["n532205266",0,2]],"stats":{"hvBefore":4,"hvAfter":5,"segs":5,"verts":6,"moved":2,"lineMoved":0,"gatherMoved":0,"rounds":2,"roundCap":200,"converged":true,"fromCols":6,"fromRows":6,"cols":3,"rows":3,"emptyCols":[],"emptyRows":[],"dense":true},"cols":3,"rows":3},"path":{"cellAfter":[["n10020463979",2,1],["n10020463976",1,1],["n7038058951",0,1],["n10020463974",1,0],["n10020857709",1,2],["n532205266",1,3]],"stats":{"hvBefore":3,"hvAfter":5,"segs":5,"verts":6,"moved":3,"lineMoved":0,"gatherMoved":0,"rounds":2,"roundCap":200,"converged":true,"fromCols":6,"fromRows":6,"cols":3,"rows":4,"emptyCols":[],"emptyRows":[],"dense":true},"cols":3,"rows":4},"sat":{"cellAfter":[["n10020463979",2,1],["n10020463976",1,1],["n7038058951",0,1],["n10020463974",1,0],["n10020857709",1,2],["n532205266",0,2]],"stats":{"hvBefore":3,"hvAfter":5,"segs":5,"verts":6,"moved":1,"lineMoved":0,"gatherMoved":0,"rounds":2,"roundCap":200,"converged":true,"fromCols":6,"fromRows":6,"cols":3,"rows":3,"emptyCols":[],"emptyRows":[],"dense":true},"cols":3,"rows":3}},"endp":{"hc":{"cellAfter":[["n10020463979",2,1],["n10020463976",1,1],["n7038058951",0,1],["n10020463974",1,0],["n10020857709",1,2],["n532205266",0,2]],"stats":{"hvBefore":0,"hvAfter":5,"segs":5,"verts":6,"moved":6,"movedPts":6,"movedLines":0,"converged":true,"fromCols":6,"fromRows":6,"cols":3,"rows":3},"cols":3,"rows":3},"stroke":{"cellAfter":[["n10020463979",2,1],["n10020463976",1,1],["n7038058951",0,1],["n10020463974",1,0],["n10020857709",1,2],["n532205266",1,3]],"stats":{"hvBefore":5,"hvAfter":5,"segs":5,"verts":6,"moved":0,"movedPts":0,"movedLines":0,"converged":true,"fromCols":3,"fromRows":4,"cols":3,"rows":4},"cols":3,"rows":4},"rect":{"cellAfter":[["n10020463979",2,1],["n10020463976",1,1],["n7038058951",0,1],["n10020463974",1,0],["n10020857709",1,2],["n532205266",1,3]],"stats":{"hvBefore":5,