{"algo":"hccells-v4","fingerprint":"1jw42rk:rg1.15","cityId":"as-pak-lahore","variant":"rot","shapelike":false,"hc":{"cellAfter":[["n5844889656",0,4],["n5844889650",1,5],["n5844879610",2,3],["n9564940683",3,2],["n7643521979",4,1],["n5844883299",5,0]],"stats":{"verts":6,"segs":5,"hvAfter":0,"ms":0,"base":"grid"}},"posts":{"stroke":{"cellAfter":[["n5844883299",3,1],["n7643521979",2,2],["n9564940683",3,2],["n5844879610",3,3],["n5844889656",4,3],["n5844889650",3,4]],"stats":{"hvBefore":0,"hvAfter":3,"hvdBefore":5,"hvdAfter":5,"segs":5,"verts":6,"moved":5,"passes":41,"reverted":false,"proposed":4,"revertedN":0,"batches":1,"strokes":1,"substrokes":1,"rounds":0,"clusterMoves":0,"groupsH":0,"groupsV":0,"comps":0,"fallback":0,"iters":20,"iterCap":20,"converged":false}},"rect":{"cellAfter":[["n5844883299",0,0],["n7643521979",0,1],["n9564940683",0,2],["n5844879610",0,3],["n5844889656",0,4],["n5844889650",0,5]],"stats":{"before":266785.61758757,"after":198.33333333335034,"rounds":4,"moved":5,"clusterMoves":1,"idealHop":1,"verts":6,"segs":5,"hvBefore":0,"hvAfter":5,"groupsH":0,"groupsV":0,"comps":0,"fallback":0,"passes":0,"reverted":false,"iters":2,"iterCap":20,"converged":true}},"milp":{"cellAfter":[["n5844883299",5,0],["n7643521979",5,1],["n9564940683",4,2],["n5844879610",0,3],["n5844889656",0,4],["n5844889650",0,5]],"stats":{"hvBefore":0,"hvAfter":3,"hvdBefore":4,"hvdAfter":4,"segs":5,"verts":6,"moved":4,"passes":4,"reverted":true,"proposed":3,"comps":2,"fallback":0,"rounds":0,"clusterMoves":0,"groupsH":0,"groupsV":0,"iters":2,"iterCap":20,"converged":true}},"force":{"cellAfter":[["n5844883299",5,0],["n7643521979",4,1],["n9564940683",3,2],["n5844879610",2,3],["n5844889656",0,4],["n5844889650",1,5]],"stats":{"hvBefore":0,"hvAfter":0,"hvdBefore":4,"hvdAfter":4,"segs":5,"verts":6,"moved":0,"passes":0,"reverted":false,"proposed":6,"revertedN":2,"batches":6,"rounds":40,"clusterMoves":0,"groupsH":0,"groupsV":0,"comps":0,"fallback":0,"iters":1,"iterCap":20,"converged":true}},"lsq":{"cellAfter":[["n5844883299",5,0],["n7643521979",4,1],["n9564940683",3,2],["n5844879610",2,2],["n5844889656",0,4],["n5844889650",1,5]],"stats":{"hvBefore":0,"hvAfter":1,"hvdBefore":5,"hvdAfter":5,"segs":5,"verts":6,"moved":1,"passes":3,"reverted":false,"proposed":0,"rounds":120,"clusterMoves":0,"groupsH":0,"groupsV":0,"comps":0,"fallback":0,"iters":2,"iterCap":20,"converged":true}},"octi":{"cellAfter":[["n5844883299",5,0],["n7643521979",4,1],["n9564940683",3,2],["n5844879610",2,3],["n5844889656",0,4],["n5844889650",1,5]],"stats":{"hvBefore":0,"hvAfter":0,"hvdBefore":4,"hvdAfter":4,"segs":5,"verts":6,"moved":0,"passes":0,"reverted":false,"proposed":2,"revertedN":2,"batches":6,"settled":6,"rounds":0,"clusterMoves":0,"groupsH":0,"groupsV":0,"comps":0,"fallback":0,"iters":1,"iterCap":20,"converged":true}},"path":{"cellAfter":[["n5844883299",5,0],["n7643521979",4,1],["n9564940683",3,2],["n5844879610",2,3],["n5844889656",1,4],["n5844889650",1,5]],"stats":{"hvBefore":0,"hvAfter":1,"hvdBefore":5,"hvdAfter":5,"segs":5,"verts":6,"moved":1,"passes":2,"reverted":false,"proposed":0,"revertedN":0,"batches":1,"chains":1,"links":1,"rounds":0,"clusterMoves":0,"groupsH":0,"groupsV":0,"comps":0,"fallback":0,"iters":2,"iterCap":20,"converged":true}},"sat":{"cellAfter":[["n5844883299",5,0],["n7643521979",5,1],["n9564940683",4,2],["n5844879610",0,3],["n5844889656",0,4],["n5844889650",0,5]],"stats":{"hvBefore":0,"hvAfter":3,"hvdBefore":4,"hvdAfter":4,"segs":5,"verts":6,"moved":4,"passes":4,"reverted":true,"proposed":3,"comps":2,"fallback":0,"rounds":0,"clusterMoves":0,"groupsH":0,"groupsV":0,"iters":2,"iterCap":20,"converged":true}}},"layouts":{},"loops":{"hc":{"cellAfter":[["n5844883299",3,0],["n7643521979",3,1],["n9564940683",2,1],["n5844879610",1,1],["n5844889656",0,1],["n5844889650",0,2]],"stats":{"hvBefore":0,"hvAfter":5,"segs":5,"verts":6,"moved":5,"lineMoved":0,"gatherMoved":0,"rounds":2,"roundCap":200,"converged":true,"fromCols":6,"fromRows":6,"cols":4,"rows":3},"cols":4,"rows":3},"stroke":{"cellAfter":[["n5844883299",0,0],["n7643521979",0,1],["n9564940683",1,1],["n5844879610",1,2],["n5844889656",2,2],["n5844889650",2,3]],"stats":{"hvBefore":3,"hvAfter":5,"segs":5,"verts":6,"moved":2,"lineMoved":0,"gatherMoved":0,"rounds":2,"roundCap":200,"converged":true,"fromCols":6,"fromRows":6,"cols":3,"rows":4},"cols":3,"rows":4},"rect":{"cellAfter":[["n5844883299",0,0],["n7643521979",0,1],["n9564940683",0,2],["n5844879610",0,3],["n5844889656",0,4],["n5844889650",0,5]],"stats":{"hvBefore":5,"hvAfter":5,"segs":5,"verts":6,"moved":0,"lineMoved":0,"gatherMoved":0,"rounds":1,"roundCap":200,"converged":true,"fromCols":6,"fromRows":6,"cols":1,"rows":6},"cols":1,"rows":6},"milp":{"cellAfter":[["n5844883299",2,0],["n7643521979",2,1],["n9564940683",1,1],["n5844879610",0,1],["n5844889656",0,2],["n5844889650",0,3]],"stats":{"hvBefore":3,"hvAfter":5,"segs":5,"verts":6,"moved":2,"lineMoved":0,"gatherMoved":0,"rounds":2,"roundCap":200,"converged":true,"fromCols":6,"fromRows":6,"cols":3,"rows":4},"cols":3,"rows":4},"force":{"cellAfter":[["n5844883299",3,0],["n7643521979",3,1],["n9564940683",2,1],["n5844879610",1,1],["n5844889656",0,1],["n5844889650",0,2]],"stats":{"hvBefore":0,"hvAfter":5,"segs":5,"verts":6,"moved":5,"lineMoved":0,"gatherMoved":0,"rounds":2,"roundCap":200,"converged":true,"fromCols":6,"fromRows":6,"cols":4,"rows":3},"cols":4,"rows":3},"lsq":{"cellAfter":[["n5844883299",3,0],["n7643521979",3,1],["n9564940683",2,1],["n5844879610",1,1],["n5844889656",0,1],["n5844889650",0,2]],"stats":{"hvBefore":1,"hvAfter":5,"segs":5,"verts":6,"moved":5,"lineMoved":0,"gatherMoved":0,"rounds":2,"roundCap":200,"converged":true,"fromCols":6,"fromRows":6,"cols":4,"rows":3},"cols":4,"rows":3},"octi":{"cellAfter":[["n5844883299",3,0],["n7643521979",3,1],["n9564940683",2,1],["n5844879610",1,1],["n5844889656",0,1],["n5844889650",0,2]],"stats":{"hvBefore":0,"hvAfter":5,"segs":5,"verts":6,"moved":5,"lineMoved":0,"gatherMoved":0,"rounds":2,"roundCap":200,"converged":true,"fromCols":6,"fromRows":6,"cols":4,"rows":3},"cols":4,"rows":3},"path":{"cellAfter":[["n5844883299",1,0],["n7643521979",1,1],["n9564940683",0,1],["n5844879610",0,2],["n5844889656",0,3],["n5844889650",0,4]],"stats":{"hvBefore":1,"hvAfter":5,"segs":5,"verts":6,"moved":4,"lineMoved":0,"gatherMoved":0,"rounds":2,"roundCap":200,"converged":true,"fromCols":6,"fromRows":6,"cols":2,"rows":5},"cols":2,"rows":5},"sat":{"cellAfter":[["n5844883299",2,0],["n7643521979",2,1],["n9564940683",1,1],["n5844879610",0,1],["n5844889656",0,2],["n5844889650",0,3]],"stats":{"hvBefore":3,"hvAfter":5,"segs":5,"verts":6,"moved":2,"lineMoved":0,"gatherMoved":0,"rounds":2,"roundCap":200,"converged":true,"fromCols":6,"fromRows":6,"cols":3,"rows":4},"cols":3,"rows":4}},"endp":{"hc":{"cellAfter":[["n5844883299",2,0],["n7643521979",2,1],["n9564940683",1,1],["n5844879610",0,1],["n5844889656",0,2],["n5844889650",0,3]],"stats":{"hvBefore":0,"hvAfter":5,"segs":5,"verts":6,"moved":6,"movedPts":6,"movedLines":0,"converged":true,"fromCols":6,"fromRows":6,"cols":3,"rows":4},"cols":3,"rows":4},"stroke":{"cellAfter":[["n5844883299",0,0],["n7643521979",0,1],["n9564940683",1,1],["n5844879610",1,2],["n5844889656",2,2],["n5844889650",2,3]],"stats":{"hvBefore":3,"hvAfter":5,"segs":5,"verts":6,"moved":2,"movedPts":2,"movedLines":0,"converged":true,"fromCols":3,"fromRows":4,"cols":3,"rows":4},"cols":3,"rows":4},"rect":{"cellAfter":[["n5844883299",0,0],["n7643521979",0,1],["n9564940683",0,2],["n5844879610",0,3],["n5844889656",0,4],["n5844889650",0,5]],"stats":{"hvBefore":5,"hvAfter":5,"segs":5,"verts":6,"moved":0,"movedPts":0,"movedLines":0,"converged":true,"fromCols":1,"fromRows":6,"cols":1,"rows":6},"cols":1,"rows":6},"milp":{"cellAfter":[["n5844883299",2,0],["n7643521979",2,1],["n9564940683",1,1],["n5844879610",0,1],["n5844889656",0,2],["n5844889650",0,3]],"stats":{"hvBefore":3,"hvAfter":5,"segs":5,"verts":6,"moved":2,"movedPts":2,"movedLines":0,"converged":true,"fromCols":3,"fromRows":6,"cols":3,"rows":4},"cols":3,