{"algo":"hccells-v8","fingerprint":"1s6gqhl:rg1.15","cityId":"as-pak-lahore","variant":"orig","shapelike":false,"hc":{"cellAfter":[["n5844889650",0,5],["n5844889655",1,4],["n5844879611",2,3],["n8058806356",3,2],["n4723138174",4,1],["n5844883299",5,0]],"stats":{"verts":6,"segs":5,"hvAfter":0,"ms":0,"base":"grid"}},"posts":{"stroke":{"cellAfter":[["n5844883299",4,4],["n4723138174",3,4],["n8058806356",3,3],["n5844879611",2,3],["n5844889655",2,2],["n5844889650",1,2]],"stats":{"hvBefore":0,"hvAfter":5,"hvdBefore":5,"hvdAfter":5,"segs":5,"verts":6,"moved":5,"passes":7,"reverted":false,"proposed":4,"revertedN":0,"batches":1,"strokes":1,"substrokes":1,"rounds":0,"clusterMoves":0,"groupsH":0,"groupsV":0,"comps":0,"fallback":0,"iters":4,"iterCap":20,"converged":true}},"rect":{"cellAfter":[["n5844883299",5,0],["n4723138174",4,1],["n8058806356",3,2],["n5844879611",2,3],["n5844889655",1,4],["n5844889650",0,5]],"stats":{"before":138922.21825406948,"after":138922.21825406948,"rounds":1,"moved":0,"clusterMoves":0,"idealHop":1,"verts":6,"segs":5,"hvBefore":0,"hvAfter":0,"groupsH":0,"groupsV":0,"comps":0,"fallback":0,"passes":0,"reverted":false,"iters":1,"iterCap":20,"converged":true}},"milp":{"cellAfter":[["n5844883299",5,0],["n4723138174",5,1],["n8058806356",4,1],["n5844879611",1,4],["n5844889655",0,4],["n5844889650",0,5]],"stats":{"hvBefore":0,"hvAfter":4,"hvdBefore":5,"hvdAfter":5,"segs":5,"verts":6,"moved":4,"passes":4,"reverted":false,"proposed":2,"comps":2,"fallback":0,"rounds":0,"clusterMoves":0,"groupsH":0,"groupsV":0,"iters":2,"iterCap":20,"converged":true}},"force":{"cellAfter":[["n5844883299",5,0],["n4723138174",4,0],["n8058806356",1,0],["n5844879611",0,0],["n5844889655",0,4],["n5844889650",0,5]],"stats":{"hvBefore":0,"hvAfter":5,"hvdBefore":5,"hvdAfter":5,"segs":5,"verts":6,"moved":4,"passes":12,"reverted":false,"proposed":5,"revertedN":0,"batches":6,"rounds":160,"clusterMoves":0,"groupsH":0,"groupsV":0,"comps":0,"fallback":0,"iters":4,"iterCap":20,"converged":true}},"lsq":{"cellAfter":[["n5844883299",5,0],["n4723138174",5,2],["n8058806356",3,2],["n5844879611",3,4],["n5844889655",1,4],["n5844889650",1,5]],"stats":{"hvBefore":0,"hvAfter":5,"hvdBefore":5,"hvdAfter":5,"segs":5,"verts":6,"moved":3,"passes":3,"reverted":false,"proposed":0,"rounds":120,"clusterMoves":0,"groupsH":0,"groupsV":0,"comps":0,"fallback":0,"iters":2,"iterCap":20,"converged":true}},"octi":{"cellAfter":[["n5844883299",5,0],["n4723138174",4,1],["n8058806356",3,2],["n5844879611",2,3],["n5844889655",1,4],["n5844889650",0,5]],"stats":{"hvBefore":0,"hvAfter":0,"hvdBefore":5,"hvdAfter":5,"segs":5,"verts":6,"moved":0,"passes":0,"reverted":false,"proposed":0,"revertedN":0,"batches":6,"settled":6,"rounds":0,"clusterMoves":0,"groupsH":0,"groupsV":0,"comps":0,"fallback":0,"iters":1,"iterCap":20,"converged":true}},"path":{"cellAfter":[["n5844883299",5,0],["n4723138174",4,1],["n8058806356",3,2],["n5844879611",2,3],["n5844889655",1,4],["n5844889650",0,5]],"stats":{"hvBefore":0,"hvAfter":0,"hvdBefore":5,"hvdAfter":5,"segs":5,"verts":6,"moved":0,"passes":0,"reverted":false,"proposed":0,"revertedN":0,"batches":1,"chains":1,"links":1,"rounds":0,"clusterMoves":0,"groupsH":0,"groupsV":0,"comps":0,"fallback":0,"iters":1,"iterCap":20,"converged":true}},"sat":{"cellAfter":[["n5844883299",5,0],["n4723138174",5,1],["n8058806356",4,1],["n5844879611",1,4],["n5844889655",0,4],["n5844889650",0,5]],"stats":{"hvBefore":0,"hvAfter":4,"hvdBefore":5,"hvdAfter":5,"segs":5,"verts":6,"moved":4,"passes":4,"reverted":false,"proposed":2,"comps":2,"fallback":0,"rounds":0,"clusterMoves":0,"groupsH":0,"groupsV":0,"iters":2,"iterCap":20,"converged":true}}},"layouts":{},"loops":{"hc":{"cellAfter":[["n5844883299",3,0],["n4723138174",2,0],["n8058806356",2,1],["n5844879611",2,2],["n5844889655",1,2],["n5844889650",0,2]],"stats":{"hvBefore":0,"hvAfter":5,"segs":5,"verts":6,"moved":3,"lineMoved":0,"gatherMoved":0,"rounds":2,"roundCap":200,"converged":true,"fromCols":6,"fromRows":6,"cols":4,"rows":3,"emptyCols":[],"emptyRows":[],"dense":true},"cols":4,"rows":3},"stroke":{"cellAfter":[["n5844883299",3,2],["n4723138174",2,2],["n8058806356",2,1],["n5844879611",1,1],["n5844889655",1,0],["n5844889650",0,0]],"stats":{"hvBefore":5,"hvAfter":5,"segs":5,"verts":6,"moved":0,"lineMoved":0,"gatherMoved":0,"rounds":1,"roundCap":200,"converged":true,"fromCols":6,"fromRows":6,"cols":4,"rows":3,"emptyCols":[],"emptyRows":[],"dense":true},"cols":4,"rows":3},"rect":{"cellAfter":[["n5844883299",3,0],["n4723138174",2,0],["n8058806356",2,1],["n5844879611",2,2],["n5844889655",1,2],["n5844889650",0,2]],"stats":{"hvBefore":0,"hvAfter":5,"segs":5,"verts":6,"moved":3,"lineMoved":0,"gatherMoved":0,"rounds":2,"roundCap":200,"converged":true,"fromCols":6,"fromRows":6,"cols":4,"rows":3,"emptyCols":[],"emptyRows":[],"dense":true},"cols":4,"rows":3},"milp":{"cellAfter":[["n5844883299",2,0],["n4723138174",2,1],["n8058806356",1,1],["n5844879611",0,1],["n5844889655",0,2],["n5844889650",0,3]],"stats":{"hvBefore":4,"hvAfter":5,"segs":5,"verts":6,"moved":1,"lineMoved":0,"gatherMoved":0,"rounds":2,"roundCap":200,"converged":true,"fromCols":6,"fromRows":6,"cols":3,"rows":4,"emptyCols":[],"emptyRows":[],"dense":true},"cols":3,"rows":4},"force":{"cellAfter":[["n5844883299",3,0],["n4723138174",2,0],["n8058806356",1,0],["n5844879611",0,0],["n5844889655",0,1],["n5844889650",0,2]],"stats":{"hvBefore":5,"hvAfter":5,"segs":5,"verts":6,"moved":0,"lineMoved":0,"gatherMoved":0,"rounds":1,"roundCap":200,"converged":true,"fromCols":6,"fromRows":6,"cols":4,"rows":3,"emptyCols":[],"emptyRows":[],"dense":true},"cols":4,"rows":3},"lsq":{"cellAfter":[["n5844883299",2,0],["n4723138174",2,1],["n8058806356",1,1],["n5844879611",1,2],["n5844889655",0,2],["n5844889650",0,3]],"stats":{"hvBefore":5,"hvAfter":5,"segs":5,"verts":6,"moved":0,"lineMoved":0,"gatherMoved":0,"rounds":1,"roundCap":200,"converged":true,"fromCols":6,"fromRows":6,"cols":3,"rows":4,"emptyCols":[],"emptyRows":[],"dense":true},"cols":3,"rows":4},"octi":{"cellAfter":[["n5844883299",3,0],["n4723138174",2,0],["n8058806356",2,1],["n5844879611",2,2],["n5844889655",1,2],["n5844889650",0,2]],"stats":{"hvBefore":0,"hvAfter":5,"segs":5,"verts":6,"moved":3,"lineMoved":0,"gatherMoved":0,"rounds":2,"roundCap":200,"converged":true,"fromCols":6,"fromRows":6,"cols":4,"rows":3,"emptyCols":[],"emptyRows":[],"dense":true},"cols":4,"rows":3},"path":{"cellAfter":[["n5844883299",3,0],["n4723138174",2,0],["n8058806356",2,1],["n5844879611",2,2],["n5844889655",1,2],["n5844889650",0,2]],"stats":{"hvBefore":0,"hvAfter":5,"segs":5,"verts":6,"moved":3,"lineMoved":0,"gatherMoved":0,"rounds":2,"roundCap":200,"converged":true,"fromCols":6,"fromRows":6,"cols":4,"rows":3,"emptyCols":[],"emptyRows":[],"dense":true},"cols":4,"rows":3},"sat":{"cellAfter":[["n5844883299",2,0],["n4723138174",2,1],["n8058806356",1,1],["n5844879611",0,1],["n5844889655",0,2],["n5844889650",0,3]],"stats":{"hvBefore":4,"hvAfter":5,"segs":5,"verts":6,"moved":1,"lineMoved":0,"gatherMoved":0,"rounds":2,"roundCap":200,"converged":true,"fromCols":6,"fromRows":6,"cols":3,"rows":4,"emptyCols":[],"emptyRows":[],"dense":true},"cols":3,"rows":4}},"endp":{"hc":{"cellAfter":[["n5844883299",3,0],["n4723138174",2,0],["n8058806356",2,1],["n5844879611",2,2],["n5844889655",1,2],["n5844889650",0,2]],"stats":{"hvBefore":0,"hvAfter":5,"segs":5,"verts":6,"moved":3,"movedPts":3,"movedLines":0,"converged":true,"fromCols":6,"fromRows":6,"cols":4,"rows":3},"cols":4,"rows":3},"stroke":{"cellAfter":[["n5844883299",3,2],["n4723138174",2,2],["n8058806356",2,1],["n5844879611",1,1],["n5844889655",1,0],["n5844889650",0,0]],"stats":{"hvBefore":5,"hvAfter":5,"segs":5,"verts":6,"moved":0,"movedPts":0,"movedLines":0,"converged":true,"fromCols":4,"fromRows":3,"cols":4,"rows":3},"cols":4,"rows":3},"rect":{"cellAfter":[["n5844883299",3,0],["n4723138174",2,0],["n8058806356",2,1],["n5844879611",2,2],["n5844889655",1,2],["n5844889650",0,2]],"stats":{"hvBefore":0,"hvAfter":5,"segs":5,"verts":6,"moved":3,"movedPts":3,"movedLines":0,