{"algo":"hccells-v4","fingerprint":"1jw42rk:rg1.15","cityId":"as-pak-lahore","variant":"orig","shapelike":false,"hc":{"cellAfter":[["n5844889650",0,5],["n5844889656",1,4],["n5844879610",2,3],["n9564940683",3,2],["n7643521979",4,1],["n5844883299",5,0]],"stats":{"verts":6,"segs":5,"hvAfter":0,"ms":0,"base":"grid"}},"posts":{"stroke":{"cellAfter":[["n5844883299",4,3],["n7643521979",3,4],["n9564940683",3,3],["n5844879610",2,3],["n5844889656",2,2],["n5844889650",1,3]],"stats":{"hvBefore":0,"hvAfter":3,"hvdBefore":5,"hvdAfter":5,"segs":5,"verts":6,"moved":5,"passes":42,"reverted":false,"proposed":4,"revertedN":0,"batches":1,"strokes":1,"substrokes":1,"rounds":0,"clusterMoves":0,"groupsH":0,"groupsV":0,"comps":0,"fallback":0,"iters":20,"iterCap":20,"converged":false}},"rect":{"cellAfter":[["n5844883299",5,0],["n7643521979",4,1],["n9564940683",3,2],["n5844879610",2,3],["n5844889656",1,4],["n5844889650",0,5]],"stats":{"before":138926.9322992774,"after":138926.9322992774,"rounds":1,"moved":0,"clusterMoves":0,"idealHop":1,"verts":6,"segs":5,"hvBefore":0,"hvAfter":0,"groupsH":0,"groupsV":0,"comps":0,"fallback":0,"passes":0,"reverted":false,"iters":1,"iterCap":20,"converged":true}},"milp":{"cellAfter":[["n5844883299",5,0],["n7643521979",5,1],["n9564940683",4,1],["n5844879610",1,4],["n5844889656",0,4],["n5844889650",0,5]],"stats":{"hvBefore":0,"hvAfter":4,"hvdBefore":5,"hvdAfter":5,"segs":5,"verts":6,"moved":4,"passes":4,"reverted":false,"proposed":2,"comps":2,"fallback":0,"rounds":0,"clusterMoves":0,"groupsH":0,"groupsV":0,"iters":2,"iterCap":20,"converged":true}},"force":{"cellAfter":[["n5844883299",5,0],["n7643521979",4,1],["n9564940683",3,2],["n5844879610",2,3],["n5844889656",1,4],["n5844889650",0,5]],"stats":{"hvBefore":0,"hvAfter":0,"hvdBefore":5,"hvdAfter":5,"segs":5,"verts":6,"moved":0,"passes":0,"reverted":false,"proposed":6,"revertedN":0,"batches":6,"rounds":40,"clusterMoves":0,"groupsH":0,"groupsV":0,"comps":0,"fallback":0,"iters":1,"iterCap":20,"converged":true}},"lsq":{"cellAfter":[["n5844883299",5,0],["n7643521979",4,1],["n9564940683",3,2],["n5844879610",2,3],["n5844889656",1,4],["n5844889650",0,5]],"stats":{"hvBefore":0,"hvAfter":0,"hvdBefore":5,"hvdAfter":5,"segs":5,"verts":6,"moved":0,"passes":1,"reverted":false,"proposed":0,"rounds":60,"clusterMoves":0,"groupsH":0,"groupsV":0,"comps":0,"fallback":0,"iters":1,"iterCap":20,"converged":true}},"octi":{"cellAfter":[["n5844883299",5,0],["n7643521979",4,1],["n9564940683",3,2],["n5844879610",2,3],["n5844889656",1,4],["n5844889650",0,5]],"stats":{"hvBefore":0,"hvAfter":0,"hvdBefore":5,"hvdAfter":5,"segs":5,"verts":6,"moved":0,"passes":0,"reverted":false,"proposed":0,"revertedN":0,"batches":6,"settled":6,"rounds":0,"clusterMoves":0,"groupsH":0,"groupsV":0,"comps":0,"fallback":0,"iters":1,"iterCap":20,"converged":true}},"path":{"cellAfter":[["n5844883299",5,0],["n7643521979",4,1],["n9564940683",3,2],["n5844879610",2,3],["n5844889656",1,4],["n5844889650",0,5]],"stats":{"hvBefore":0,"hvAfter":0,"hvdBefore":5,"hvdAfter":5,"segs":5,"verts":6,"moved":0,"passes":0,"reverted":false,"proposed":0,"revertedN":0,"batches":1,"chains":1,"links":1,"rounds":0,"clusterMoves":0,"groupsH":0,"groupsV":0,"comps":0,"fallback":0,"iters":1,"iterCap":20,"converged":true}},"sat":{"cellAfter":[["n5844883299",5,0],["n7643521979",5,1],["n9564940683",4,1],["n5844879610",1,4],["n5844889656",0,4],["n5844889650",0,5]],"stats":{"hvBefore":0,"hvAfter":4,"hvdBefore":5,"hvdAfter":5,"segs":5,"verts":6,"moved":4,"passes":4,"reverted":false,"proposed":2,"comps":2,"fallback":0,"rounds":0,"clusterMoves":0,"groupsH":0,"groupsV":0,"iters":2,"iterCap":20,"converged":true}}},"layouts":{},"loops":{"hc":{"cellAfter":[["n5844883299",1,0],["n7643521979",1,1],["n9564940683",0,1],["n5844879610",0,2],["n5844889656",0,3],["n5844889650",0,4]],"stats":{"hvBefore":0,"hvAfter":5,"segs":5,"verts":6,"moved":5,"lineMoved":0,"gatherMoved":0,"rounds":2,"roundCap":200,"converged":true,"fromCols":6,"fromRows":6,"cols":2,"rows":5},"cols":2,"rows":5},"stroke":{"cellAfter":[["n5844883299",3,2],["n7643521979",2,2],["n9564940683",2,1],["n5844879610",1,1],["n5844889656",1,0],["n5844889650",0,0]],"stats":{"hvBefore":3,"hvAfter":5,"segs":5,"verts":6,"moved":2,"lineMoved":0,"gatherMoved":0,"rounds":2,"roundCap":200,"converged":true,"fromCols":6,"fromRows":6,"cols":4,"rows":3},"cols":4,"rows":3},"rect":{"cellAfter":[["n5844883299",1,0],["n7643521979",1,1],["n9564940683",0,1],["n5844879610",0,2],["n5844889656",0,3],["n5844889650",0,4]],"stats":{"hvBefore":0,"hvAfter":5,"segs":5,"verts":6,"moved":5,"lineMoved":0,"gatherMoved":0,"rounds":2,"roundCap":200,"converged":true,"fromCols":6,"fromRows":6,"cols":2,"rows":5},"cols":2,"rows":5},"milp":{"cellAfter":[["n5844883299",2,0],["n7643521979",2,1],["n9564940683",1,1],["n5844879610",1,2],["n5844889656",0,2],["n5844889650",0,3]],"stats":{"hvBefore":4,"hvAfter":5,"segs":5,"verts":6,"moved":1,"lineMoved":0,"gatherMoved":0,"rounds":2,"roundCap":200,"converged":true,"fromCols":6,"fromRows":6,"cols":3,"rows":4},"cols":3,"rows":4},"force":{"cellAfter":[["n5844883299",1,0],["n7643521979",1,1],["n9564940683",0,1],["n5844879610",0,2],["n5844889656",0,3],["n5844889650",0,4]],"stats":{"hvBefore":0,"hvAfter":5,"segs":5,"verts":6,"moved":5,"lineMoved":0,"gatherMoved":0,"rounds":2,"roundCap":200,"converged":true,"fromCols":6,"fromRows":6,"cols":2,"rows":5},"cols":2,"rows":5},"lsq":{"cellAfter":[["n5844883299",1,0],["n7643521979",1,1],["n9564940683",0,1],["n5844879610",0,2],["n5844889656",0,3],["n5844889650",0,4]],"stats":{"hvBefore":0,"hvAfter":5,"segs":5,"verts":6,"moved":5,"lineMoved":0,"gatherMoved":0,"rounds":2,"roundCap":200,"converged":true,"fromCols":6,"fromRows":6,"cols":2,"rows":5},"cols":2,"rows":5},"octi":{"cellAfter":[["n5844883299",1,0],["n7643521979",1,1],["n9564940683",0,1],["n5844879610",0,2],["n5844889656",0,3],["n5844889650",0,4]],"stats":{"hvBefore":0,"hvAfter":5,"segs":5,"verts":6,"moved":5,"lineMoved":0,"gatherMoved":0,"rounds":2,"roundCap":200,"converged":true,"fromCols":6,"fromRows":6,"cols":2,"rows":5},"cols":2,"rows":5},"path":{"cellAfter":[["n5844883299",1,0],["n7643521979",1,1],["n9564940683",0,1],["n5844879610",0,2],["n5844889656",0,3],["n5844889650",0,4]],"stats":{"hvBefore":0,"hvAfter":5,"segs":5,"verts":6,"moved":5,"lineMoved":0,"gatherMoved":0,"rounds":2,"roundCap":200,"converged":true,"fromCols":6,"fromRows":6,"cols":2,"rows":5},"cols":2,"rows":5},"sat":{"cellAfter":[["n5844883299",2,0],["n7643521979",2,1],["n9564940683",1,1],["n5844879610",1,2],["n5844889656",0,2],["n5844889650",0,3]],"stats":{"hvBefore":4,"hvAfter":5,"segs":5,"verts":6,"moved":1,"lineMoved":0,"gatherMoved":0,"rounds":2,"roundCap":200,"converged":true,"fromCols":6,"fromRows":6,"cols":3,"rows":4},"cols":3,"rows":4}},"endp":{"hc":{"cellAfter":[["n5844883299",2,0],["n7643521979",2,1],["n9564940683",1,1],["n5844879610",0,1],["n5844889656",0,2],["n5844889650",0,3]],"stats":{"hvBefore":0,"hvAfter":5,"segs":5,"verts":6,"moved":5,"movedPts":5,"movedLines":0,"converged":true,"fromCols":6,"fromRows":6,"cols":3,"rows":4},"cols":3,"rows":4},"stroke":{"cellAfter":[["n5844883299",3,2],["n7643521979",2,2],["n9564940683",2,1],["n5844879610",1,1],["n5844889656",1,0],["n5844889650",0,0]],"stats":{"hvBefore":3,"hvAfter":5,"segs":5,"verts":6,"moved":2,"movedPts":2,"movedLines":0,"converged":true,"fromCols":4,"fromRows":3,"cols":4,"rows":3},"cols":4,"rows":3},"rect":{"cellAfter":[["n5844883299",2,0],["n7643521979",2,1],["n9564940683",1,1],["n5844879610",0,1],["n5844889656",0,2],["n5844889650",0,3]],"stats":{"hvBefore":0,"hvAfter":5,"segs":5,"verts":6,"moved":5,"movedPts":5,"movedLines":0,"converged":true,"fromCols":6,"fromRows":6,"cols":3,"rows":4},"cols":3,"rows":4},"milp":{"cellAfter":[["n5844883299",2,0],["n7643521979",2,1],["n9564940683",1,1],["n5844879610",1,2],["n5844889656",0,2],["n5844889650",0,3]],"stats":{"hvBefore":4,"hvAfter":5,"segs":5,"verts":6,"moved":1,"movedPts":1,"movedLines":0,"converged":true,"fromCols":4,"fromRows":4,"cols":3,"rows":4},"cols":3,