{"algo":"hccells-v8","fingerprint":"ynodd9:rg1.15","cityId":"as-tur-izmir","variant":"orig","shapelike":false,"hc":{"cellAfter":[["n11475911514",0,4],["n11475911510",1,5],["n5388472386",2,3],["n332775838",3,2],["n276564251",4,1],["n534672062",5,0]],"stats":{"verts":6,"segs":5,"hvAfter":0,"ms":0,"base":"grid"}},"posts":{"stroke":{"cellAfter":[["n11475911514",0,5],["n11475911510",3,5],["n5388472386",3,3],["n332775838",3,2],["n276564251",3,1],["n534672062",3,0]],"stats":{"hvBefore":0,"hvAfter":5,"hvdBefore":5,"hvdAfter":5,"segs":5,"verts":6,"moved":5,"passes":5,"reverted":false,"proposed":5,"revertedN":0,"batches":2,"strokes":1,"substrokes":2,"rounds":0,"clusterMoves":0,"groupsH":0,"groupsV":0,"comps":0,"fallback":0,"iters":2,"iterCap":20,"converged":true}},"rect":{"cellAfter":[["n11475911514",0,5],["n11475911510",1,4],["n5388472386",2,3],["n332775838",3,2],["n276564251",4,1],["n534672062",5,0]],"stats":{"before":266780.90354236204,"after":138922.21825406948,"rounds":3,"moved":2,"clusterMoves":0,"idealHop":1,"verts":6,"segs":5,"hvBefore":0,"hvAfter":0,"groupsH":0,"groupsV":0,"comps":0,"fallback":0,"passes":0,"reverted":false,"iters":2,"iterCap":20,"converged":true}},"milp":{"cellAfter":[["n11475911514",0,4],["n11475911510",0,5],["n5388472386",3,5],["n332775838",5,4],["n276564251",5,1],["n534672062",5,0]],"stats":{"hvBefore":0,"hvAfter":4,"hvdBefore":4,"hvdAfter":4,"segs":5,"verts":6,"moved":4,"passes":5,"reverted":false,"proposed":1,"comps":3,"fallback":0,"rounds":0,"clusterMoves":0,"groupsH":0,"groupsV":0,"iters":3,"iterCap":20,"converged":true}},"force":{"cellAfter":[["n11475911514",0,4],["n11475911510",0,5],["n5388472386",2,3],["n332775838",3,0],["n276564251",4,0],["n534672062",5,0]],"stats":{"hvBefore":0,"hvAfter":3,"hvdBefore":4,"hvdAfter":4,"segs":5,"verts":6,"moved":3,"passes":6,"reverted":false,"proposed":5,"revertedN":1,"batches":6,"rounds":80,"clusterMoves":0,"groupsH":0,"groupsV":0,"comps":0,"fallback":0,"iters":2,"iterCap":20,"converged":true}},"lsq":{"cellAfter":[["n11475911514",0,4],["n11475911510",0,5],["n5388472386",2,3],["n332775838",3,2],["n276564251",5,2],["n534672062",5,0]],"stats":{"hvBefore":0,"hvAfter":3,"hvdBefore":5,"hvdAfter":5,"segs":5,"verts":6,"moved":2,"passes":3,"reverted":false,"proposed":0,"rounds":120,"clusterMoves":0,"groupsH":0,"groupsV":0,"comps":0,"fallback":0,"iters":2,"iterCap":20,"converged":true}},"octi":{"cellAfter":[["n11475911514",0,4],["n11475911510",1,5],["n5388472386",1,3],["n332775838",1,2],["n276564251",4,2],["n534672062",4,0]],"stats":{"hvBefore":0,"hvAfter":4,"hvdBefore":5,"hvdAfter":5,"segs":5,"verts":6,"moved":4,"passes":8,"reverted":false,"proposed":0,"revertedN":0,"batches":6,"settled":6,"rounds":0,"clusterMoves":0,"groupsH":0,"groupsV":0,"comps":0,"fallback":0,"iters":2,"iterCap":20,"converged":true}},"path":{"cellAfter":[["n11475911514",0,4],["n11475911510",0,5],["n5388472386",2,3],["n332775838",3,2],["n276564251",4,1],["n534672062",5,0]],"stats":{"hvBefore":0,"hvAfter":1,"hvdBefore":5,"hvdAfter":5,"segs":5,"verts":6,"moved":1,"passes":2,"reverted":false,"proposed":0,"revertedN":0,"batches":1,"chains":1,"links":1,"rounds":0,"clusterMoves":0,"groupsH":0,"groupsV":0,"comps":0,"fallback":0,"iters":2,"iterCap":20,"converged":true}},"sat":{"cellAfter":[["n11475911514",0,4],["n11475911510",0,5],["n5388472386",3,5],["n332775838",5,4],["n276564251",5,1],["n534672062",5,0]],"stats":{"hvBefore":0,"hvAfter":4,"hvdBefore":4,"hvdAfter":4,"segs":5,"verts":6,"moved":4,"passes":5,"reverted":false,"proposed":1,"comps":3,"fallback":0,"rounds":0,"clusterMoves":0,"groupsH":0,"groupsV":0,"iters":3,"iterCap":20,"converged":true}}},"layouts":{},"loops":{"hc":{"cellAfter":[["n11475911514",0,2],["n11475911510",1,2],["n5388472386",1,1],["n332775838",1,0],["n276564251",2,0],["n534672062",3,0]],"stats":{"hvBefore":0,"hvAfter":5,"segs":5,"verts":6,"moved":3,"lineMoved":0,"gatherMoved":0,"rounds":2,"roundCap":200,"converged":true,"fromCols":6,"fromRows":6,"cols":4,"rows":3,"emptyCols":[],"emptyRows":[],"dense":true},"cols":4,"rows":3},"stroke":{"cellAfter":[["n11475911514",0,4],["n11475911510",1,4],["n5388472386",1,3],["n332775838",1,2],["n276564251",1,1],["n534672062",1,0]],"stats":{"hvBefore":5,"hvAfter":5,"segs":5,"verts":6,"moved":0,"lineMoved":0,"gatherMoved":0,"rounds":1,"roundCap":200,"converged":true,"fromCols":6,"fromRows":6,"cols":2,"rows":5,"emptyCols":[],"emptyRows":[],"dense":true},"cols":2,"rows":5},"rect":{"cellAfter":[["n11475911514",0,2],["n11475911510",0,1],["n5388472386",1,1],["n332775838",1,0],["n276564251",2,0],["n534672062",3,0]],"stats":{"hvBefore":0,"hvAfter":5,"segs":5,"verts":6,"moved":3,"lineMoved":0,"gatherMoved":0,"rounds":2,"roundCap":200,"converged":true,"fromCols":6,"fromRows":6,"cols":4,"rows":3,"emptyCols":[],"emptyRows":[],"dense":true},"cols":4,"rows":3},"milp":{"cellAfter":[["n11475911514",0,1],["n11475911510",0,2],["n5388472386",1,2],["n332775838",2,2],["n276564251",2,1],["n534672062",2,0]],"stats":{"hvBefore":4,"hvAfter":5,"segs":5,"verts":6,"moved":1,"lineMoved":0,"gatherMoved":1,"rounds":2,"roundCap":200,"converged":true,"fromCols":6,"fromRows":6,"cols":3,"rows":3,"emptyCols":[],"emptyRows":[],"dense":true},"cols":3,"rows":3},"force":{"cellAfter":[["n11475911514",0,2],["n11475911510",1,2],["n5388472386",1,1],["n332775838",1,0],["n276564251",2,0],["n534672062",3,0]],"stats":{"hvBefore":3,"hvAfter":5,"segs":5,"verts":6,"moved":2,"lineMoved":0,"gatherMoved":0,"rounds":2,"roundCap":200,"converged":true,"fromCols":6,"fromRows":6,"cols":4,"rows":3,"emptyCols":[],"emptyRows":[],"dense":true},"cols":4,"rows":3},"lsq":{"cellAfter":[["n11475911514",0,3],["n11475911510",1,3],["n5388472386",1,2],["n332775838",1,1],["n276564251",2,1],["n534672062",2,0]],"stats":{"hvBefore":3,"hvAfter":5,"segs":5,"verts":6,"moved":2,"lineMoved":0,"gatherMoved":0,"rounds":2,"roundCap":200,"converged":true,"fromCols":6,"fromRows":6,"cols":3,"rows":4,"emptyCols":[],"emptyRows":[],"dense":true},"cols":3,"rows":4},"octi":{"cellAfter":[["n11475911514",0,3],["n11475911510",1,3],["n5388472386",1,2],["n332775838",1,1],["n276564251",2,1],["n534672062",2,0]],"stats":{"hvBefore":4,"hvAfter":5,"segs":5,"verts":6,"moved":1,"lineMoved":0,"gatherMoved":0,"rounds":2,"roundCap":200,"converged":true,"fromCols":6,"fromRows":6,"cols":3,"rows":4,"emptyCols":[],"emptyRows":[],"dense":true},"cols":3,"rows":4},"path":{"cellAfter":[["n11475911514",0,2],["n11475911510",1,2],["n5388472386",1,1],["n332775838",1,0],["n276564251",2,0],["n534672062",3,0]],"stats":{"hvBefore":1,"hvAfter":5,"segs":5,"verts":6,"moved":3,"lineMoved":0,"gatherMoved":0,"rounds":2,"roundCap":200,"converged":true,"fromCols":6,"fromRows":6,"cols":4,"rows":3,"emptyCols":[],"emptyRows":[],"dense":true},"cols":4,"rows":3},"sat":{"cellAfter":[["n11475911514",0,1],["n11475911510",0,2],["n5388472386",1,2],["n332775838",2,2],["n276564251",2,1],["n534672062",2,0]],"stats":{"hvBefore":4,"hvAfter":5,"segs":5,"verts":6,"moved":1,"lineMoved":0,"gatherMoved":1,"rounds":2,"roundCap":200,"converged":true,"fromCols":6,"fromRows":6,"cols":3,"rows":3,"emptyCols":[],"emptyRows":[],"dense":true},"cols":3,"rows":3}},"endp":{"hc":{"cellAfter":[["n11475911514",0,2],["n11475911510",1,2],["n5388472386",1,1],["n332775838",1,0],["n276564251",2,0],["n534672062",3,0]],"stats":{"hvBefore":0,"hvAfter":5,"segs":5,"verts":6,"moved":3,"movedPts":3,"movedLines":0,"converged":true,"fromCols":6,"fromRows":6,"cols":4,"rows":3},"cols":4,"rows":3},"stroke":{"cellAfter":[["n11475911514",0,4],["n11475911510",1,4],["n5388472386",1,3],["n332775838",1,2],["n276564251",1,1],["n534672062",1,0]],"stats":{"hvBefore":5,"hvAfter":5,"segs":5,"verts":6,"moved":0,"movedPts":0,"movedLines":0,"converged":true,"fromCols":2,"fromRows":5,"cols":2,"rows":5},"cols":2,"rows":5},"rect":{"cellAfter":[["n11475911514",0,2],["n11475911510",0,1],["n5388472386",1,1],["n332775838",1,0],["n276564251",2,0],["n534672062",3,0]],"stats":{"hvBefore":0,"hvAfter":5,"segs":5,"verts":6,"moved":3,"movedPts":3,"movedLines":0,"converged":true,