{"algo":"hccells-v8","fingerprint":"586uon:rg1.15","cityId":"as-vie-hanoi","variant":"rot","shapelike":false,"hc":{"cellAfter":[["n5875623880",0,6],["n6544472083",1,4],["n8124813843",2,0],["n8124813867",3,1],["n6544472080",4,5],["n8124813885",5,2],["n6819506968",6,3]],"stats":{"verts":7,"segs":5,"hvAfter":0,"ms":0,"base":"grid"}},"posts":{"stroke":{"cellAfter":[["n6819506968",6,5],["n6544472080",4,5],["n6544472083",1,5],["n5875623880",0,5],["n8124813843",2,1],["n8124813867",3,1],["n8124813885",5,1]],"stats":{"hvBefore":0,"hvAfter":5,"hvdBefore":5,"hvdAfter":5,"segs":5,"verts":7,"moved":5,"passes":4,"reverted":false,"proposed":6,"revertedN":0,"batches":2,"strokes":2,"substrokes":2,"rounds":0,"clusterMoves":0,"groupsH":0,"groupsV":0,"comps":0,"fallback":0,"iters":2,"iterCap":20,"converged":true}},"rect":{"cellAfter":[["n6819506968",3,4],["n6544472080",2,4],["n6544472083",1,4],["n5875623880",0,4],["n8124813843",1,0],["n8124813867",3,1],["n8124813885",5,2]],"stats":{"before":288824.7674708834,"after":44543.1146839896,"rounds":3,"moved":4,"clusterMoves":0,"idealHop":1,"verts":7,"segs":5,"hvBefore":0,"hvAfter":3,"groupsH":0,"groupsV":0,"comps":0,"fallback":0,"passes":0,"reverted":false,"iters":2,"iterCap":20,"converged":true}},"milp":{"cellAfter":[["n6819506968",6,0],["n6544472080",4,3],["n6544472083",2,5],["n5875623880",0,6],["n8124813843",0,1],["n8124813867",3,1],["n8124813885",5,1]],"stats":{"hvBefore":0,"hvAfter":2,"hvdBefore":3,"hvdAfter":3,"segs":5,"verts":7,"moved":5,"passes":8,"reverted":false,"proposed":1,"comps":8,"fallback":0,"rounds":0,"clusterMoves":0,"groupsH":0,"groupsV":0,"iters":4,"iterCap":20,"converged":true}},"force":{"cellAfter":[["n6819506968",4,3],["n6544472080",4,5],["n6544472083",1,4],["n5875623880",0,4],["n8124813843",2,0],["n8124813867",5,0],["n8124813885",5,2]],"stats":{"hvBefore":0,"hvAfter":4,"hvdBefore":4,"hvdAfter":4,"segs":5,"verts":7,"moved":3,"passes":6,"reverted":false,"proposed":7,"revertedN":2,"batches":7,"rounds":80,"clusterMoves":0,"groupsH":0,"groupsV":0,"comps":0,"fallback":0,"iters":2,"iterCap":20,"converged":true}},"lsq":{"cellAfter":[["n6819506968",6,2],["n6544472080",4,4],["n6544472083",1,4],["n5875623880",0,6],["n8124813843",3,0],["n8124813867",3,1],["n8124813885",5,2]],"stats":{"hvBefore":0,"hvAfter":2,"hvdBefore":3,"hvdAfter":3,"segs":5,"verts":7,"moved":3,"passes":3,"reverted":false,"proposed":1,"rounds":120,"clusterMoves":0,"groupsH":0,"groupsV":0,"comps":0,"fallback":0,"iters":2,"iterCap":20,"converged":true}},"octi":{"cellAfter":[["n6819506968",6,4],["n6544472080",4,4],["n6544472083",0,4],["n5875623880",0,6],["n8124813843",2,0],["n8124813867",3,1],["n8124813885",4,2]],"stats":{"hvBefore":0,"hvAfter":3,"hvdBefore":5,"hvdAfter":5,"segs":5,"verts":7,"moved":4,"passes":8,"reverted":false,"proposed":0,"revertedN":0,"batches":7,"settled":7,"rounds":0,"clusterMoves":0,"groupsH":0,"groupsV":0,"comps":0,"fallback":0,"iters":2,"iterCap":20,"converged":true}},"path":{"cellAfter":[["n6819506968",6,5],["n6544472080",4,5],["n6544472083",1,5],["n5875623880",0,5],["n8124813843",2,1],["n8124813867",3,1],["n8124813885",5,1]],"stats":{"hvBefore":0,"hvAfter":5,"hvdBefore":5,"hvdAfter":5,"segs":5,"verts":7,"moved":5,"passes":4,"reverted":false,"proposed":0,"revertedN":0,"batches":2,"chains":2,"links":2,"rounds":0,"clusterMoves":0,"groupsH":0,"groupsV":0,"comps":0,"fallback":0,"iters":2,"iterCap":20,"converged":true}},"sat":{"cellAfter":[["n6819506968",6,0],["n6544472080",4,3],["n6544472083",2,5],["n5875623880",0,6],["n8124813843",0,1],["n8124813867",3,1],["n8124813885",5,1]],"stats":{"hvBefore":0,"hvAfter":2,"hvdBefore":3,"hvdAfter":3,"segs":5,"verts":7,"moved":5,"passes":8,"reverted":false,"proposed":1,"comps":8,"fallback":0,"rounds":0,"clusterMoves":0,"groupsH":0,"groupsV":0,"iters":4,"iterCap":20,"converged":true}}},"layouts":{},"loops":{"hc":{"cellAfter":[["n6819506968",2,2],["n6544472080",1,2],["n6544472083",0,2],["n5875623880",0,3],["n8124813843",1,0],["n8124813867",1,1],["n8124813885",2,1]],"stats":{"hvBefore":0,"hvAfter":5,"segs":5,"verts":7,"moved":8,"lineMoved":0,"gatherMoved":0,"rounds":2,"roundCap":200,"converged":true,"fromCols":7,"fromRows":7,"cols":3,"rows":4,"emptyCols":[],"emptyRows":[],"dense":true},"cols":3,"rows":4},"stroke":{"cellAfter":[["n6819506968",4,1],["n6544472080",3,1],["n6544472083",1,1],["n5875623880",0,1],["n8124813843",1,0],["n8124813867",2,0],["n8124813885",3,0]],"stats":{"hvBefore":5,"hvAfter":5,"segs":5,"verts":7,"moved":2,"lineMoved":0,"gatherMoved":1,"rounds":2,"roundCap":200,"converged":true,"fromCols":7,"fromRows":7,"cols":5,"rows":2,"emptyCols":[],"emptyRows":[],"dense":true},"cols":5,"rows":2},"rect":{"cellAfter":[["n6819506968",3,2],["n6544472080",2,2],["n6544472083",1,2],["n5875623880",0,2],["n8124813843",2,0],["n8124813867",2,1],["n8124813885",3,1]],"stats":{"hvBefore":3,"hvAfter":5,"segs":5,"verts":7,"moved":3,"lineMoved":0,"gatherMoved":0,"rounds":2,"roundCap":200,"converged":true,"fromCols":7,"fromRows":7,"cols":4,"rows":3,"emptyCols":[],"emptyRows":[],"dense":true},"cols":4,"rows":3},"milp":{"cellAfter":[["n6819506968",2,1],["n6544472080",1,1],["n6544472083",0,1],["n5875623880",0,2],["n8124813843",0,0],["n8124813867",1,0],["n8124813885",2,0]],"stats":{"hvBefore":2,"hvAfter":5,"segs":5,"verts":7,"moved":5,"lineMoved":0,"gatherMoved":0,"rounds":2,"roundCap":200,"converged":true,"fromCols":7,"fromRows":7,"cols":3,"rows":3,"emptyCols":[],"emptyRows":[],"dense":true},"cols":3,"rows":3},"force":{"cellAfter":[["n6819506968",2,1],["n6544472080",2,2],["n6544472083",1,2],["n5875623880",0,2],["n8124813843",2,0],["n8124813867",3,0],["n8124813885",3,1]],"stats":{"hvBefore":4,"hvAfter":5,"segs":5,"verts":7,"moved":2,"lineMoved":0,"gatherMoved":1,"rounds":2,"roundCap":200,"converged":true,"fromCols":7,"fromRows":7,"cols":4,"rows":3,"emptyCols":[],"emptyRows":[],"dense":true},"cols":4,"rows":3},"lsq":{"cellAfter":[["n6819506968",3,2],["n6544472080",2,2],["n6544472083",1,2],["n5875623880",0,2],["n8124813843",2,0],["n8124813867",2,1],["n8124813885",3,1]],"stats":{"hvBefore":2,"hvAfter":5,"segs":5,"verts":7,"moved":4,"lineMoved":0,"gatherMoved":0,"rounds":2,"roundCap":200,"converged":true,"fromCols":7,"fromRows":7,"cols":4,"rows":3,"emptyCols":[],"emptyRows":[],"dense":true},"cols":4,"rows":3},"octi":{"cellAfter":[["n6819506968",2,2],["n6544472080",1,2],["n6544472083",0,2],["n5875623880",0,3],["n8124813843",0,0],["n8124813867",0,1],["n8124813885",1,1]],"stats":{"hvBefore":3,"hvAfter":5,"segs":5,"verts":7,"moved":2,"lineMoved":1,"gatherMoved":0,"rounds":2,"roundCap":200,"converged":true,"fromCols":7,"fromRows":7,"cols":3,"rows":4,"emptyCols":[],"emptyRows":[],"dense":true},"cols":3,"rows":4},"path":{"cellAfter":[["n6819506968",4,1],["n6544472080",3,1],["n6544472083",1,1],["n5875623880",0,1],["n8124813843",1,0],["n8124813867",2,0],["n8124813885",3,0]],"stats":{"hvBefore":5,"hvAfter":5,"segs":5,"verts":7,"moved":2,"lineMoved":0,"gatherMoved":1,"rounds":2,"roundCap":200,"converged":true,"fromCols":7,"fromRows":7,"cols":5,"rows":2,"emptyCols":[],"emptyRows":[],"dense":true},"cols":5,"rows":2},"sat":{"cellAfter":[["n6819506968",2,1],["n6544472080",1,1],["n6544472083",0,1],["n5875623880",0,2],["n8124813843",0,0],["n8124813867",1,0],["n8124813885",2,0]],"stats":{"hvBefore":2,"hvAfter":5,"segs":5,"verts":7,"moved":5,"lineMoved":0,"gatherMoved":0,"rounds":2,"roundCap":200,"converged":true,"fromCols":7,"fromRows":7,"cols":3,"rows":3,"emptyCols":[],"emptyRows":[],"dense":true},"cols":3,"rows":3}},"endp":{"hc":{"cellAfter":[["n6819506968",2,2],["n6544472080",1,2],["n6544472083",0,2],["n5875623880",0,3],["n8124813843",1,0],["n8124813867",1,1],["n8124813885",2,1]],"stats":{"hvBefore":0,"hvAfter":5,"segs":5,"verts":7,"moved":8,"movedPts":8,"movedLines":0,"converged":true,"fromCols":7,"fromRows":7,"cols":3,"rows":4},"cols":3,"rows":4},"stroke":{"cellAfter":[["n6819506968",5,1],["n6544472080",4,1],["n6544472083",1,1],["n5875623880",0,1],["n8124813843",2,0],["n8124813867",3,0],["n8124813885",4,0]],