{"algo":"hccells-v4","fingerprint":"1tu3m16:rg1.15","cityId":"eu-fin-helsinki","variant":"rot","shapelike":false,"hc":{"cellAfter":[["n10188456673",0,5],["n10132487357",1,6],["n4364527732",2,3],["n146450892",3,7],["n418089193",4,4],["n392940601",5,1],["n52609066",6,0],["n51334955",7,2]],"stats":{"verts":8,"segs":7,"hvAfter":0,"ms":0,"base":"grid"}},"posts":{"stroke":{"cellAfter":[["n10188456673",2,7],["n10132487357",3,7],["n4364527732",4,7],["n146450892",5,7],["n418089193",5,4],["n392940601",5,1],["n51334955",6,2],["n52609066",5,0]],"stats":{"hvBefore":0,"hvAfter":6,"hvdBefore":7,"hvdAfter":7,"segs":7,"verts":8,"moved":7,"passes":65,"reverted":false,"proposed":4,"revertedN":0,"batches":5,"strokes":2,"substrokes":5,"rounds":0,"clusterMoves":0,"groupsH":0,"groupsV":0,"comps":0,"fallback":0,"iters":20,"iterCap":20,"converged":false}},"rect":{"cellAfter":[["n10188456673",0,4],["n10132487357",1,4],["n4364527732",2,4],["n146450892",3,4],["n418089193",4,4],["n392940601",6,2],["n51334955",7,2],["n52609066",6,0]],"stats":{"before":664761.7108384701,"after":107117.17407695326,"rounds":4,"moved":5,"clusterMoves":0,"idealHop":1,"verts":8,"segs":7,"hvBefore":0,"hvAfter":6,"groupsH":0,"groupsV":0,"comps":0,"fallback":0,"passes":0,"reverted":false,"iters":2,"iterCap":20,"converged":true}},"milp":{"cellAfter":[["n10188456673",0,5],["n10132487357",0,7],["n4364527732",2,4],["n146450892",2,7],["n418089193",5,4],["n392940601",5,0],["n51334955",7,2],["n52609066",7,0]],"stats":{"hvBefore":0,"hvAfter":4,"hvdBefore":6,"hvdAfter":6,"segs":7,"verts":8,"moved":6,"passes":5,"reverted":true,"proposed":5,"comps":2,"fallback":0,"rounds":0,"clusterMoves":0,"groupsH":0,"groupsV":0,"iters":2,"iterCap":20,"converged":true}},"force":{"cellAfter":[["n10188456673",0,5],["n10132487357",1,6],["n4364527732",2,3],["n146450892",3,5],["n418089193",4,4],["n392940601",5,0],["n51334955",7,2],["n52609066",6,0]],"stats":{"hvBefore":0,"hvAfter":1,"hvdBefore":4,"hvdAfter":4,"segs":7,"verts":8,"moved":2,"passes":4,"reverted":false,"proposed":8,"revertedN":2,"batches":8,"rounds":80,"clusterMoves":0,"groupsH":0,"groupsV":0,"comps":0,"fallback":0,"iters":2,"iterCap":20,"converged":true}},"lsq":{"cellAfter":[["n10188456673",1,5],["n10132487357",2,6],["n4364527732",2,3],["n146450892",3,7],["n418089193",3,4],["n392940601",2,0],["n51334955",4,2],["n52609066",3,0]],"stats":{"hvBefore":0,"hvAfter":3,"hvdBefore":5,"hvdAfter":5,"segs":7,"verts":8,"moved":6,"passes":6,"reverted":false,"proposed":2,"rounds":180,"clusterMoves":0,"groupsH":0,"groupsV":0,"comps":0,"fallback":0,"iters":3,"iterCap":20,"converged":true}},"octi":{"cellAfter":[["n10188456673",0,5],["n10132487357",1,6],["n4364527732",1,3],["n146450892",3,7],["n418089193",3,4],["n392940601",5,1],["n51334955",7,1],["n52609066",6,0]],"stats":{"hvBefore":0,"hvAfter":3,"hvdBefore":5,"hvdAfter":5,"segs":7,"verts":8,"moved":3,"passes":6,"reverted":false,"proposed":2,"revertedN":1,"batches":8,"settled":8,"rounds":0,"clusterMoves":0,"groupsH":0,"groupsV":0,"comps":0,"fallback":0,"iters":2,"iterCap":20,"converged":true}},"path":{"cellAfter":[["n10188456673",0,5],["n10132487357",1,5],["n4364527732",2,5],["n146450892",3,5],["n418089193",5,3],["n392940601",4,2],["n51334955",6,3],["n52609066",3,1]],"stats":{"hvBefore":0,"hvAfter":3,"hvdBefore":6,"hvdAfter":6,"segs":7,"verts":8,"moved":7,"passes":6,"reverted":false,"proposed":4,"revertedN":0,"batches":2,"chains":2,"links":5,"rounds":0,"clusterMoves":0,"groupsH":0,"groupsV":0,"comps":0,"fallback":0,"iters":3,"iterCap":20,"converged":true}},"sat":{"cellAfter":[["n10188456673",0,5],["n10132487357",0,7],["n4364527732",2,4],["n146450892",2,7],["n418089193",5,4],["n392940601",5,0],["n51334955",7,2],["n52609066",7,0]],"stats":{"hvBefore":0,"hvAfter":4,"hvdBefore":6,"hvdAfter":6,"segs":7,"verts":8,"moved":6,"passes":5,"reverted":true,"proposed":5,"comps":2,"fallback":0,"rounds":0,"clusterMoves":0,"groupsH":0,"groupsV":0,"iters":2,"iterCap":20,"converged":true}}},"layouts":{},"loops":{"hc":{"cellAfter":[["n10188456673",0,1],["n10132487357",0,2],["n4364527732",1,0],["n146450892",1,2],["n418089193",2,2],["n392940601",2,1],["n51334955",3,1],["n52609066",2,0]],"stats":{"hvBefore":0,"hvAfter":6,"segs":7,"verts":8,"moved":6,"lineMoved":3,"gatherMoved":0,"rounds":2,"roundCap":200,"converged":true,"fromCols":8,"fromRows":8,"cols":4,"rows":3},"cols":4,"rows":3},"stroke":{"cellAfter":[["n10188456673",0,3],["n10132487357",1,3],["n4364527732",2,3],["n146450892",3,3],["n418089193",3,2],["n392940601",3,1],["n51334955",4,1],["n52609066",3,0]],"stats":{"hvBefore":6,"hvAfter":7,"segs":7,"verts":8,"moved":1,"lineMoved":0,"gatherMoved":0,"rounds":2,"roundCap":200,"converged":true,"fromCols":8,"fromRows":8,"cols":5,"rows":4},"cols":5,"rows":4},"rect":{"cellAfter":[["n10188456673",0,2],["n10132487357",1,2],["n4364527732",2,2],["n146450892",3,2],["n418089193",4,2],["n392940601",4,1],["n51334955",5,1],["n52609066",4,0]],"stats":{"hvBefore":6,"hvAfter":7,"segs":7,"verts":8,"moved":1,"lineMoved":0,"gatherMoved":0,"rounds":2,"roundCap":200,"converged":true,"fromCols":8,"fromRows":8,"cols":6,"rows":3},"cols":6,"rows":3},"milp":{"cellAfter":[["n10188456673",0,0],["n10132487357",0,1],["n4364527732",1,1],["n146450892",1,2],["n418089193",2,2],["n392940601",2,0],["n51334955",3,1],["n52609066",3,0]],"stats":{"hvBefore":4,"hvAfter":6,"segs":7,"verts":8,"moved":2,"lineMoved":2,"gatherMoved":1,"rounds":3,"roundCap":200,"converged":true,"fromCols":8,"fromRows":8,"cols":4,"rows":3},"cols":4,"rows":3},"force":{"cellAfter":[["n10188456673",0,0],["n10132487357",0,1],["n4364527732",1,1],["n146450892",1,2],["n418089193",2,2],["n392940601",2,0],["n51334955",3,1],["n52609066",3,0]],"stats":{"hvBefore":1,"hvAfter":6,"segs":7,"verts":8,"moved":4,"lineMoved":4,"gatherMoved":0,"rounds":4,"roundCap":200,"converged":true,"fromCols":8,"fromRows":8,"cols":4,"rows":3},"cols":4,"rows":3},"lsq":{"cellAfter":[["n10188456673",0,3],["n10132487357",1,3],["n4364527732",1,2],["n146450892",2,3],["n418089193",2,2],["n392940601",1,0],["n51334955",2,1],["n52609066",2,0]],"stats":{"hvBefore":3,"hvAfter":4,"segs":7,"verts":8,"moved":3,"lineMoved":1,"gatherMoved":0,"rounds":2,"roundCap":200,"converged":true,"fromCols":8,"fromRows":8,"cols":3,"rows":4},"cols":3,"rows":4},"octi":{"cellAfter":[["n10188456673",0,2],["n10132487357",1,2],["n4364527732",1,1],["n146450892",2,3],["n418089193",2,2],["n392940601",2,1],["n51334955",3,1],["n52609066",2,0]],"stats":{"hvBefore":3,"hvAfter":6,"segs":7,"verts":8,"moved":4,"lineMoved":2,"gatherMoved":0,"rounds":2,"roundCap":200,"converged":true,"fromCols":8,"fromRows":8,"cols":4,"rows":4},"cols":4,"rows":4},"path":{"cellAfter":[["n10188456673",0,2],["n10132487357",1,2],["n4364527732",2,2],["n146450892",3,2],["n418089193",4,2],["n392940601",2,1],["n51334955",3,1],["n52609066",2,0]],"stats":{"hvBefore":3,"hvAfter":6,"segs":7,"verts":8,"moved":5,"lineMoved":1,"gatherMoved":0,"rounds":3,"roundCap":200,"converged":true,"fromCols":8,"fromRows":8,"cols":5,"rows":3},"cols":5,"rows":3},"sat":{"cellAfter":[["n10188456673",0,0],["n10132487357",0,1],["n4364527732",1,1],["n146450892",1,2],["n418089193",2,2],["n392940601",2,0],["n51334955",3,1],["n52609066",3,0]],"stats":{"hvBefore":4,"hvAfter":6,"segs":7,"verts":8,"moved":2,"lineMoved":2,"gatherMoved":1,"rounds":3,"roundCap":200,"converged":true,"fromCols":8,"fromRows":8,"cols":4,"rows":3},"cols":4,"rows":3}},"endp":{"hc":{"cellAfter":[["n10188456673",0,4],["n10132487357",1,4],["n4364527732",1,2],["n146450892",2,5],["n418089193",2,3],["n392940601",2,1],["n51334955",3,1],["n52609066",2,0]],"stats":{"hvBefore":0,"hvAfter":6,"segs":7,"verts":8,"moved":8,"movedPts":8,"movedLines":0,"converged":true,"fromCols":8,"fromRows":8,"cols":4,"rows":6},"cols":4,"rows":6},"stroke":{"cellAfter":[["n10188456673",0,3],["n10132487357",1,3],["n4364527732",2,3],["n146450892",3,3],["n418089193",3,2],["n392940601",3,1],["n51334955",4,1],["n52609066",3,0]],"stats":{"hvBefore":6,"hvAfter":7,"segs":7,"verts":8,"moved":1,"movedPts":1,"movedLines":0,