{"algo":"hccells-v8","fingerprint":"1tu3m16:rg1.15","cityId":"eu-fin-helsinki","variant":"orig","shapelike":false,"hc":{"cellAfter":[["n10188456673",0,6],["n10132487357",1,7],["n4364527732",2,4],["n146450892",3,5],["n418089193",4,3],["n392940601",5,1],["n52609066",6,0],["n51334955",7,2]],"stats":{"verts":8,"segs":7,"hvAfter":0,"ms":0,"base":"grid"}},"posts":{"stroke":{"cellAfter":[["n10188456673",0,7],["n10132487357",3,7],["n4364527732",4,4],["n146450892",5,5],["n418089193",5,3],["n392940601",5,1],["n51334955",7,1],["n52609066",5,0]],"stats":{"hvBefore":0,"hvAfter":5,"hvdBefore":6,"hvdAfter":6,"segs":7,"verts":8,"moved":7,"passes":8,"reverted":false,"proposed":10,"revertedN":0,"batches":3,"strokes":2,"substrokes":3,"rounds":0,"clusterMoves":0,"groupsH":0,"groupsV":0,"comps":0,"fallback":0,"iters":2,"iterCap":20,"converged":true}},"rect":{"cellAfter":[["n10188456673",1,7],["n10132487357",1,6],["n4364527732",1,4],["n146450892",3,4],["n418089193",4,4],["n392940601",6,2],["n51334955",7,2],["n52609066",6,0]],"stats":{"before":608418.2490184077,"after":201778.02887654197,"rounds":3,"moved":6,"clusterMoves":0,"idealHop":1,"verts":8,"segs":7,"hvBefore":0,"hvAfter":6,"groupsH":0,"groupsV":0,"comps":0,"fallback":0,"passes":0,"reverted":false,"iters":2,"iterCap":20,"converged":true}},"milp":{"cellAfter":[["n10188456673",0,6],["n10132487357",0,7],["n4364527732",2,7],["n146450892",2,6],["n418089193",4,2],["n392940601",5,0],["n51334955",7,2],["n52609066",7,0]],"stats":{"hvBefore":0,"hvAfter":4,"hvdBefore":5,"hvdAfter":5,"segs":7,"verts":8,"moved":6,"passes":7,"reverted":true,"proposed":6,"comps":3,"fallback":0,"rounds":0,"clusterMoves":0,"groupsH":0,"groupsV":0,"iters":3,"iterCap":20,"converged":true}},"force":{"cellAfter":[["n10188456673",0,6],["n10132487357",0,7],["n4364527732",2,4],["n146450892",3,5],["n418089193",4,0],["n392940601",5,0],["n51334955",5,2],["n52609066",6,0]],"stats":{"hvBefore":0,"hvAfter":4,"hvdBefore":5,"hvdAfter":5,"segs":7,"verts":8,"moved":4,"passes":10,"reverted":false,"proposed":8,"revertedN":2,"batches":8,"rounds":120,"clusterMoves":0,"groupsH":0,"groupsV":0,"comps":0,"fallback":0,"iters":3,"iterCap":20,"converged":true}},"lsq":{"cellAfter":[["n10188456673",0,6],["n10132487357",1,6],["n4364527732",1,4],["n146450892",3,4],["n418089193",4,3],["n392940601",6,1],["n51334955",7,3],["n52609066",6,0]],"stats":{"hvBefore":0,"hvAfter":4,"hvdBefore":6,"hvdAfter":6,"segs":7,"verts":8,"moved":5,"passes":3,"reverted":false,"proposed":0,"rounds":120,"clusterMoves":0,"groupsH":0,"groupsV":0,"comps":0,"fallback":0,"iters":2,"iterCap":20,"converged":true}},"octi":{"cellAfter":[["n10188456673",0,7],["n10132487357",2,7],["n4364527732",2,4],["n146450892",3,5],["n418089193",3,3],["n392940601",5,1],["n51334955",7,1],["n52609066",6,0]],"stats":{"hvBefore":0,"hvAfter":4,"hvdBefore":7,"hvdAfter":7,"segs":7,"verts":8,"moved":4,"passes":8,"reverted":false,"proposed":0,"revertedN":0,"batches":8,"settled":8,"rounds":0,"clusterMoves":0,"groupsH":0,"groupsV":0,"comps":0,"fallback":0,"iters":2,"iterCap":20,"converged":true}},"path":{"cellAfter":[["n10188456673",1,6],["n10132487357",1,7],["n4364527732",3,4],["n146450892",3,5],["n418089193",4,3],["n392940601",6,2],["n51334955",7,1],["n52609066",6,0]],"stats":{"hvBefore":0,"hvAfter":3,"hvdBefore":4,"hvdAfter":4,"segs":7,"verts":8,"moved":4,"passes":2,"reverted":false,"proposed":0,"revertedN":0,"batches":1,"chains":2,"links":1,"rounds":0,"clusterMoves":0,"groupsH":0,"groupsV":0,"comps":0,"fallback":0,"iters":2,"iterCap":20,"converged":true}},"sat":{"cellAfter":[["n10188456673",0,6],["n10132487357",0,7],["n4364527732",2,7],["n146450892",2,6],["n418089193",4,2],["n392940601",5,0],["n51334955",7,2],["n52609066",7,0]],"stats":{"hvBefore":0,"hvAfter":4,"hvdBefore":5,"hvdAfter":5,"segs":7,"verts":8,"moved":6,"passes":7,"reverted":true,"proposed":6,"comps":3,"fallback":0,"rounds":0,"clusterMoves":0,"groupsH":0,"groupsV":0,"iters":3,"iterCap":20,"converged":true}}},"layouts":{},"loops":{"hc":{"cellAfter":[["n10188456673",0,3],["n10132487357",1,3],["n4364527732",1,2],["n146450892",2,2],["n418089193",3,2],["n392940601",3,1],["n51334955",4,1],["n52609066",3,0]],"stats":{"hvBefore":0,"hvAfter":7,"segs":7,"verts":8,"moved":4,"lineMoved":0,"gatherMoved":0,"rounds":2,"roundCap":200,"converged":true,"fromCols":8,"fromRows":8,"cols":5,"rows":4,"emptyCols":[],"emptyRows":[],"dense":true},"cols":5,"rows":4},"stroke":{"cellAfter":[["n10188456673",0,4],["n10132487357",1,4],["n4364527732",1,3],["n146450892",2,3],["n418089193",2,2],["n392940601",2,1],["n51334955",3,1],["n52609066",2,0]],"stats":{"hvBefore":5,"hvAfter":7,"segs":7,"verts":8,"moved":2,"lineMoved":0,"gatherMoved":0,"rounds":2,"roundCap":200,"converged":true,"fromCols":8,"fromRows":8,"cols":4,"rows":5,"emptyCols":[],"emptyRows":[],"dense":true},"cols":4,"rows":5},"rect":{"cellAfter":[["n10188456673",0,4],["n10132487357",0,3],["n4364527732",0,2],["n146450892",1,2],["n418089193",2,2],["n392940601",2,1],["n51334955",3,1],["n52609066",2,0]],"stats":{"hvBefore":6,"hvAfter":7,"segs":7,"verts":8,"moved":1,"lineMoved":0,"gatherMoved":0,"rounds":2,"roundCap":200,"converged":true,"fromCols":8,"fromRows":8,"cols":4,"rows":5,"emptyCols":[],"emptyRows":[],"dense":true},"cols":4,"rows":5},"milp":{"cellAfter":[["n10188456673",0,1],["n10132487357",0,2],["n4364527732",1,2],["n146450892",2,2],["n418089193",2,1],["n392940601",3,1],["n51334955",4,1],["n52609066",3,0]],"stats":{"hvBefore":4,"hvAfter":7,"segs":7,"verts":8,"moved":3,"lineMoved":0,"gatherMoved":1,"rounds":2,"roundCap":200,"converged":true,"fromCols":8,"fromRows":8,"cols":5,"rows":3,"emptyCols":[],"emptyRows":[],"dense":true},"cols":5,"rows":3},"force":{"cellAfter":[["n10188456673",0,2],["n10132487357",1,2],["n4364527732",1,1],["n146450892",2,1],["n418089193",2,0],["n392940601",3,0],["n51334955",3,1],["n52609066",4,0]],"stats":{"hvBefore":4,"hvAfter":7,"segs":7,"verts":8,"moved":2,"lineMoved":0,"gatherMoved":1,"rounds":2,"roundCap":200,"converged":true,"fromCols":8,"fromRows":8,"cols":5,"rows":3,"emptyCols":[],"emptyRows":[],"dense":true},"cols":5,"rows":3},"lsq":{"cellAfter":[["n10188456673",0,3],["n10132487357",1,3],["n4364527732",1,2],["n146450892",1,1],["n418089193",2,1],["n392940601",3,1],["n51334955",4,1],["n52609066",3,0]],"stats":{"hvBefore":4,"hvAfter":7,"segs":7,"verts":8,"moved":2,"lineMoved":0,"gatherMoved":0,"rounds":2,"roundCap":200,"converged":true,"fromCols":8,"fromRows":8,"cols":5,"rows":4,"emptyCols":[],"emptyRows":[],"dense":true},"cols":5,"rows":4},"octi":{"cellAfter":[["n10188456673",0,3],["n10132487357",1,3],["n4364527732",1,2],["n146450892",2,2],["n418089193",3,2],["n392940601",3,1],["n51334955",4,1],["n52609066",3,0]],"stats":{"hvBefore":4,"hvAfter":7,"segs":7,"verts":8,"moved":3,"lineMoved":0,"gatherMoved":0,"rounds":2,"roundCap":200,"converged":true,"fromCols":8,"fromRows":8,"cols":5,"rows":4,"emptyCols":[],"emptyRows":[],"dense":true},"cols":5,"rows":4},"path":{"cellAfter":[["n10188456673",0,3],["n10132487357",1,3],["n4364527732",1,2],["n146450892",2,2],["n418089193",3,2],["n392940601",3,1],["n51334955",4,1],["n52609066",3,0]],"stats":{"hvBefore":3,"hvAfter":7,"segs":7,"verts":8,"moved":4,"lineMoved":0,"gatherMoved":0,"rounds":2,"roundCap":200,"converged":true,"fromCols":8,"fromRows":8,"cols":5,"rows":4,"emptyCols":[],"emptyRows":[],"dense":true},"cols":5,"rows":4},"sat":{"cellAfter":[["n10188456673",0,1],["n10132487357",0,2],["n4364527732",1,2],["n146450892",2,2],["n418089193",2,1],["n392940601",3,1],["n51334955",4,1],["n52609066",3,0]],"stats":{"hvBefore":4,"hvAfter":7,"segs":7,"verts":8,"moved":3,"lineMoved":0,"gatherMoved":1,"rounds":2,"roundCap":200,"converged":true,"fromCols":8,"fromRows":8,"cols":5,"rows":3,"emptyCols":[],"emptyRows":[],"dense":true},"cols":5,"rows":3}},"endp":{"hc":{"cellAfter":[["n10188456673",0,3],["n10132487357",1,3],["n4364527732",1,2],["n146450892",2,2],["n418089193",3,2],["n392940601",3,1],["n51334955",4,1],["n52609066",3,0]],"stats":{"hvBefore":0,"hvAfter":7,"segs":7,"verts":8,