{"algo":"hccells-v4","fingerprint":"1kkkm9f:rg1.15","cityId":"eu-ger-essen","variant":"rot","shapelike":false,"hc":{"cellAfter":[["n498850135",0,6],["n251740762",1,7],["n34496323",2,5],["n1490261879",3,9],["n34495419",4,8],["n286317750",5,4],["n288744179",6,2],["n2659519296",7,3],["n287081988",8,1],["n288745183",9,0]],"stats":{"verts":10,"segs":9,"hvAfter":0,"ms":0,"base":"grid"}},"posts":{"stroke":{"cellAfter":[["n288744179",6,3],["n2659519296",6,4],["n286317750",5,4],["n287081988",8,1],["n288745183",9,0],["n34496323",4,4],["n251740762",4,3],["n498850135",3,2],["n34495419",6,5],["n1490261879",7,6]],"stats":{"hvBefore":0,"hvAfter":4,"hvdBefore":9,"hvdAfter":9,"segs":9,"verts":10,"moved":7,"passes":27,"reverted":false,"proposed":8,"revertedN":0,"batches":4,"strokes":3,"substrokes":4,"rounds":0,"clusterMoves":0,"groupsH":0,"groupsV":0,"comps":0,"fallback":0,"iters":7,"iterCap":20,"converged":true}},"rect":{"cellAfter":[["n288744179",4,4],["n2659519296",4,5],["n286317750",4,6],["n287081988",4,3],["n288745183",4,2],["n34496323",2,6],["n251740762",1,6],["n498850135",0,6],["n34495419",4,7],["n1490261879",4,8]],"stats":{"before":714622.0313752277,"after":63488.2615970241,"rounds":5,"moved":9,"clusterMoves":2,"idealHop":1,"verts":10,"segs":9,"hvBefore":0,"hvAfter":9,"groupsH":0,"groupsV":0,"comps":0,"fallback":0,"passes":0,"reverted":false,"iters":2,"iterCap":20,"converged":true}},"milp":{"cellAfter":[["n288744179",7,3],["n2659519296",7,5],["n286317750",7,6],["n287081988",9,1],["n288745183",9,0],["n34496323",2,6],["n251740762",0,7],["n498850135",0,6],["n34495419",5,8],["n1490261879",3,9]],"stats":{"hvBefore":0,"hvAfter":5,"hvdBefore":7,"hvdAfter":7,"segs":9,"verts":10,"moved":7,"passes":7,"reverted":true,"proposed":6,"comps":2,"fallback":0,"rounds":0,"clusterMoves":0,"groupsH":0,"groupsV":0,"iters":2,"iterCap":20,"converged":true}},"force":{"cellAfter":[["n288744179",6,2],["n2659519296",7,3],["n286317750",8,4],["n287081988",6,0],["n288745183",9,0],["n34496323",2,5],["n251740762",0,7],["n498850135",0,6],["n34495419",4,8],["n1490261879",3,9]],"stats":{"hvBefore":0,"hvAfter":3,"hvdBefore":8,"hvdAfter":8,"segs":9,"verts":10,"moved":3,"passes":8,"reverted":false,"proposed":10,"revertedN":4,"batches":10,"rounds":160,"clusterMoves":0,"groupsH":0,"groupsV":0,"comps":0,"fallback":0,"iters":4,"iterCap":20,"converged":true}},"lsq":{"cellAfter":[["n288744179",6,2],["n2659519296",7,3],["n286317750",5,5],["n287081988",8,0],["n288745183",9,0],["n34496323",1,5],["n251740762",0,6],["n498850135",0,5],["n34495419",5,9],["n1490261879",4,9]],"stats":{"hvBefore":0,"hvAfter":5,"hvdBefore":9,"hvdAfter":9,"segs":9,"verts":10,"moved":7,"passes":4,"reverted":false,"proposed":0,"rounds":120,"clusterMoves":0,"groupsH":0,"groupsV":0,"comps":0,"fallback":0,"iters":2,"iterCap":20,"converged":true}},"octi":{"cellAfter":[["n288744179",6,2],["n2659519296",7,3],["n286317750",5,3],["n287081988",8,1],["n288745183",9,0],["n34496323",2,3],["n251740762",1,7],["n498850135",0,6],["n34495419",4,8],["n1490261879",3,9]],"stats":{"hvBefore":0,"hvAfter":2,"hvdBefore":6,"hvdAfter":6,"segs":9,"verts":10,"moved":2,"passes":4,"reverted":false,"proposed":6,"revertedN":6,"batches":10,"settled":10,"rounds":0,"clusterMoves":0,"groupsH":0,"groupsV":0,"comps":0,"fallback":0,"iters":2,"iterCap":20,"converged":true}},"path":{"cellAfter":[["n288744179",8,2],["n2659519296",7,3],["n286317750",6,5],["n287081988",8,1],["n288745183",9,1],["n34496323",2,5],["n251740762",1,7],["n498850135",0,6],["n34495419",3,7],["n1490261879",2,8]],"stats":{"hvBefore":0,"hvAfter":3,"hvdBefore":6,"hvdAfter":6,"segs":9,"verts":10,"moved":5,"passes":4,"reverted":false,"proposed":1,"revertedN":0,"batches":1,"chains":2,"links":1,"rounds":0,"clusterMoves":0,"groupsH":0,"groupsV":0,"comps":0,"fallback":0,"iters":3,"iterCap":20,"converged":true}},"sat":{"cellAfter":[["n288744179",7,3],["n2659519296",7,5],["n286317750",7,6],["n287081988",9,1],["n288745183",9,0],["n34496323",2,6],["n251740762",0,7],["n498850135",0,6],["n34495419",5,8],["n1490261879",3,9]],"stats":{"hvBefore":0,"hvAfter":5,"hvdBefore":7,"hvdAfter":7,"segs":9,"verts":10,"moved":7,"passes":7,"reverted":true,"proposed":6,"comps":2,"fallback":0,"rounds":0,"clusterMoves":0,"groupsH":0,"groupsV":0,"iters":2,"iterCap":20,"converged":true}}},"layouts":{},"loops":{"hc":{"cellAfter":[["n288744179",3,2],["n2659519296",3,3],["n286317750",2,3],["n287081988",3,1],["n288745183",3,0],["n34496323",1,3],["n251740762",0,3],["n498850135",0,2],["n34495419",2,4],["n1490261879",1,4]],"stats":{"hvBefore":0,"hvAfter":9,"segs":9,"verts":10,"moved":7,"lineMoved":4,"gatherMoved":1,"rounds":2,"roundCap":200,"converged":true,"fromCols":10,"fromRows":10,"cols":4,"rows":5},"cols":4,"rows":5},"stroke":{"cellAfter":[["n288744179",3,2],["n2659519296",3,3],["n286317750",2,3],["n287081988",3,1],["n288745183",3,0],["n34496323",1,3],["n251740762",1,1],["n498850135",0,1],["n34495419",2,4],["n1490261879",2,5]],"stats":{"hvBefore":4,"hvAfter":9,"segs":9,"verts":10,"moved":4,"lineMoved":2,"gatherMoved":0,"rounds":2,"roundCap":200,"converged":true,"fromCols":10,"fromRows":10,"cols":4,"rows":6},"cols":4,"rows":6},"rect":{"cellAfter":[["n288744179",3,2],["n2659519296",3,3],["n286317750",3,4],["n287081988",3,1],["n288745183",3,0],["n34496323",2,4],["n251740762",1,4],["n498850135",0,4],["n34495419",3,5],["n1490261879",3,6]],"stats":{"hvBefore":9,"hvAfter":9,"segs":9,"verts":10,"moved":0,"lineMoved":0,"gatherMoved":0,"rounds":1,"roundCap":200,"converged":true,"fromCols":10,"fromRows":10,"cols":4,"rows":7},"cols":4,"rows":7},"milp":{"cellAfter":[["n288744179",2,1],["n2659519296",2,2],["n286317750",2,3],["n287081988",3,1],["n288745183",3,0],["n34496323",1,3],["n251740762",0,3],["n498850135",0,2],["n34495419",2,4],["n1490261879",1,4]],"stats":{"hvBefore":5,"hvAfter":9,"segs":9,"verts":10,"moved":3,"lineMoved":2,"gatherMoved":1,"rounds":2,"roundCap":200,"converged":true,"fromCols":10,"fromRows":10,"cols":4,"rows":5},"cols":4,"rows":5},"force":{"cellAfter":[["n288744179",3,1],["n2659519296",3,2],["n286317750",3,3],["n287081988",3,0],["n288745183",4,0],["n34496323",1,3],["n251740762",1,4],["n498850135",0,4],["n34495419",3,4],["n1490261879",2,4]],"stats":{"hvBefore":3,"hvAfter":9,"segs":9,"verts":10,"moved":7,"lineMoved":1,"gatherMoved":0,"rounds":2,"roundCap":200,"converged":true,"fromCols":10,"fromRows":10,"cols":5,"rows":5},"cols":5,"rows":5},"lsq":{"cellAfter":[["n288744179",3,1],["n2659519296",3,2],["n286317750",2,2],["n287081988",3,0],["n288745183",4,0],["n34496323",1,2],["n251740762",0,2],["n498850135",0,1],["n34495419",2,3],["n1490261879",1,3]],"stats":{"hvBefore":5,"hvAfter":9,"segs":9,"verts":10,"moved":3,"lineMoved":2,"gatherMoved":1,"rounds":2,"roundCap":200,"converged":true,"fromCols":10,"fromRows":10,"cols":5,"rows":4},"cols":5,"rows":4},"octi":{"cellAfter":[["n288744179",3,2],["n2659519296",3,3],["n286317750",2,3],["n287081988",3,1],["n288745183",3,0],["n34496323",1,3],["n251740762",0,3],["n498850135",0,2],["n34495419",2,4],["n1490261879",1,4]],"stats":{"hvBefore":2,"hvAfter":9,"segs":9,"verts":10,"moved":6,"lineMoved":3,"gatherMoved":1,"rounds":2,"roundCap":200,"converged":true,"fromCols":10,"fromRows":10,"cols":4,"rows":5},"cols":4,"rows":5},"path":{"cellAfter":[["n288744179",4,1],["n2659519296",3,1],["n286317750",2,1],["n287081988",4,0],["n288745183",5,0],["n34496323",1,1],["n251740762",0,1],["n498850135",0,0],["n34495419",2,2],["n1490261879",1,2]],"stats":{"hvBefore":3,"hvAfter":9,"segs":9,"verts":10,"moved":5,"lineMoved":2,"gatherMoved":0,"rounds":2,"roundCap":200,"converged":true,"fromCols":10,"fromRows":10,"cols":6,"rows":3},"cols":6,"rows":3},"sat":{"cellAfter":[["n288744179",2,1],["n2659519296",2,2],["n286317750",2,3],["n287081988",3,1],["n288745183",3,0],["n34496323",1,3],["n251740762",0,3],["n498850135",0,2],["n34495419",2,4],["n1490261879",1,4]],"stats":{"hvBefore":5,"hvAfter":9,"segs":9,"verts":10,"moved":3,"lineMoved":2,"gatherMoved":1,"rounds":2,"roundCap":200,"converged":true,"fromCols":10,"fromRows":10,