{"algo":"hccells-v8","fingerprint":"1hcua4r:rg1.15","cityId":"eu-ger-essen","variant":"orig","shapelike":false,"hc":{"cellAfter":[["n498850135",0,7],["n251740762",1,6],["n34496323",2,5],["n1490261879",3,8],["n288744179",4,2],["n286317750",5,4],["n288745183",6,0],["n287081988",7,1],["n2659519296",8,3]],"stats":{"verts":9,"segs":8,"hvAfter":0,"ms":0,"base":"grid"}},"posts":{"stroke":{"cellAfter":[["n288744179",5,2],["n2659519296",7,4],["n286317750",5,4],["n287081988",5,1],["n288745183",5,0],["n34496323",2,4],["n251740762",1,4],["n498850135",0,4],["n1490261879",5,8]],"stats":{"hvBefore":0,"hvAfter":7,"hvdBefore":8,"hvdAfter":8,"segs":8,"verts":9,"moved":8,"passes":14,"reverted":false,"proposed":8,"revertedN":0,"batches":4,"strokes":3,"substrokes":4,"rounds":0,"clusterMoves":0,"groupsH":0,"groupsV":0,"comps":0,"fallback":0,"iters":3,"iterCap":20,"converged":true}},"rect":{"cellAfter":[["n288744179",5,4],["n2659519296",5,5],["n286317750",5,6],["n287081988",5,3],["n288745183",5,2],["n34496323",3,6],["n251740762",1,6],["n498850135",0,6],["n1490261879",8,8]],"stats":{"before":708250.8891473078,"after":57834.54544953724,"rounds":6,"moved":8,"clusterMoves":2,"idealHop":1,"verts":9,"segs":8,"hvBefore":0,"hvAfter":7,"groupsH":0,"groupsV":0,"comps":0,"fallback":0,"passes":0,"reverted":false,"iters":2,"iterCap":20,"converged":true}},"milp":{"cellAfter":[["n288744179",5,3],["n2659519296",7,3],["n286317750",7,5],["n287081988",8,0],["n288745183",6,0],["n34496323",1,5],["n251740762",0,7],["n498850135",0,8],["n1490261879",3,8]],"stats":{"hvBefore":0,"hvAfter":5,"hvdBefore":6,"hvdAfter":6,"segs":8,"verts":9,"moved":7,"passes":6,"reverted":true,"proposed":7,"comps":2,"fallback":0,"rounds":0,"clusterMoves":0,"groupsH":0,"groupsV":0,"iters":2,"iterCap":20,"converged":true}},"force":{"cellAfter":[["n288744179",6,2],["n2659519296",6,3],["n286317750",5,4],["n287081988",8,2],["n288745183",8,0],["n34496323",0,5],["n251740762",0,6],["n498850135",0,7],["n1490261879",5,8]],"stats":{"hvBefore":0,"hvAfter":6,"hvdBefore":7,"hvdAfter":7,"segs":8,"verts":9,"moved":7,"passes":16,"reverted":false,"proposed":9,"revertedN":1,"batches":9,"rounds":160,"clusterMoves":0,"groupsH":0,"groupsV":0,"comps":0,"fallback":0,"iters":4,"iterCap":20,"converged":true}},"lsq":{"cellAfter":[["n288744179",4,2],["n2659519296",8,3],["n286317750",5,3],["n287081988",7,1],["n288745183",6,0],["n34496323",1,3],["n251740762",0,4],["n498850135",0,6],["n1490261879",2,6]],"stats":{"hvBefore":0,"hvAfter":3,"hvdBefore":6,"hvdAfter":6,"segs":8,"verts":9,"moved":5,"passes":5,"reverted":true,"proposed":7,"rounds":120,"clusterMoves":0,"groupsH":0,"groupsV":0,"comps":0,"fallback":0,"iters":2,"iterCap":20,"converged":true}},"octi":{"cellAfter":[["n288744179",4,1],["n2659519296",8,3],["n286317750",5,3],["n287081988",7,1],["n288745183",6,0],["n34496323",2,3],["n251740762",2,6],["n498850135",0,6],["n1490261879",3,8]],"stats":{"hvBefore":0,"hvAfter":5,"hvdBefore":6,"hvdAfter":6,"segs":8,"verts":9,"moved":5,"passes":10,"reverted":false,"proposed":0,"revertedN":0,"batches":9,"settled":9,"rounds":0,"clusterMoves":0,"groupsH":0,"groupsV":0,"comps":0,"fallback":0,"iters":2,"iterCap":20,"converged":true}},"path":{"cellAfter":[["n288744179",6,2],["n2659519296",6,3],["n286317750",6,4],["n287081988",6,1],["n288745183",6,0],["n34496323",1,4],["n251740762",2,6],["n498850135",2,7],["n1490261879",3,5]],"stats":{"hvBefore":0,"hvAfter":6,"hvdBefore":6,"hvdAfter":6,"segs":8,"verts":9,"moved":8,"passes":8,"reverted":false,"proposed":1,"revertedN":0,"batches":2,"chains":2,"links":5,"rounds":0,"clusterMoves":0,"groupsH":0,"groupsV":0,"comps":0,"fallback":0,"iters":3,"iterCap":20,"converged":true}},"sat":{"cellAfter":[["n288744179",5,3],["n2659519296",7,3],["n286317750",7,5],["n287081988",8,0],["n288745183",6,0],["n34496323",1,5],["n251740762",0,7],["n498850135",0,8],["n1490261879",3,8]],"stats":{"hvBefore":0,"hvAfter":5,"hvdBefore":6,"hvdAfter":6,"segs":8,"verts":9,"moved":7,"passes":6,"reverted":true,"proposed":7,"comps":2,"fallback":0,"rounds":0,"clusterMoves":0,"groupsH":0,"groupsV":0,"iters":2,"iterCap":20,"converged":true}}},"layouts":{},"loops":{"hc":{"cellAfter":[["n288744179",1,1],["n2659519296",1,2],["n286317750",1,3],["n287081988",2,1],["n288745183",2,0],["n34496323",0,3],["n251740762",0,4],["n498850135",0,5],["n1490261879",1,4]],"stats":{"hvBefore":0,"hvAfter":8,"segs":8,"verts":9,"moved":10,"lineMoved":0,"gatherMoved":0,"rounds":2,"roundCap":200,"converged":true,"fromCols":9,"fromRows":9,"cols":3,"rows":6,"emptyCols":[],"emptyRows":[],"dense":true},"cols":3,"rows":6},"stroke":{"cellAfter":[["n288744179",4,1],["n2659519296",4,2],["n286317750",3,2],["n287081988",3,1],["n288745183",3,0],["n34496323",2,2],["n251740762",1,2],["n498850135",0,2],["n1490261879",3,3]],"stats":{"hvBefore":7,"hvAfter":8,"segs":8,"verts":9,"moved":1,"lineMoved":0,"gatherMoved":0,"rounds":2,"roundCap":200,"converged":true,"fromCols":9,"fromRows":9,"cols":5,"rows":4,"emptyCols":[],"emptyRows":[],"dense":true},"cols":5,"rows":4},"rect":{"cellAfter":[["n288744179",3,2],["n2659519296",3,3],["n286317750",3,4],["n287081988",3,1],["n288745183",3,0],["n34496323",2,4],["n251740762",1,4],["n498850135",0,4],["n1490261879",3,5]],"stats":{"hvBefore":7,"hvAfter":8,"segs":8,"verts":9,"moved":1,"lineMoved":0,"gatherMoved":0,"rounds":2,"roundCap":200,"converged":true,"fromCols":9,"fromRows":9,"cols":4,"rows":6,"emptyCols":[],"emptyRows":[],"dense":true},"cols":4,"rows":6},"milp":{"cellAfter":[["n288744179",2,1],["n2659519296",3,1],["n286317750",3,2],["n287081988",2,0],["n288745183",1,0],["n34496323",1,2],["n251740762",0,2],["n498850135",0,3],["n1490261879",3,3]],"stats":{"hvBefore":5,"hvAfter":8,"segs":8,"verts":9,"moved":7,"lineMoved":1,"gatherMoved":0,"rounds":2,"roundCap":200,"converged":true,"fromCols":9,"fromRows":9,"cols":4,"rows":4,"emptyCols":[],"emptyRows":[],"dense":true},"cols":4,"rows":4},"force":{"cellAfter":[["n288744179",2,1],["n2659519296",1,1],["n286317750",1,2],["n287081988",3,1],["n288745183",3,0],["n34496323",0,2],["n251740762",0,3],["n498850135",0,4],["n1490261879",1,3]],"stats":{"hvBefore":6,"hvAfter":8,"segs":8,"verts":9,"moved":5,"lineMoved":0,"gatherMoved":1,"rounds":2,"roundCap":200,"converged":true,"fromCols":9,"fromRows":9,"cols":4,"rows":5,"emptyCols":[],"emptyRows":[],"dense":true},"cols":4,"rows":5},"lsq":{"cellAfter":[["n288744179",2,1],["n2659519296",2,2],["n286317750",2,3],["n287081988",3,1],["n288745183",3,0],["n34496323",1,3],["n251740762",0,3],["n498850135",0,4],["n1490261879",2,4]],"stats":{"hvBefore":3,"hvAfter":8,"segs":8,"verts":9,"moved":9,"lineMoved":0,"gatherMoved":0,"rounds":2,"roundCap":200,"converged":true,"fromCols":9,"fromRows":9,"cols":4,"rows":5,"emptyCols":[],"emptyRows":[],"dense":true},"cols":4,"rows":5},"octi":{"cellAfter":[["n288744179",2,1],["n2659519296",3,2],["n286317750",2,2],["n287081988",3,1],["n288745183",3,0],["n34496323",1,2],["n251740762",1,3],["n498850135",0,3],["n1490261879",2,3]],"stats":{"hvBefore":5,"hvAfter":7,"segs":8,"verts":9,"moved":6,"lineMoved":0,"gatherMoved":0,"rounds":2,"roundCap":200,"converged":true,"fromCols":9,"fromRows":9,"cols":4,"rows":4,"emptyCols":[],"emptyRows":[],"dense":true},"cols":4,"rows":4},"path":{"cellAfter":[["n288744179",2,2],["n2659519296",2,3],["n286317750",2,4],["n287081988",2,1],["n288745183",2,0],["n34496323",0,4],["n251740762",0,5],["n498850135",1,5],["n1490261879",2,5]],"stats":{"hvBefore":6,"hvAfter":8,"segs":8,"verts":9,"moved":2,"lineMoved":1,"gatherMoved":0,"rounds":2,"roundCap":200,"converged":true,"fromCols":9,"fromRows":9,"cols":3,"rows":6,"emptyCols":[],"emptyRows":[],"dense":true},"cols":3,"rows":6},"sat":{"cellAfter":[["n288744179",2,1],["n2659519296",3,1],["n286317750",3,2],["n287081988",2,0],["n288745183",1,0],["n34496323",1,2],["n251740762",0,2],["n498850135",0,3],["n1490261879",3,3]],"stats":{"hvBefore":5,"hvAfter":8,"segs":8,"verts":9,"moved":7,"lineMoved":1,"gatherMoved":0,"rounds":2,"roundCap":200,"converged":true,"fromCols":9,"fromRows":9,"cols":4,"rows":4,