{"algo":"hccells-v8","fingerprint":"1hcua4r:rg1.15","cityId":"eu-ger-essen","variant":"rot","shapelike":false,"hc":{"cellAfter":[["n498850135",0,6],["n251740762",1,7],["n34496323",2,5],["n1490261879",3,8],["n286317750",4,4],["n288744179",5,2],["n2659519296",6,3],["n287081988",7,1],["n288745183",8,0]],"stats":{"verts":9,"segs":8,"hvAfter":0,"ms":0,"base":"grid"}},"posts":{"stroke":{"cellAfter":[["n288744179",5,3],["n2659519296",6,4],["n286317750",4,4],["n287081988",7,3],["n288745183",7,4],["n34496323",2,4],["n251740762",1,4],["n498850135",0,4],["n1490261879",4,8]],"stats":{"hvBefore":0,"hvAfter":7,"hvdBefore":8,"hvdAfter":8,"segs":8,"verts":9,"moved":8,"passes":15,"reverted":false,"proposed":8,"revertedN":0,"batches":4,"strokes":3,"substrokes":4,"rounds":0,"clusterMoves":0,"groupsH":0,"groupsV":0,"comps":0,"fallback":0,"iters":4,"iterCap":20,"converged":true}},"rect":{"cellAfter":[["n288744179",4,4],["n2659519296",4,5],["n286317750",4,6],["n287081988",4,3],["n288745183",4,2],["n34496323",2,6],["n251740762",1,6],["n498850135",0,6],["n1490261879",7,8]],"stats":{"before":659624.8376258578,"after":57851.2121162039,"rounds":5,"moved":8,"clusterMoves":2,"idealHop":1,"verts":9,"segs":8,"hvBefore":0,"hvAfter":7,"groupsH":0,"groupsV":0,"comps":0,"fallback":0,"passes":0,"reverted":false,"iters":2,"iterCap":20,"converged":true}},"milp":{"cellAfter":[["n288744179",5,1],["n2659519296",5,3],["n286317750",5,5],["n287081988",8,1],["n288745183",8,0],["n34496323",2,8],["n251740762",0,8],["n498850135",0,6],["n1490261879",5,8]],"stats":{"hvBefore":0,"hvAfter":7,"hvdBefore":8,"hvdAfter":8,"segs":8,"verts":9,"moved":7,"passes":7,"reverted":true,"proposed":6,"comps":3,"fallback":0,"rounds":0,"clusterMoves":0,"groupsH":0,"groupsV":0,"iters":3,"iterCap":20,"converged":true}},"force":{"cellAfter":[["n288744179",5,2],["n2659519296",6,3],["n286317750",6,4],["n287081988",5,1],["n288745183",6,0],["n34496323",2,5],["n251740762",2,8],["n498850135",0,8],["n1490261879",3,8]],"stats":{"hvBefore":0,"hvAfter":4,"hvdBefore":6,"hvdAfter":6,"segs":8,"verts":9,"moved":5,"passes":12,"reverted":false,"proposed":9,"revertedN":1,"batches":9,"rounds":120,"clusterMoves":0,"groupsH":0,"groupsV":0,"comps":0,"fallback":0,"iters":3,"iterCap":20,"converged":true}},"lsq":{"cellAfter":[["n288744179",5,2],["n2659519296",6,2],["n286317750",4,4],["n287081988",7,0],["n288745183",8,0],["n34496323",2,6],["n251740762",0,8],["n498850135",0,6],["n1490261879",4,8]],"stats":{"hvBefore":0,"hvAfter":4,"hvdBefore":8,"hvdAfter":8,"segs":8,"verts":9,"moved":5,"passes":5,"reverted":false,"proposed":0,"rounds":180,"clusterMoves":0,"groupsH":0,"groupsV":0,"comps":0,"fallback":0,"iters":3,"iterCap":20,"converged":true}},"octi":{"cellAfter":[["n288744179",5,2],["n2659519296",6,3],["n286317750",4,3],["n287081988",7,1],["n288745183",7,0],["n34496323",2,5],["n251740762",1,6],["n498850135",0,6],["n1490261879",4,8]],"stats":{"hvBefore":0,"hvAfter":4,"hvdBefore":7,"hvdAfter":7,"segs":8,"verts":9,"moved":4,"passes":8,"reverted":false,"proposed":1,"revertedN":0,"batches":9,"settled":9,"rounds":0,"clusterMoves":0,"groupsH":0,"groupsV":0,"comps":0,"fallback":0,"iters":2,"iterCap":20,"converged":true}},"path":{"cellAfter":[["n288744179",6,2],["n2659519296",6,3],["n286317750",5,5],["n287081988",8,2],["n288745183",8,1],["n34496323",2,5],["n251740762",1,7],["n498850135",0,6],["n1490261879",2,7]],"stats":{"hvBefore":0,"hvAfter":4,"hvdBefore":5,"hvdAfter":5,"segs":8,"verts":9,"moved":5,"passes":2,"reverted":false,"proposed":2,"revertedN":0,"batches":1,"chains":2,"links":1,"rounds":0,"clusterMoves":0,"groupsH":0,"groupsV":0,"comps":0,"fallback":0,"iters":2,"iterCap":20,"converged":true}},"sat":{"cellAfter":[["n288744179",5,1],["n2659519296",5,3],["n286317750",5,5],["n287081988",8,1],["n288745183",8,0],["n34496323",2,8],["n251740762",0,8],["n498850135",0,6],["n1490261879",5,8]],"stats":{"hvBefore":0,"hvAfter":7,"hvdBefore":8,"hvdAfter":8,"segs":8,"verts":9,"moved":7,"passes":7,"reverted":true,"proposed":6,"comps":3,"fallback":0,"rounds":0,"clusterMoves":0,"groupsH":0,"groupsV":0,"iters":3,"iterCap":20,"converged":true}}},"layouts":{},"loops":{"hc":{"cellAfter":[["n288744179",3,1],["n2659519296",3,2],["n286317750",2,2],["n287081988",3,0],["n288745183",4,0],["n34496323",1,2],["n251740762",1,3],["n498850135",0,3],["n1490261879",2,3]],"stats":{"hvBefore":0,"hvAfter":8,"segs":8,"verts":9,"moved":7,"lineMoved":1,"gatherMoved":0,"rounds":2,"roundCap":200,"converged":true,"fromCols":9,"fromRows":9,"cols":5,"rows":4,"emptyCols":[],"emptyRows":[],"dense":true},"cols":5,"rows":4},"stroke":{"cellAfter":[["n288744179",4,0],["n2659519296",4,1],["n286317750",3,1],["n287081988",5,0],["n288745183",5,1],["n34496323",2,1],["n251740762",1,1],["n498850135",0,1],["n1490261879",3,2]],"stats":{"hvBefore":7,"hvAfter":8,"segs":8,"verts":9,"moved":1,"lineMoved":0,"gatherMoved":0,"rounds":2,"roundCap":200,"converged":true,"fromCols":9,"fromRows":9,"cols":6,"rows":3,"emptyCols":[],"emptyRows":[],"dense":true},"cols":6,"rows":3},"rect":{"cellAfter":[["n288744179",3,2],["n2659519296",3,3],["n286317750",3,4],["n287081988",3,1],["n288745183",3,0],["n34496323",2,4],["n251740762",1,4],["n498850135",0,4],["n1490261879",3,5]],"stats":{"hvBefore":7,"hvAfter":8,"segs":8,"verts":9,"moved":1,"lineMoved":0,"gatherMoved":0,"rounds":2,"roundCap":200,"converged":true,"fromCols":9,"fromRows":9,"cols":4,"rows":6,"emptyCols":[],"emptyRows":[],"dense":true},"cols":4,"rows":6},"milp":{"cellAfter":[["n288744179",2,1],["n2659519296",2,2],["n286317750",2,3],["n287081988",3,1],["n288745183",3,0],["n34496323",1,5],["n251740762",0,5],["n498850135",0,4],["n1490261879",2,4]],"stats":{"hvBefore":7,"hvAfter":7,"segs":8,"verts":9,"moved":1,"lineMoved":0,"gatherMoved":0,"rounds":2,"roundCap":200,"converged":true,"fromCols":9,"fromRows":9,"cols":4,"rows":6,"emptyCols":[],"emptyRows":[],"dense":true},"cols":4,"rows":6},"force":{"cellAfter":[["n288744179",2,1],["n2659519296",2,2],["n286317750",2,3],["n287081988",2,0],["n288745183",3,0],["n34496323",1,3],["n251740762",1,4],["n498850135",0,4],["n1490261879",3,3]],"stats":{"hvBefore":4,"hvAfter":8,"segs":8,"verts":9,"moved":5,"lineMoved":0,"gatherMoved":0,"rounds":2,"roundCap":200,"converged":true,"fromCols":9,"fromRows":9,"cols":4,"rows":5,"emptyCols":[],"emptyRows":[],"dense":true},"cols":4,"rows":5},"lsq":{"cellAfter":[["n288744179",3,1],["n2659519296",3,2],["n286317750",2,2],["n287081988",3,0],["n288745183",4,0],["n34496323",1,2],["n251740762",1,3],["n498850135",0,3],["n1490261879",2,3]],"stats":{"hvBefore":4,"hvAfter":8,"segs":8,"verts":9,"moved":5,"lineMoved":0,"gatherMoved":0,"rounds":2,"roundCap":200,"converged":true,"fromCols":9,"fromRows":9,"cols":5,"rows":4,"emptyCols":[],"emptyRows":[],"dense":true},"cols":5,"rows":4},"octi":{"cellAfter":[["n288744179",2,1],["n2659519296",2,2],["n286317750",1,2],["n287081988",2,0],["n288745183",3,0],["n34496323",0,2],["n251740762",0,3],["n498850135",0,4],["n1490261879",1,3]],"stats":{"hvBefore":4,"hvAfter":8,"segs":8,"verts":9,"moved":6,"lineMoved":0,"gatherMoved":0,"rounds":2,"roundCap":200,"converged":true,"fromCols":9,"fromRows":9,"cols":4,"rows":5,"emptyCols":[],"emptyRows":[],"dense":true},"cols":4,"rows":5},"path":{"cellAfter":[["n288744179",3,1],["n2659519296",2,1],["n286317750",2,2],["n287081988",4,1],["n288745183",4,0],["n34496323",1,2],["n251740762",1,3],["n498850135",0,3],["n1490261879",2,3]],"stats":{"hvBefore":4,"hvAfter":8,"segs":8,"verts":9,"moved":3,"lineMoved":0,"gatherMoved":0,"rounds":2,"roundCap":200,"converged":true,"fromCols":9,"fromRows":9,"cols":5,"rows":4,"emptyCols":[],"emptyRows":[],"dense":true},"cols":5,"rows":4},"sat":{"cellAfter":[["n288744179",2,1],["n2659519296",2,2],["n286317750",2,3],["n287081988",3,1],["n288745183",3,0],["n34496323",1,5],["n251740762",0,5],["n498850135",0,4],["n1490261879",2,4]],"stats":{"hvBefore":7,"hvAfter":7,"segs":8,"verts":9,"moved":1,"lineMoved":0,"gatherMoved":0,"rounds":2,"roundCap":200,"converged":true,"fromCols":9,"fromRows":9,"cols":4,"rows":6,