{"algo":"hccells-v4","fingerprint":"rboa7a:rg1.15","cityId":"eu-pol-warsaw","variant":"orig","shapelike":false,"hc":{"cellAfter":[["n7362922676",0,5],["n307389116",1,1],["n5907821374",2,6],["n291414851",3,3],["n35121251",4,7],["n35121257",5,8],["n35121261",6,9],["n8565947335",7,0],["n3171195903",8,4],["n2547404990",9,2],["n35121265",10,10]],"stats":{"verts":11,"segs":10,"hvAfter":0,"ms":0,"base":"grid"}},"posts":{"stroke":{"cellAfter":[["n8565947335",9,2],["n2547404990",8,3],["n3171195903",7,4],["n35121251",4,7],["n5907821374",4,8],["n7362922676",3,8],["n291414851",4,6],["n307389116",3,6],["n35121257",5,7],["n35121261",6,7],["n35121265",10,7]],"stats":{"hvBefore":0,"hvAfter":7,"hvdBefore":10,"hvdAfter":10,"segs":10,"verts":11,"moved":10,"passes":34,"reverted":false,"proposed":11,"revertedN":0,"batches":3,"strokes":3,"substrokes":3,"rounds":0,"clusterMoves":0,"groupsH":0,"groupsV":0,"comps":0,"fallback":0,"iters":8,"iterCap":20,"converged":true}},"rect":{"cellAfter":[["n8565947335",3,3],["n2547404990",3,4],["n3171195903",3,5],["n35121251",3,6],["n5907821374",2,6],["n7362922676",1,6],["n291414851",2,3],["n307389116",1,0],["n35121257",3,8],["n35121261",3,9],["n35121265",3,10]],"stats":{"before":474392.9803707353,"after":128300.9163133851,"rounds":4,"moved":10,"clusterMoves":1,"idealHop":1,"verts":11,"segs":10,"hvBefore":0,"hvAfter":8,"groupsH":0,"groupsV":0,"comps":0,"fallback":0,"passes":0,"reverted":false,"iters":2,"iterCap":20,"converged":true}},"milp":{"cellAfter":[["n8565947335",9,0],["n2547404990",10,0],["n3171195903",7,3],["n35121251",4,6],["n5907821374",0,6],["n7362922676",0,5],["n291414851",1,3],["n307389116",0,0],["n35121257",7,9],["n35121261",8,10],["n35121265",10,10]],"stats":{"hvBefore":0,"hvAfter":4,"hvdBefore":9,"hvdAfter":9,"segs":10,"verts":11,"moved":9,"passes":5,"reverted":true,"proposed":5,"comps":2,"fallback":0,"rounds":0,"clusterMoves":0,"groupsH":0,"groupsV":0,"iters":2,"iterCap":20,"converged":true}},"force":{"cellAfter":[["n8565947335",7,0],["n2547404990",9,2],["n3171195903",8,2],["n35121251",4,7],["n5907821374",2,6],["n7362922676",2,3],["n291414851",3,3],["n307389116",1,1],["n35121257",5,8],["n35121261",6,9],["n35121265",10,10]],"stats":{"hvBefore":0,"hvAfter":2,"hvdBefore":6,"hvdAfter":6,"segs":10,"verts":11,"moved":2,"passes":4,"reverted":false,"proposed":11,"revertedN":5,"batches":11,"rounds":80,"clusterMoves":0,"groupsH":0,"groupsV":0,"comps":0,"fallback":0,"iters":2,"iterCap":20,"converged":true}},"lsq":{"cellAfter":[["n8565947335",7,0],["n2547404990",9,2],["n3171195903",7,4],["n35121251",4,7],["n5907821374",2,5],["n7362922676",1,4],["n291414851",4,3],["n307389116",2,1],["n35121257",5,8],["n35121261",6,9],["n35121265",10,9]],"stats":{"hvBefore":0,"hvAfter":2,"hvdBefore":10,"hvdAfter":10,"segs":10,"verts":11,"moved":6,"passes":3,"reverted":false,"proposed":0,"rounds":120,"clusterMoves":0,"groupsH":0,"groupsV":0,"comps":0,"fallback":0,"iters":2,"iterCap":20,"converged":true}},"octi":{"cellAfter":[["n8565947335",7,0],["n2547404990",9,2],["n3171195903",8,4],["n35121251",3,7],["n5907821374",2,6],["n7362922676",0,5],["n291414851",3,3],["n307389116",1,1],["n35121257",5,8],["n35121261",6,9],["n35121265",10,10]],"stats":{"hvBefore":0,"hvAfter":1,"hvdBefore":5,"hvdAfter":5,"segs":10,"verts":11,"moved":1,"passes":2,"reverted":false,"proposed":3,"revertedN":2,"batches":11,"settled":11,"rounds":0,"clusterMoves":0,"groupsH":0,"groupsV":0,"comps":0,"fallback":0,"iters":2,"iterCap":20,"converged":true}},"path":{"cellAfter":[["n8565947335",7,2],["n2547404990",8,2],["n3171195903",9,3],["n35121251",6,6],["n5907821374",2,6],["n7362922676",0,6],["n291414851",3,3],["n307389116",1,1],["n35121257",7,7],["n35121261",8,8],["n35121265",10,10]],"stats":{"hvBefore":0,"hvAfter":3,"hvdBefore":10,"hvdAfter":10,"segs":10,"verts":11,"moved":7,"passes":12,"reverted":false,"proposed":0,"revertedN":0,"batches":2,"chains":2,"links":4,"rounds":0,"clusterMoves":0,"groupsH":0,"groupsV":0,"comps":0,"fallback":0,"iters":4,"iterCap":20,"converged":true}},"sat":{"cellAfter":[["n8565947335",9,0],["n2547404990",10,0],["n3171195903",7,3],["n35121251",4,6],["n5907821374",0,6],["n7362922676",0,5],["n291414851",1,3],["n307389116",0,0],["n35121257",7,9],["n35121261",8,10],["n35121265",10,10]],"stats":{"hvBefore":0,"hvAfter":4,"hvdBefore":9,"hvdAfter":9,"segs":10,"verts":11,"moved":9,"passes":5,"reverted":true,"proposed":5,"comps":2,"fallback":0,"rounds":0,"clusterMoves":0,"groupsH":0,"groupsV":0,"iters":2,"iterCap":20,"converged":true}}},"layouts":{},"loops":{"hc":{"cellAfter":[["n8565947335",3,0],["n2547404990",3,1],["n3171195903",3,2],["n35121251",2,2],["n5907821374",1,2],["n7362922676",0,2],["n291414851",2,1],["n307389116",1,1],["n35121257",2,3],["n35121261",3,3],["n35121265",4,3]],"stats":{"hvBefore":0,"hvAfter":10,"segs":10,"verts":11,"moved":11,"lineMoved":2,"gatherMoved":1,"rounds":2,"roundCap":200,"converged":true,"fromCols":11,"fromRows":11,"cols":5,"rows":4},"cols":5,"rows":4},"stroke":{"cellAfter":[["n8565947335",3,0],["n2547404990",3,1],["n3171195903",3,2],["n35121251",1,3],["n5907821374",1,4],["n7362922676",0,4],["n291414851",1,2],["n307389116",0,2],["n35121257",2,3],["n35121261",3,3],["n35121265",4,3]],"stats":{"hvBefore":7,"hvAfter":9,"segs":10,"verts":11,"moved":4,"lineMoved":1,"gatherMoved":0,"rounds":2,"roundCap":200,"converged":true,"fromCols":11,"fromRows":11,"cols":5,"rows":5},"cols":5,"rows":5},"rect":{"cellAfter":[["n8565947335",2,0],["n2547404990",2,1],["n3171195903",2,2],["n35121251",2,3],["n5907821374",1,3],["n7362922676",0,3],["n291414851",0,2],["n307389116",0,1],["n35121257",2,4],["n35121261",2,5],["n35121265",2,6]],"stats":{"hvBefore":8,"hvAfter":9,"segs":10,"verts":11,"moved":3,"lineMoved":1,"gatherMoved":0,"rounds":3,"roundCap":200,"converged":true,"fromCols":11,"fromRows":11,"cols":3,"rows":7},"cols":3,"rows":7},"milp":{"cellAfter":[["n8565947335",3,0],["n2547404990",3,1],["n3171195903",1,1],["n35121251",1,3],["n5907821374",0,3],["n7362922676",0,2],["n291414851",0,1],["n307389116",0,0],["n35121257",1,4],["n35121261",2,4],["n35121265",3,4]],"stats":{"hvBefore":4,"hvAfter":9,"segs":10,"verts":11,"moved":6,"lineMoved":1,"gatherMoved":0,"rounds":2,"roundCap":200,"converged":true,"fromCols":11,"fromRows":11,"cols":4,"rows":5},"cols":4,"rows":5},"force":{"cellAfter":[["n8565947335",2,0],["n2547404990",3,0],["n3171195903",3,2],["n35121251",1,2],["n5907821374",0,2],["n7362922676",0,1],["n291414851",1,0],["n307389116",0,0],["n35121257",1,3],["n35121261",2,3],["n35121265",3,3]],"stats":{"hvBefore":2,"hvAfter":10,"segs":10,"verts":11,"moved":12,"lineMoved":3,"gatherMoved":2,"rounds":3,"roundCap":200,"converged":true,"fromCols":11,"fromRows":11,"cols":4,"rows":4},"cols":4,"rows":4},"lsq":{"cellAfter":[["n8565947335",2,0],["n2547404990",2,1],["n3171195903",2,2],["n35121251",1,2],["n5907821374",0,2],["n7362922676",0,1],["n291414851",1,1],["n307389116",1,0],["n35121257",1,3],["n35121261",1,4],["n35121265",2,4]],"stats":{"hvBefore":2,"hvAfter":10,"segs":10,"verts":11,"moved":9,"lineMoved":0,"gatherMoved":2,"rounds":3,"roundCap":200,"converged":true,"fromCols":11,"fromRows":11,"cols":3,"rows":5},"cols":3,"rows":5},"octi":{"cellAfter":[["n8565947335",3,0],["n2547404990",3,1],["n3171195903",3,2],["n35121251",2,2],["n5907821374",1,2],["n7362922676",0,2],["n291414851",2,1],["n307389116",1,1],["n35121257",2,3],["n35121261",3,3],["n35121265",4,3]],"stats":{"hvBefore":1,"hvAfter":10,"segs":10,"verts":11,"moved":11,"lineMoved":2,"gatherMoved":0,"rounds":2,"roundCap":200,"converged":true,"fromCols":11,"fromRows":11,"cols":5,"rows":4},"cols":5,"rows":4},"path":{"cellAfter":[["n8565947335",3,0],["n2547404990",4,0],["n3171195903",4,1],["n35121251",2,1],["n5907821374",1,1],["n7362922676",0,1],["n291414851",2,0],["n307389116",1,0],["n35121257",2,2],["n35121261",3,2],["n35121265",4,2]],"stats":{"hvBefore":3,"hvAfter":10,"segs":10,"verts":11,"moved":10,"lineMoved":1,"gatherMoved":1,"rounds":3,"roundCap":200,"converged":true,"fromCols":11,"fromRows":11,"cols":5,"rows":3},