{"algo":"hccells-v8","fingerprint":"1nwhpjo:rg1.15","cityId":"eu-ukr-kharkiv","variant":"orig","shapelike":false,"hc":{"cellAfter":[["n268473514",0,5],["n4363629723",1,0],["n267309437",2,4],["n267466050",3,2],["n267310306",4,6],["n267465957",5,3],["n267310326",6,7],["n267465960",7,1],["n1283748378",8,8]],"stats":{"verts":9,"segs":9,"hvAfter":0,"ms":0,"base":"grid"}},"posts":{"stroke":{"cellAfter":[["n267309437",2,2],["n267466050",3,2],["n267310306",4,4],["n268473514",2,5],["n267465957",4,2],["n267465960",5,2],["n4363629723",3,0],["n1283748378",7,5],["n267310326",6,4]],"stats":{"hvBefore":0,"hvAfter":6,"hvdBefore":8,"hvdAfter":8,"segs":9,"verts":9,"moved":8,"passes":16,"reverted":false,"proposed":12,"revertedN":0,"batches":4,"strokes":4,"substrokes":4,"rounds":0,"clusterMoves":0,"groupsH":0,"groupsV":0,"comps":0,"fallback":0,"iters":4,"iterCap":20,"converged":true}},"rect":{"cellAfter":[["n267309437",2,6],["n267466050",4,3],["n267310306",4,6],["n268473514",0,6],["n267465957",5,3],["n267465960",6,3],["n4363629723",4,0],["n1283748378",8,8],["n267310326",6,7]],"stats":{"before":495257.2145901262,"after":231278.69663158123,"rounds":4,"moved":5,"clusterMoves":1,"idealHop":1,"verts":9,"segs":9,"hvBefore":0,"hvAfter":6,"groupsH":0,"groupsV":0,"comps":0,"fallback":0,"passes":0,"reverted":false,"iters":2,"iterCap":20,"converged":true}},"milp":{"cellAfter":[["n267309437",0,3],["n267466050",3,3],["n267310306",3,6],["n268473514",0,5],["n267465957",6,3],["n267465960",8,3],["n4363629723",3,0],["n1283748378",8,8],["n267310326",5,8]],"stats":{"hvBefore":0,"hvAfter":7,"hvdBefore":9,"hvdAfter":9,"segs":9,"verts":9,"moved":7,"passes":3,"reverted":false,"proposed":0,"comps":2,"fallback":0,"rounds":0,"clusterMoves":0,"groupsH":0,"groupsV":0,"iters":2,"iterCap":20,"converged":true}},"force":{"cellAfter":[["n267309437",0,2],["n267466050",1,2],["n267310306",4,6],["n268473514",0,5],["n267465957",5,3],["n267465960",5,1],["n4363629723",1,0],["n1283748378",6,8],["n267310326",4,8]],"stats":{"hvBefore":0,"hvAfter":6,"hvdBefore":7,"hvdAfter":7,"segs":9,"verts":9,"moved":5,"passes":12,"reverted":false,"proposed":8,"revertedN":1,"batches":9,"rounds":120,"clusterMoves":0,"groupsH":0,"groupsV":0,"comps":0,"fallback":0,"iters":3,"iterCap":20,"converged":true}},"lsq":{"cellAfter":[["n267309437",2,4],["n267466050",4,2],["n267310306",4,6],["n268473514",1,4],["n267465957",7,2],["n267465960",7,1],["n4363629723",2,0],["n1283748378",7,8],["n267310326",5,7]],"stats":{"hvBefore":0,"hvAfter":4,"hvdBefore":8,"hvdAfter":8,"segs":9,"verts":9,"moved":6,"passes":7,"reverted":false,"proposed":0,"rounds":240,"clusterMoves":0,"groupsH":0,"groupsV":0,"comps":0,"fallback":0,"iters":4,"iterCap":20,"converged":true}},"octi":{"cellAfter":[["n267309437",2,4],["n267466050",2,2],["n267310306",4,6],["n268473514",0,4],["n267465957",5,2],["n267465960",7,2],["n4363629723",1,0],["n1283748378",8,7],["n267310326",5,7]],"stats":{"hvBefore":0,"hvAfter":5,"hvdBefore":7,"hvdAfter":7,"segs":9,"verts":9,"moved":6,"passes":12,"reverted":false,"proposed":0,"revertedN":0,"batches":9,"settled":9,"rounds":0,"clusterMoves":0,"groupsH":0,"groupsV":0,"comps":0,"fallback":0,"iters":2,"iterCap":20,"converged":true}},"path":{"cellAfter":[["n267309437",2,3],["n267466050",3,3],["n267310306",5,6],["n268473514",0,5],["n267465957",5,3],["n267465960",7,3],["n4363629723",1,0],["n1283748378",8,8],["n267310326",6,7]],"stats":{"hvBefore":0,"hvAfter":3,"hvdBefore":6,"hvdAfter":6,"segs":9,"verts":9,"moved":4,"passes":4,"reverted":false,"proposed":0,"revertedN":0,"batches":2,"chains":3,"links":3,"rounds":0,"clusterMoves":0,"groupsH":0,"groupsV":0,"comps":0,"fallback":0,"iters":2,"iterCap":20,"converged":true}},"sat":{"cellAfter":[["n267309437",0,3],["n267466050",3,3],["n267310306",3,6],["n268473514",0,5],["n267465957",6,3],["n267465960",8,3],["n4363629723",3,0],["n1283748378",8,8],["n267310326",5,8]],"stats":{"hvBefore":0,"hvAfter":7,"hvdBefore":9,"hvdAfter":9,"segs":9,"verts":9,"moved":7,"passes":3,"reverted":false,"proposed":0,"comps":2,"fallback":0,"rounds":0,"clusterMoves":0,"groupsH":0,"groupsV":0,"iters":2,"iterCap":20,"converged":true}}},"layouts":{},"loops":{"hc":{"cellAfter":[["n267309437",1,2],["n267466050",1,1],["n267310306",2,2],["n268473514",0,2],["n267465957",2,1],["n267465960",2,0],["n4363629723",1,0],["n1283748378",3,3],["n267310326",3,2]],"stats":{"hvBefore":0,"hvAfter":8,"segs":9,"verts":9,"moved":7,"lineMoved":1,"gatherMoved":0,"rounds":2,"roundCap":200,"converged":true,"fromCols":9,"fromRows":9,"cols":4,"rows":4,"emptyCols":[],"emptyRows":[],"dense":true},"cols":4,"rows":4},"stroke":{"cellAfter":[["n267309437",1,2],["n267466050",1,1],["n267310306",2,2],["n268473514",0,2],["n267465957",2,1],["n267465960",3,1],["n4363629723",1,0],["n1283748378",4,2],["n267310326",3,2]],"stats":{"hvBefore":6,"hvAfter":8,"segs":9,"verts":9,"moved":3,"lineMoved":0,"gatherMoved":1,"rounds":2,"roundCap":200,"converged":true,"fromCols":9,"fromRows":9,"cols":5,"rows":3,"emptyCols":[],"emptyRows":[],"dense":true},"cols":5,"rows":3},"rect":{"cellAfter":[["n267309437",1,2],["n267466050",2,1],["n267310306",2,2],["n268473514",0,2],["n267465957",3,1],["n267465960",4,1],["n4363629723",2,0],["n1283748378",3,3],["n267310326",3,2]],"stats":{"hvBefore":6,"hvAfter":8,"segs":9,"verts":9,"moved":2,"lineMoved":1,"gatherMoved":0,"rounds":2,"roundCap":200,"converged":true,"fromCols":9,"fromRows":9,"cols":5,"rows":4,"emptyCols":[],"emptyRows":[],"dense":true},"cols":5,"rows":4},"milp":{"cellAfter":[["n267309437",0,1],["n267466050",1,1],["n267310306",1,2],["n268473514",0,2],["n267465957",3,1],["n267465960",4,1],["n4363629723",1,0],["n1283748378",3,2],["n267310326",2,2]],"stats":{"hvBefore":7,"hvAfter":8,"segs":9,"verts":9,"moved":2,"lineMoved":1,"gatherMoved":0,"rounds":2,"roundCap":200,"converged":true,"fromCols":9,"fromRows":9,"cols":5,"rows":3,"emptyCols":[],"emptyRows":[],"dense":true},"cols":5,"rows":3},"force":{"cellAfter":[["n267309437",0,1],["n267466050",1,1],["n267310306",1,2],["n268473514",0,2],["n267465957",2,1],["n267465960",2,0],["n4363629723",1,0],["n1283748378",3,2],["n267310326",2,2]],"stats":{"hvBefore":6,"hvAfter":8,"segs":9,"verts":9,"moved":5,"lineMoved":2,"gatherMoved":0,"rounds":2,"roundCap":200,"converged":true,"fromCols":9,"fromRows":9,"cols":4,"rows":3,"emptyCols":[],"emptyRows":[],"dense":true},"cols":4,"rows":3},"lsq":{"cellAfter":[["n267309437",0,1],["n267466050",1,1],["n267310306",1,2],["n268473514",0,2],["n267465957",2,1],["n267465960",2,0],["n4363629723",1,0],["n1283748378",2,3],["n267310326",2,2]],"stats":{"hvBefore":4,"hvAfter":8,"segs":9,"verts":9,"moved":4,"lineMoved":2,"gatherMoved":0,"rounds":2,"roundCap":200,"converged":true,"fromCols":9,"fromRows":9,"cols":3,"rows":4,"emptyCols":[],"emptyRows":[],"dense":true},"cols":3,"rows":4},"octi":{"cellAfter":[["n267309437",1,1],["n267466050",1,0],["n267310306",2,1],["n268473514",0,1],["n267465957",2,0],["n267465960",3,0],["n4363629723",0,0],["n1283748378",3,2],["n267310326",2,2]],"stats":{"hvBefore":5,"hvAfter":8,"segs":9,"verts":9,"moved":4,"lineMoved":0,"gatherMoved":0,"rounds":2,"roundCap":200,"converged":true,"fromCols":9,"fromRows":9,"cols":4,"rows":3,"emptyCols":[],"emptyRows":[],"dense":true},"cols":4,"rows":3},"path":{"cellAfter":[["n267309437",1,1],["n267466050",1,0],["n267310306",2,1],["n268473514",0,1],["n267465957",2,0],["n267465960",3,0],["n4363629723",0,0],["n1283748378",3,2],["n267310326",2,2]],"stats":{"hvBefore":3,"hvAfter":8,"segs":9,"verts":9,"moved":6,"lineMoved":1,"gatherMoved":1,"rounds":2,"roundCap":200,"converged":true,"fromCols":9,"fromRows":9,"cols":4,"rows":3,"emptyCols":[],"emptyRows":[],"dense":true},"cols":4,"rows":3},"sat":{"cellAfter":[["n267309437",0,1],["n267466050",1,1],["n267310306",1,2],["n268473514",0,2],["n267465957",3,1],["n267465960",4,1],["n4363629723",1,0],["n1283748378",3,2],["n267310326",2,2]],"stats":{"hvBefore":7,"hvAfter":8,"segs":9,"verts":9,"moved":2,"lineMoved":1,"gatherMoved":0,"rounds":2,"roundCap":200,"converged":true,"fromCols":9,