{"algo":"hccells-v8","fingerprint":"1nwhpjo:rg1.15","cityId":"eu-ukr-kharkiv","variant":"rot","shapelike":false,"hc":{"cellAfter":[["n4363629723",0,1],["n268473514",1,8],["n267466050",2,4],["n267309437",3,6],["n267310306",4,7],["n267465957",5,2],["n267465960",6,0],["n267310326",7,5],["n1283748378",8,3]],"stats":{"verts":9,"segs":9,"hvAfter":0,"ms":0,"base":"grid"}},"posts":{"stroke":{"cellAfter":[["n267309437",2,6],["n267466050",2,4],["n267310306",4,6],["n268473514",2,8],["n267465957",3,4],["n267465960",4,4],["n4363629723",2,1],["n1283748378",8,6],["n267310326",7,6]],"stats":{"hvBefore":0,"hvAfter":8,"hvdBefore":9,"hvdAfter":9,"segs":9,"verts":9,"moved":8,"passes":20,"reverted":false,"proposed":10,"revertedN":0,"batches":4,"strokes":4,"substrokes":4,"rounds":0,"clusterMoves":0,"groupsH":0,"groupsV":0,"comps":0,"fallback":0,"iters":5,"iterCap":20,"converged":true}},"rect":{"cellAfter":[["n267309437",2,7],["n267466050",2,4],["n267310306",3,5],["n268473514",2,8],["n267465957",4,2],["n267465960",6,0],["n4363629723",0,4],["n1283748378",8,5],["n267310326",6,5]],"stats":{"before":563884.2002527175,"after":267089.23696170206,"rounds":3,"moved":7,"clusterMoves":0,"idealHop":1,"verts":9,"segs":9,"hvBefore":0,"hvAfter":5,"groupsH":0,"groupsV":0,"comps":0,"fallback":0,"passes":0,"reverted":false,"iters":2,"iterCap":20,"converged":true}},"milp":{"cellAfter":[["n267309437",2,7],["n267466050",2,4],["n267310306",5,7],["n268473514",0,7],["n267465957",5,2],["n267465960",7,0],["n4363629723",0,1],["n1283748378",8,2],["n267310326",7,5]],"stats":{"hvBefore":0,"hvAfter":3,"hvdBefore":6,"hvdAfter":6,"segs":9,"verts":9,"moved":5,"passes":4,"reverted":true,"proposed":2,"comps":2,"fallback":0,"rounds":0,"clusterMoves":0,"groupsH":0,"groupsV":0,"iters":2,"iterCap":20,"converged":true}},"force":{"cellAfter":[["n267309437",3,6],["n267466050",0,2],["n267310306",4,7],["n268473514",0,6],["n267465957",3,0],["n267465960",6,0],["n4363629723",0,1],["n1283748378",8,3],["n267310326",5,3]],"stats":{"hvBefore":0,"hvAfter":4,"hvdBefore":5,"hvdAfter":5,"segs":9,"verts":9,"moved":4,"passes":8,"reverted":false,"proposed":9,"revertedN":1,"batches":9,"rounds":80,"clusterMoves":0,"groupsH":0,"groupsV":0,"comps":0,"fallback":0,"iters":2,"iterCap":20,"converged":true}},"lsq":{"cellAfter":[["n267309437",3,6],["n267466050",2,4],["n267310306",4,7],["n268473514",2,8],["n267465957",4,2],["n267465960",6,0],["n4363629723",0,2],["n1283748378",8,3],["n267310326",7,4]],"stats":{"hvBefore":0,"hvAfter":0,"hvdBefore":6,"hvdAfter":6,"segs":9,"verts":9,"moved":4,"passes":3,"reverted":false,"proposed":1,"rounds":120,"clusterMoves":0,"groupsH":0,"groupsV":0,"comps":0,"fallback":0,"iters":2,"iterCap":20,"converged":true}},"octi":{"cellAfter":[["n267309437",3,6],["n267466050",3,4],["n267310306",4,7],["n268473514",1,8],["n267465957",5,2],["n267465960",6,0],["n4363629723",0,1],["n1283748378",8,3],["n267310326",7,5]],"stats":{"hvBefore":0,"hvAfter":1,"hvdBefore":5,"hvdAfter":5,"segs":9,"verts":9,"moved":1,"passes":2,"reverted":false,"proposed":0,"revertedN":0,"batches":9,"settled":9,"rounds":0,"clusterMoves":0,"groupsH":0,"groupsV":0,"comps":0,"fallback":0,"iters":2,"iterCap":20,"converged":true}},"path":{"cellAfter":[["n267309437",2,3],["n267466050",3,3],["n267310306",3,7],["n268473514",2,8],["n267465957",5,3],["n267465960",7,3],["n4363629723",0,1],["n1283748378",8,5],["n267310326",7,5]],"stats":{"hvBefore":0,"hvAfter":6,"hvdBefore":6,"hvdAfter":6,"segs":9,"verts":9,"moved":7,"passes":9,"reverted":false,"proposed":1,"revertedN":0,"batches":2,"chains":3,"links":3,"rounds":0,"clusterMoves":0,"groupsH":0,"groupsV":0,"comps":0,"fallback":0,"iters":3,"iterCap":20,"converged":true}},"sat":{"cellAfter":[["n267309437",2,7],["n267466050",2,4],["n267310306",5,7],["n268473514",0,7],["n267465957",5,2],["n267465960",7,0],["n4363629723",0,1],["n1283748378",8,2],["n267310326",7,5]],"stats":{"hvBefore":0,"hvAfter":3,"hvdBefore":6,"hvdAfter":6,"segs":9,"verts":9,"moved":5,"passes":4,"reverted":true,"proposed":2,"comps":2,"fallback":0,"rounds":0,"clusterMoves":0,"groupsH":0,"groupsV":0,"iters":2,"iterCap":20,"converged":true}}},"layouts":{},"loops":{"hc":{"cellAfter":[["n267309437",1,2],["n267466050",1,1],["n267310306",2,2],["n268473514",0,2],["n267465957",2,1],["n267465960",2,0],["n4363629723",0,1],["n1283748378",3,1],["n267310326",3,2]],"stats":{"hvBefore":0,"hvAfter":8,"segs":9,"verts":9,"moved":8,"lineMoved":1,"gatherMoved":0,"rounds":2,"roundCap":200,"converged":true,"fromCols":9,"fromRows":9,"cols":4,"rows":3,"emptyCols":[],"emptyRows":[],"dense":true},"cols":4,"rows":3},"stroke":{"cellAfter":[["n267309437",0,2],["n267466050",0,1],["n267310306",1,2],["n268473514",0,3],["n267465957",1,1],["n267465960",2,1],["n4363629723",0,0],["n1283748378",3,2],["n267310326",2,2]],"stats":{"hvBefore":8,"hvAfter":8,"segs":9,"verts":9,"moved":1,"lineMoved":0,"gatherMoved":1,"rounds":2,"roundCap":200,"converged":true,"fromCols":9,"fromRows":9,"cols":4,"rows":4,"emptyCols":[],"emptyRows":[],"dense":true},"cols":4,"rows":4},"rect":{"cellAfter":[["n267309437",1,2],["n267466050",1,1],["n267310306",2,2],["n268473514",1,3],["n267465957",2,1],["n267465960",2,0],["n4363629723",0,1],["n1283748378",4,2],["n267310326",3,2]],"stats":{"hvBefore":5,"hvAfter":8,"segs":9,"verts":9,"moved":2,"lineMoved":1,"gatherMoved":0,"rounds":2,"roundCap":200,"converged":true,"fromCols":9,"fromRows":9,"cols":5,"rows":4,"emptyCols":[],"emptyRows":[],"dense":true},"cols":5,"rows":4},"milp":{"cellAfter":[["n267309437",1,3],["n267466050",1,2],["n267310306",2,3],["n268473514",0,3],["n267465957",1,1],["n267465960",1,0],["n4363629723",0,2],["n1283748378",2,1],["n267310326",2,2]],"stats":{"hvBefore":3,"hvAfter":8,"segs":9,"verts":9,"moved":6,"lineMoved":1,"gatherMoved":1,"rounds":2,"roundCap":200,"converged":true,"fromCols":9,"fromRows":9,"cols":3,"rows":4,"emptyCols":[],"emptyRows":[],"dense":true},"cols":3,"rows":4},"force":{"cellAfter":[["n267309437",0,2],["n267466050",0,1],["n267310306",1,2],["n268473514",0,3],["n267465957",1,1],["n267465960",2,1],["n4363629723",0,0],["n1283748378",3,2],["n267310326",2,2]],"stats":{"hvBefore":4,"hvAfter":8,"segs":9,"verts":9,"moved":5,"lineMoved":2,"gatherMoved":0,"rounds":2,"roundCap":200,"converged":true,"fromCols":9,"fromRows":9,"cols":4,"rows":4,"emptyCols":[],"emptyRows":[],"dense":true},"cols":4,"rows":4},"lsq":{"cellAfter":[["n267309437",1,2],["n267466050",1,1],["n267310306",2,1],["n268473514",1,3],["n267465957",1,0],["n267465960",2,0],["n4363629723",0,1],["n1283748378",3,0],["n267310326",3,1]],"stats":{"hvBefore":0,"hvAfter":8,"segs":9,"verts":9,"moved":7,"lineMoved":1,"gatherMoved":0,"rounds":2,"roundCap":200,"converged":true,"fromCols":9,"fromRows":9,"cols":4,"rows":4,"emptyCols":[],"emptyRows":[],"dense":true},"cols":4,"rows":4},"octi":{"cellAfter":[["n267309437",1,2],["n267466050",1,1],["n267310306",2,2],["n268473514",0,2],["n267465957",2,1],["n267465960",2,0],["n4363629723",0,1],["n1283748378",3,1],["n267310326",3,2]],"stats":{"hvBefore":1,"hvAfter":8,"segs":9,"verts":9,"moved":8,"lineMoved":1,"gatherMoved":0,"rounds":2,"roundCap":200,"converged":true,"fromCols":9,"fromRows":9,"cols":4,"rows":3,"emptyCols":[],"emptyRows":[],"dense":true},"cols":4,"rows":3},"path":{"cellAfter":[["n267309437",0,1],["n267466050",1,1],["n267310306",1,2],["n268473514",0,2],["n267465957",2,1],["n267465960",3,1],["n4363629723",1,0],["n1283748378",4,2],["n267310326",3,2]],"stats":{"hvBefore":6,"hvAfter":8,"segs":9,"verts":9,"moved":4,"lineMoved":0,"gatherMoved":0,"rounds":2,"roundCap":200,"converged":true,"fromCols":9,"fromRows":9,"cols":5,"rows":3,"emptyCols":[],"emptyRows":[],"dense":true},"cols":5,"rows":3},"sat":{"cellAfter":[["n267309437",1,3],["n267466050",1,2],["n267310306",2,3],["n268473514",0,3],["n267465957",1,1],["n267465960",1,0],["n4363629723",0,2],["n1283748378",2,1],["n267310326",2,2]],"stats":{"hvBefore":3,"hvAfter":8,"segs":9,"verts":9,"moved":6,"lineMoved":1,"gatherMoved":1,"rounds":2,"roundCap":200,"converged":true,"fromCols":9,"fromRows":9,