{"generated_at":null,"coords":{"oc-aus-melbourne-tram":[145.0264,-37.79677],"am-usa-new-york-city":[-74.00335,40.70804],"eu-gbr-london":[-0.17962,51.55384],"eu-ger-berlin":[13.48782,52.52521],"eu-ger-frankfurt":[8.58687,50.08277],"eu-ger-munich":[11.50336,48.14908],"as-jpn-tokyo":[139.78584,35.68961],"af-rsa-johannesburg":[28.06064,-26.08415],"eu-fra-paris":[2.35433,48.83716],"oc-aus-melbourne":[145.08382,-37.97661],"oc-aus-sydney":[150.96002,-33.86665],"eu-ger-dusseldorf":[6.72528,51.24695],"as-chn-chongqing":[106.43965,29.57868],"as-chn-shanghai":[121.44282,31.15966],"as-chn-shenzhen":[114.08696,22.64158],"as-kor-seoul":[127.12279,37.4352],"as-chn-beijing":[116.35927,39.87789],"am-usa-chicago":[-87.75453,41.89762],"as-chn-hong-kong":[114.10266,22.38509],"as-chn-chengdu":[104.22898,30.4697],"af-rsa-cape-town":[18.7092,-33.85842],"as-chn-guangzhou":[113.45508,23.13548],"eu-ger-nuremberg":[10.80961,49.51969],"as-chn-hangzhou":[120.20218,30.28291],"eu-ger-hamburg":[9.89616,53.58249],"eu-esp-madrid":[-3.66096,40.42107],"as-jpn-hiroshima":[132.39096,34.39376],"as-twn-taipei":[121.43054,25.06581],"eu-rus-moscow":[37.60769,55.7299],"as-sgp-singapore":[103.81265,1.35722],"oc-aus-brisbane":[152.99608,-27.25741],"eu-esp-barcelona":[2.13975,41.37529],"as-chn-wuhan":[114.32214,30.57915],"am-usa-boston":[-71.12199,42.32274],"as-chn-tianjin":[117.44995,39.12617],"as-chn-nanjing":[118.84259,31.90536],"eu-swe-stockholm":[17.97286,59.3253],"oc-aus-adelaide":[138.61585,-34.89185],"af-rsa-durban":[30.89229,-29.85263],"eu-nor-oslo":[10.71568,59.91467],"as-chn-zhengzhou":[113.6816,34.46557],"am-usa-washington-d-c":[-77.16798,38.94321],"eu-esp-xirivella":[-0.46038,39.35163],"as-ind-delhi":[77.1674,28.54232],"am-usa-los-angeles":[-118.12178,33.96845],"as-tur-istanbul":[29.01207,41.06905],"as-jpn-osaka":[135.57136,34.69384],"as-chn-suzhou":[120.774,31.2865],"oc-aus-perth":[115.82853,-32.02947],"am-usa-san-francisco-bay-area":[-122.12458,37.6937],"am-mex-mexico-city":[-99.08846,19.4103],"am-chi-santiago":[-70.6375,-33.48118],"as-chn-xi-an":[108.94202,34.31831],"eu-ita-milan":[9.26109,45.47352],"eu-ned-rotterdam":[4.35308,51.95783],"eu-ger-bielefeld":[8.55615,52.02242],"eu-rou-bucharest":[26.10023,44.42485],"am-can-vancouver":[-122.98508,49.23033],"af-tun-tunis":[10.19943,36.80132],"am-ven-caracas":[-66.92062,10.42834],"as-chn-hefei":[117.28468,31.87699],"as-chn-fuzhou":[119.4205,26.01672],"oc-nzl-auckland":[174.76158,-37.02435],"eu-ned-amsterdam":[4.91156,52.34886],"eu-bel-brussels":[4.3656,50.85453],"am-usa-philadelphia":[-75.12963,39.93761],"am-bra-sao-paulo":[-46.61957,-23.56965],"as-iri-tehran":[51.26207,35.60625],"as-chn-kunming":[102.77041,24.97002],"as-chn-changsha":[113.02179,28.15467],"as-chn-qingdao":[120.23306,36.07489],"as-chn-nanning":[108.31749,22.80712],"as-qat-doha":[51.48155,25.3039],"as-chn-ningbo":[121.64244,29.82066],"eu-den-copenhagen":[12.57061,55.66561],"am-usa-atlanta":[-84.34986,33.79292],"as-aze-baku":[49.86664,40.39596],"as-chn-dalian":[121.57029,39.11607],"as-ksa-riyadh":[46.70215,24.76058],"am-can-toronto":[-79.39986,43.71573],"am-arg-buenos-aires":[-58.42833,-34.59935],"eu-rus-saint-petersburg":[30.35122,59.94349],"as-jpn-nagoya":[136.93739,35.15833],"as-jpn-sapporo":[141.37598,43.05209],"as-mas-kuala-lumpur":[101.67758,3.08131],"as-jpn-yokohama":[139.55899,35.48237],"as-ind-mumbai":[72.87819,19.09561],"as-chn-shenyang":[123.39438,41.79258],"oc-nzl-wellington":[175.21765,-41.10968],"as-chn-jinan":[117.13498,36.6746],"eu-aut-vienna":[16.38462,48.20405],"eu-ita-rome":[12.5614,41.88684],"am-bra-rio-de-janeiro":[-43.27058,-22.90658],"eu-bul-sofia":[23.32896,42.68498],"am-bra-recife":[-34.95031,-8.09654],"af-egy-cairo":[31.30289,30.00654],"as-tur-ankara":[32.71845,39.94327],"as-chn-changchun":[125.35422,43.85652],"as-chn-wuxi":[120.33307,31.68195],"af-eth-addis-ababa":[38.79734,8.98814],"eu-esp-bilbao":[-2.95985,43.31875],"as-ind-kolkata":[88.36956,22.5532],"am-bol-cochabamba":[-66.22494,-17.43588],"as-chn-wenzhou":[120.78186,27.94444],"af-mar-rabat":[-6.81275,34.0184],"am-can-montreal":[-73.6219,45.52131],"eu-ger-essen":[6.9497,51.46367],"eu-fra-lyon":[4.86313,45.74352],"af-alg-algiers":[3.15696,36.74576],"eu-por-lisbon":[-9.16192,38.7497],"as-uae-dubai":[55.24617,25.12071],"as-tha-bangkok":[100.52737,13.75003],"eu-hun-budapest":[19.08412,47.51203],"as-uzb-tashkent":[69.28039,41.29147],"eu-fin-helsinki":[24.88941,60.19035],"as-chn-nanchang":[115.89504,28.69142],"as-chn-xuzhou":[117.20264,34.23748],"as-ind-chennai":[80.23659,13.08239],"as-tur-bursa":[29.03851,40.22736],"as-chn-guiyang":[106.64336,26.53964],"as-ind-ahmedabad":[72.59628,23.11783],"as-chn-shaoxing":[120.49205,30.04954],"af-mar-casablanca":[-7.59118,33.57258],"af-alg-sidi-bel-abbes":[-0.63269,35.20642],"am-mex-guadalajara":[-103.35626,20.60489],"eu-cze-prague":[14.43396,50.07726],"eu-blr-minsk":[27.56238,53.89383],"as-phi-manila":[121.05136,14.57139],"eu-ukr-kyiv":[30.52558,50.44484],"eu-fra-toulouse":[1.43753,43.59808],"eu-ukr-kharkiv":[36.2903,50.00301],"eu-ita-naples":[14.23764,40.8992],"eu-gre-athens":[23.79228,37.98303],"am-usa-miami":[-80.25976,25.76543],"as-ind-bengaluru":[77.60958,12.93842],"as-jpn-fukuoka":[130.38463,33.58892],"as-kor-busan":[129.06829,35.19341],"am-mex-monterrey":[-100.30694,25.71827],"as-twn-kaohsiung":[120.33277,22.67851],"as-ind-hyderabad":[78.46662,17.42424],"as-chn-harbin":[126.63418,45.73782],"as-chn-shijiazhuang":[114.52726,38.06356],"am-pan-panama-city":[-79.4515,9.03306],"as-chn-xiamen":[118.10337,24.54985],"as-chn-macau":[113.55203,22.15754],"am-bra-brasilia":[-48.00298,-15.83346],"eu-fra-rennes":[-1.66565,48.10897],"eu-ger-ratingen":[6.88246,51.36493],"as-geo-tbilisi":[44.7947,41.73828],"as-iri-mashhad":[59.57297,36.30214],"eu-fra-lille":[3.07764,50.67442],"eu-rus-nizhny-novgorod":[43.92602,56.28866],"as-arm-yerevan":[44.49536,40.16881],"as-jpn-kyoto":[135.76667,34.99838],"as-prk-pyongyang":[125.75834,39.04007],"am-dom-santo-domingo":[-69.93405,18.49877],"am-per-lima":[-76.97311,-12.08338],"am-col-medellin":[-75.5853,6.24532],"as-jpn-kobe":[135.10665,34.70663],"eu-rus-novosibirsk":[82.93489,55.02125],"eu-pol-warsaw":[20.99028,52.21283],"am-bra-salvador":[-38.42667,-12.93999],"as-iri-shiraz":[52.52691,29.61917],"as-jpn-sendai":[140.89192,38.26883],"as-chn-lanzhou":[103.78783,36.06691],"as-chn-urumqi":[87.54525,43.84056],"eu-fra-marseille":[5.39853,43.30196],"as-chn-dongguan":[113.80796,22.96829],"as-kor-incheon":[126.69286,37.49026],"as-kor-daegu":[128.62732,35.85406],"af-ngr-abuja":[7.37209,9.08025],"as-ind-nagpur":[79.07529,21.11757],"as-vie-hanoi":[105.78156,21.00119],"as-chn-changzhou":[119.977,31.76832],"as-chn-hohhot":[111.69312,40.81108],"af-mri-port-louis":[57.49202,-20.2395],"as-chn-jinhua":[119.96695,29.23268],"as-chn-taiyuan":[112.53297,37.81111],"as-chn-luoyang":[112.43244,34.65173],"as-chn-foshan":[113.15708,22.98489],"as-ind-pune":[73.85592,18.56453],"as-chn-wuhu":[118.42723,31.36448],"af-alg-mostaganem":[0.0856,35.94949],"am-bra-porto-alegre":[-51.18057,-29.85649],"as-chn-nantong":[120.86294,32.01021],"eu-ger-bochum":[7.24182,51.49975],"eu-sui-lausanne":[6.64406,46.52509],"eu-rus-samara":[50.14159,53.21076],"eu-gbr-glasgow":[-4.282,55.86239],"eu-esp-seville":[-5.99153,37.3562],"eu-ita-turin":[7.63507,45.04668],"am-bra-belo-horizonte":[-43.97603,-19.88357],"eu-rus-kazan":[49.1505,55.79974],"eu-ukr-dnipro":[34.97215,48.47758],"am-usa-baltimore":[-76.68707,39.34843],"as-jpn-saitama-prefecture":[139.73784,35.83863],"am-usa-san-juan":[-66.10281,18.41346],"as-tur-izmir":[27.10998,38.42884],"eu-aut-bezirk-landeck":[10.60575,47.03941],"eu-ita-brescia":[10.24632,45.54559],"eu-rus-yekaterinburg":[60.61535,56.84942],"as-ind-gurgaon":[77.09663,28.46205],"am-bra-fortaleza":[-38.57985,-3.80744],"as-ind-jaipur":[75.78851,26.90295],"as-kaz-almaty":[76.89315,43.24381],"as-iri-isfahan":[51.6753,32.60273],"as-iri-karaj":[50.97448,35.81134],"eu-gre-thessaloniki":[22.9488,40.61861],"as-iri-tabriz":[46.29746,38.04833],